"SampleID","Collinsella","Blautia","Romboutsia","Clostridium sensu stricto 1","Catenibacterium","Bifidobacterium","Dorea","Holdemanella","Erysipelotrichaceae UCG-003","Subdoligranulum","[Ruminococcus] torques group","Ruminococcus","[Eubacterium] hallii group","Turicibacter","Streptococcus","Terrisporobacter","Senegalimassilia","Enterococcus","Anaerostipes","Mogibacterium","Intestinibacter","Ligilactobacillus","Agathobacter","Escherichia-Shigella","[Ruminococcus] gauvreauii group","Sarcina","Solobacterium","Fusicatenibacter","Faecalibacterium","Akkermansia","Prevotella_9","CAG-352","Family XIII AD3011 group","UCG-002","Peptococcus","Actinomyces","Coprococcus","Enterorhabdus","Erysipelatoclostridium","Weissella","Paraclostridium","Limosilactobacillus","Libanicoccus","Slackia","Marvinbryantia","Dialister","Klebsiella","Christensenellaceae R-7 group","Bacteroides","Lactiplantibacillus","Eggerthella","Anaerococcus","Lactobacillus","Bacillus","Succinivibrio","Butyricicoccus","Monoglobus","Howardella","Lachnospiraceae NK4A136 group","Roseburia","Gordonibacter","[Eubacterium] ruminantium group","[Eubacterium] siraeum group","Gemella","Prevotella_7","UCG-005","Parvimonas","Incertae Sedis","Intestinimonas","Lachnospiraceae FCS020 group","Treponema","[Ruminococcus] gnavus group","Lactococcus","Rothia","Alloprevotella","Colidextribacter","Lachnospiraceae ND3007 group","Peptostreptococcus","[Clostridium] innocuum group","NK4A214 group","Catenisphaera","Robinsoniella","[Eubacterium] eligens group","Peptoniphilus","UCG-003","Chungangia","Eubacterium","Granulicatella","Corynebacterium","Parabacteroides","CHKCI002","[Eubacterium] ventriosum group","Prevotella","CAG-56","Rikenellaceae RC9 gut group","Erysipelotrichaceae UCG-006","Raoultibacter","Alistipes","Lachnospiraceae UCG-001","Adlercreutzia","Ureibacillus","UCG-009","Brevibacillus","Phascolarctobacterium","Desulfovibrio","Lachnospiraceae NK3A20 group","Olsenella","Lachnospiraceae AC2044 group","Haemophilus","Fusobacterium","Mitsuokella","Lachnoclostridium","Lachnospira","Oribacterium","Pseudoscardovia","[Eubacterium] xylanophilum group","Hungatella","CAG-873","HT002","Finegoldia","Fournierella","Lachnospiraceae UCG-003","Negativibacillus","Atopobium","Faecalitalea","[Eubacterium] nodatum group","UBA1819","Veillonella","Pygmaiobacter","Tyzzerella","Faecalicoccus","Lachnospiraceae NK4B4 group","Vagococcus","S5-A14a","Coprobacillus","Megasphaera","Family XIII UCG-001","[Bacteroides] pectinophilus group","Flavonifractor","Lachnospiraceae UCG-010","F0332","Staphylococcus","Oscillibacter","Anaerosporobacter","Cellulosilyticum","Ruminobacter","Parvibacter","Fenollaria","Pediococcus","Lachnospiraceae UCG-004","Sutterella","Odoribacter","Paeniclostridium","Clostridium sensu stricto 6","Leuconostoc","Anaerofustis","Mannheimia","Paludicola","Elusimicrobium","Kurthia","Succiniclasticum","Megamonas","Geobacillus","Mobiluncus","Oxalobacter","Defluviitaleaceae UCG-011","[Eubacterium] brachy group","Lactonifactor","Butyricimonas","Enorma","Pseudobutyrivibrio","Companilactobacillus","Arcanobacterium","GCA-900066575","[Eubacterium] saphenum group","Bilophila","Allisonella","Syntrophococcus","Porphyromonas","Neisseria","dgA-11 gut group","Scardovia","Oscillospira","Lachnospiraceae UCG-007","Shuttleworthia","Varibaculum","Liquorilactobacillus","Clostridium sensu stricto 18","Prevotellaceae NK3B31 group","Aggregatibacter","Fructobacillus","Gardnerella","Lachnotalea","Victivallis","Solibacillus","Murdochiella","Holdemania","Levilactobacillus","Angelakisella","Pseudocitrobacter","Fastidiosipila","Lachnospiraceae UCG-002","Caproiciproducens","Prevotellaceae UCG-003","Bulleidia","Clostridioides","Barnesiella","Lapidilactobacillus","Sellimonas","Lysinibacillus","Campylobacter","Peptoclostridium","Candidatus Stoquefichus","UCG-004","DNF00809","Cloacibacillus","Facklamia","Kocuria","Hathewaya","Eggerthia","Enteroscipio","Moryella","Anaerosalibacter","Clostridium sensu stricto 11","Dielma","Abiotrophia","Brochothrix","Ezakiella","Candidatus Soleaferrea","DTU089","Tuzzerella","Macrococcus","UCG-008","Sneathia","Parasutterella","Franconibacter","Prevotellaceae UCG-004","Anaeroplasma","[Eubacterium] fissicatena group","Denitrobacterium","Synergistes","Anaerovibrio","Cetobacterium","Erysipelothrix","Comamonas","Pseudomonas","Epulopiscium","DEV114","Mailhella","Incertae Sedis.1","Proteus","Stomatobaculum","Sporobacter","Tepidimicrobium","Pseudonocardia","Brachybacterium","Parascardovia","Pseudoramibacter","Alloscardovia","Lacticaseibacillus","Mageeibacillus","Curtobacterium","Frisingicoccus","Paenibacillus","Nosocomiicoccus","Eisenbergiella","Papillibacter","Negativicoccus","Clostridium sensu stricto 5","Virgibacillus","Herbiconiux","Aureimonas","Acinetobacter","Anaerofilum","Coriobacteriaceae UCG-003","Rhodococcus","Pseudarthrobacter","Faecalibaculum","Pyramidobacter","Raoultella","Prevotellaceae UCG-001","Merdibacter","Lawsonella","Mycobacterium","Williamsia","Cellulosimicrobium","Conservatibacter","Leptotrichia","Catabacter","Aerococcus","Brevundimonas","Murimonas","Globicatella","Eikenella","Flexilinea","Paraprevotella","Catenibacillus","Clostridium sensu stricto 3","Gallicola","Trueperella","Brevibacterium","Cryptobacterium","Sphingomonas","Candidatus Arthromitus","Streptomyces","Dermabacter","Nocardiopsis","Helicobacter","Sanguibacteroides","W5053","Anaerospora","Cardiobacterium","Agrilactobacillus","Paracoccus","Dolosigranulum","Coprobacter","Disease"
"SRR11127890",0.0291018887318515,0.264697784548742,0.0874525063783704,0.0453919715130045,0,0.0331767038049962,0.016134065086911,0.0218057671481801,0.117976909381252,0.0234944292505644,0.0281474275435473,0.0882142398267286,0.0544134652447642,0.000385455479892072,0.00303775628200657,0.000569005708412107,0.00542390925276702,0,0.0243020502560526,0,0.000624070776968117,0,0.00194563242231237,0.00230355536792643,0.0109212385969421,0,0,0.00285420605348654,0.00914080138029772,0,0.00447862557588884,0,0.00163359703382831,0.00138580422532626,2.75325342780052e-05,0.000991171234008186,0.00270736587067051,0.00114718892825022,0.000981993722582185,0,0,0,0,0,0.0100126649657679,0,0.00172537214808832,0.00447862557588884,0.000201905251372038,0,0.000229437785650043,0,0,0,0,0.00860850571758962,0.000633248288394119,0,0.000468053082726088,0.000605715754116114,0.00119307648538022,0.000183550228520035,0.000100952625686019,6.42425799820121e-05,3.67100457040069e-05,0.00117472146252822,0,0.00021108276279804,0.000119307648538022,0.000495585617004093,0,0,0,0.000201905251372038,2.75325342780052e-05,0.000569005708412107,0.000403810502744076,5.50650685560104e-05,0,0.000330390411336062,0,0,0.000256970319928048,0,0,0,0,0.000165195205668031,0.000284502854206054,0,0,0.000165195205668031,0,0,0,0,0,0.000146840182816028,0.000275325342780052,0.000660780822672124,0,0,0,0,0,0,0,0,0,0,0,0,0,0.000412988014170078,0,0,0,0,0,0,0,0,0,0,0,0.000100952625686019,0,0,0,0,0,0,0,0,0,0,0,0,0,0,0,0,0,0,0,0,0,0,0,0,0,0,0,0,0,0,0,0,0,0,0,0,0,0,0,0,0,0,0,0,0.000146840182816028,0,0,0,0,0,0,0,0,0,0,0,0,0,0,0,0,0,0,0,0,0,0,0,0,0,0,0,0,0,0,0,0,0,0,0,0.000275325342780052,0,0,0,0,0,0,0,0,0,0,0,0,0,0,0,0,0,0,0,0,0,0,0,0,0,6.42425799820121e-05,0,0,0,0,0,0,0,0,0,0,0,0,0,0,0,0,0,0,0,0,0,0,0,0,0,0,0,0,0,0,0,0,0,0,0,0,0,0,0,0,0,0,0,0,0,0,0,0,0,0,0,0,0,0,0,0,0,0,0,0,0,0,0,0,0,0,0,0,0,0,0,0,0,0,0,0,0,0,0,0,0,0,0,"Healthy"
"SRR11127891",0.0174967085849185,0.08116402596813,0.101884051391474,0.292659009397558,0.00225178190402688,0,0.0291006492032506,0.0539338085077405,0.0264584373723158,0.0552231352431107,0.0298724292913243,0.0133744949380306,0.0163798973986471,0.0706133381758751,0.00392245880056295,0.0260135288509556,0.00804467244745086,0,0.00139828392427475,0.00011803695464657,0.00280564761429155,0,0.00301448222635856,0.000617424070458982,0.0272483769918736,0,0.000145276251872702,0.013665047441776,0.00425841013301857,0,0.00087165751123621,0,0.00121668860943388,0.00130748626685432,3.63190629681754e-05,0.00290552503745403,0.00692786126117946,0.00497571162664003,0.00241521768738367,6.3558360194307e-05,0,0,0,0.00152540064466337,0.0085712988604894,0,0.0132746175148681,0.0129840650111227,0,0,0,0,0,0,0,0.000971534934398693,0.000699141962137377,0.00133472556408045,0.000199754846324965,0,0,5.44785944522631e-05,5.44785944522631e-05,8.17178916783947e-05,0,0.000408589458391973,0,0.00218822354383257,0.000572025241748763,0.000453988287102193,9.07976574204386e-05,0,0.0014709220502111,2.72392972261316e-05,0.000335951332455623,0.000172515549098833,0.000481227584328324,4.53988287102193e-05,0,5.44785944522631e-05,0,0,0.00239705815589958,0,0,0,0,0,0.000127116720388614,0,0,0,0.000699141962137377,0,0,0,0,0,0.000408589458391973,0,0,0,0,0,0,0,0,0,9.98774231624824e-05,0,0,0,7.26381259363508e-05,0,0,0.000172515549098833,0,0,0,0,0,0,1.81595314840877e-05,3.63190629681754e-05,0,9.98774231624824e-05,0,0,0,0,0,0,0,0,0,0,0,0,0,0,6.3558360194307e-05,0,0,0,0,0,0,0,0,0,0,0,0,0,0.000690062196395333,0,0,0,0,0,0,0,0,0,0,0,0,0,0,0,0,0,0,0,9.07976574204386e-05,0,0,0,0,0,1.81595314840877e-05,1.81595314840877e-05,0,0,0,0,0,0,0,0,6.3558360194307e-05,0,0,0,0,0,0,0,0,0.000345031098197667,0,0,0,0,0,0,0,0,0,0,0,0,0,0,0,0,0,0,0,2.72392972261316e-05,0,0,0,0,0,0,0,0,0,0,0,0,0,0,0,0,0,0,0,0,0,0,8.17178916783947e-05,0,0,0,0,0,0,0,0,0,0,0,0,0,0,0,0,0,0,0,0,0,0,0,0,0,0,0,0,0,0,0,0,0,0,0,0,6.3558360194307e-05,0,0,0,0,0,0,0,0,0,0,0,0,0,0,0,0,0,0,0,0,0,0,0,0,0,0,0,0,0,0,0,0,0,0,0,0,"Healthy"
"SRR11127892",0.169138696427831,0.162531635066174,0.0378479857279177,0.0800004148861138,0.0232025059121271,0,0.0566630709870141,0,0.0137327303655147,0.0204642575612994,0.046104219391777,0.0513940173422396,0.0330975397253454,0.00541426378459113,0.00218852425009335,0.0125917935526698,0.0194789030411152,0.0406069783844335,0.00503049412936149,0.0230676679251545,0.0111811807658798,0.000321536738165374,0.00552835746587562,0.000300792432477285,0.0025515495996349,0,0.00952163631083268,0.00183587105339584,0.00146247355101025,0.000694934240550969,8.29772227523545e-05,0,0.00903414512716259,0.00453263079284736,0.0435008090279218,0.00300792432477285,0.0255569846077252,0.0101128490229432,0,0.0066485499730324,0,0,0.000186698751192798,0.00140024063394598,0.0101232211757872,7.26050699083102e-05,0,0.0062958967763349,0.000342281043853462,0,0,0,0,0.00170103306642327,3.11164585321329e-05,0,0.000134837986972576,0.00187735966477202,0.000331908891009418,0.00074679500477119,0,0,0.000497863336514127,9.33493755963988e-05,0,0.000829772227523545,0,0.00186698751192798,0.00101647097871634,0.000539351947890304,0,0,0.000352653196697507,0.000228187362568975,0,0,0,0.000217815209724931,0.000155582292660665,0.00108907604862465,0,0,0.00151433431523047,0,5.18607642202216e-05,0.000591212712110526,0.000580840559266481,0,4.14886113761772e-05,0,0,0,0,0.000165954445504709,0,0,0.000300792432477285,8.29772227523545e-05,0.000134837986972576,0.000217815209724931,0,0,0,0,0,0.00291457494917645,0,0,0,0,0,0.000217815209724931,0.000373397502385595,5.18607642202216e-05,0,0.000103721528440443,0,0,0,0,0.000217815209724931,0,0,7.26050699083102e-05,0,8.29772227523545e-05,8.29772227523545e-05,0,0,0,0,0,0.00263452682238725,0,0,0,0,0,0,0,0,0.000684562087706924,0,0,0,0,0,0,0.00136912417541385,0,0,0,0,0,0,0.000197070904036842,0,0,0,0,0,0,0,0,0,5.18607642202216e-05,0,0,2.07443056880886e-05,0,0,0,0,0,0,0,0,0,0,0,0,0,0,0,0,0,0,0,0,0,0,0,0,0,0,0,0,0,0,0,0,0,0,0,0,0,0,0,0,0,0,0,0,4.14886113761772e-05,0,0,0,0,0,0,0,0,0,0,0,0,0,0,0,0,0,0,0,0,0,0,0,0,0,0,0,0,0,0,0,0,0,0,0,0,0,0,0,0,0,0,0,0,0,0,0,0,0,0,0,0,0,0,0,0,0,0,0,0,0,0,0,0,0,0,0,0,0,0,0,0,0,0,0,0,0,0,0,0,0,0,0,0,0,0,0,0,0,0,0,0,0,0,0,0,0,0,0,0,0,0,"Healthy"
"SRR11127894",0.150082259241908,0.128378893694911,0.0122244860159289,0.00228800540405086,0.137084209494133,0,0.0283385812187442,0.0810607628863733,0,0.061787041173202,0.000686401621215258,0.142760641948945,0.0157654467602933,0.000326857914864408,0.00573090877395596,0.0297985465718052,0.0127910397350272,0,0.000522972663783053,0.00179771853175425,0.00424915289323731,0,0.000207010012747459,5.44763191440681e-05,0.00125295534031357,0,0.0322499809332883,0.00615582406327969,0.00090430689779153,0.000174324221261018,0.00379155181242714,0.000294172123377968,0.00379155181242714,0.00484839240382206,0,0.0408681346218799,0.00129653639562882,0,0,0.000403124761666104,0,0,0,0.00787727574823224,0.0114509222840831,0.000174324221261018,0,0,7.62668468016953e-05,0.000152533693603391,0,0,0,0.0044779534336424,0.000675506357386444,0.000991469008422039,0.00180861379558306,0.00105684059139492,0,0,0.00123116481265594,0,0.00117668849351187,0.000708192148872885,0.00011984790211695,0.00066461109355763,3.26857914864408e-05,9.80573744593225e-05,0,5.44763191440681e-05,0,0,0,0.00690759726746783,0.000414020025494917,0.0002396958042339,0,0.000348648442522036,0,0.000751773204188139,0,0,0.000435810553152545,0,4.35810553152545e-05,0.00106773585522373,0.00011984790211695,0.00178682326792543,0.00127474586797119,0,0,0,0.000860725842476275,0,0.000141638429774577,0,0,0,0,0,0,0,0.000479391608467799,0,0,0,4.35810553152545e-05,0,0,2.17905276576272e-05,0,0,0,0.00011984790211695,0,0,0,0,0,0,0,0,0,0,0,7.62668468016953e-05,0,0,0,0,0,0,0,0,0,0,0,0,0,0,0.000370438970179663,0,0,0,0,0,0,0,0,0,5.44763191440681e-05,0,0,0,0,3.26857914864408e-05,0,0,0,0,0,0,0,0,0,0,0,0,0,0,5.44763191440681e-05,0,0,0,0,0,0,0,0,0,0,0,0,0,4.35810553152545e-05,0,0,0,0,0,0,0,0,0,0,0,0,0,0,0,0,0,0,0,0,0,0,0,0,0,0,0,0,0,0,0,0,0,0,0,0,0,0,0,0,0,0,0,0,0,0,0,0,0,0,0,0,0,0,0,0,0,0,0,0,0,0,0,0,0,0,0,0,0,0,0,0,0,0,0,0,0,0,0,0,0,0,0,0,0,0,0,0,0,0,0,0,0,0,0,0,0,0,0,0,0,0,0,0,0,0,0,0,0,0,0,0,0,0,0,0,0,0,0,0,0,0,0,0,0,0,0,0,0,0,0,"Healthy"
"SRR11127895",0.0499087760120574,0.0905100610804093,0.126907110182712,0.189441814960734,0.000237975620719744,0.00130886591395859,0.0272482085724107,0.1669398979349,0.0594013591052117,0.000330521695444089,0.043893281154975,0.0181654723816071,0.0163013300193025,0.0140273407546471,0.000290859091990798,0.0173722203125413,0.0304212168486739,0,0.0023929770750152,0.0253972870779238,0.0086332266849996,0,0.000608159919617124,0,0.00978344218514503,0,0.000105766942542108,0.00108411116105661,0.00195668843702901,0.000145429545995399,0.000475951241439488,0,0.0113567254554589,0.00358285517861392,0.00236653533937968,0.000938681615061213,0.000423067770168434,0.0101404056162246,0,0,0,0.000171871281630926,0.00284248658081916,0.000264417356355271,0.00487850022475475,7.93252069065813e-05,0,0.00252518575319284,0,0,0,0,0.000264417356355271,0.00411168989132447,0,0,0.00040984690235067,0.000396626034532907,0,0,0.000317300827626325,9.25460747243449e-05,0.00037018429889738,0,0,0.000171871281630926,0,0,0,0.000264417356355271,0,0,0,0,0.000118987810359872,0,0.000118987810359872,0,0,0.000211533885084217,0,0,0,0,0,0.000542055580528306,0.000171871281630926,0,0.000158650413813163,0,0,0.000105766942542108,5.28834712710542e-05,0,0,0,0.000568497316163833,0,0.000356963431079616,0,0.000264417356355271,0.00018509214944869,0.000687485126523705,0,0,0,0,0,0,0,0,0,5.28834712710542e-05,0,0,0,0,0,0,0,0,9.25460747243449e-05,0,0,0,0,0,0,0,0,0,0,0,0,0,0,0,0,0,0,0,0,0.000145429545995399,0,0.000383405166715143,0,0,0,0,0,0,0,0,0,0,0,0,0.000277638224173035,3.96626034532907e-05,0,0,0,0,0,0,0,0,0,0,0,0,0,0,0,0,0,0,0,0,0,0,0,0,0,0,0,0,0,0,0,0,0,0,0,0,0,0,0,0,0,0,0,0,0,0,0,0,0,0,0,0,0,0,0,0,0,0,0,0,0,0,0,0,0,0,0,0,0,0,0,0,0,0,0,0,0,0,0,0,0,0,0,0,0,0,0,0,0,0,0,0,0,0,0,0,0,0,0,0,0,0,0,0,0,0,0,0,0,0,0,0,0,0,0,0,0,0,0,0,0,0,0,0,0,0,0,0,0,0,0,0,0,0,0,0,0,0,0,0,0,0,0,0,0,0,0,0,0,0,0,0,0,0,0,0,0,"Healthy"
"SRR11127896",0.0286663502610346,0.0832581869957285,0.23484812529663,0.302669672520171,0.00179164689131467,0,0.0118058851447556,0.0722828666350261,0.0206929283341243,0.00295443758898908,0.0124110109159943,0,0.019921689606075,0.03609397247271,0.000700047460844803,0.0474727100142383,0.0197081158044613,0.000557664926435691,0.000783103939250119,0.0107736117702895,0.00920740389178927,0,0.000284765068818225,0,0.00912434741338396,0,8.30564784053156e-05,0.000806834361651637,0.000628856193640247,4.74608448030375e-05,0,0.0080327479829141,0.0019577598481253,9.4921689606075e-05,0,0.00408163265306122,0.00177978168011391,0.0076530612244898,0,0,0,0,0,0.0034171808258187,0.0076530612244898,0,0,0.000996677740863787,0,0,0,0,0,0.00246796392975795,0,0.000118652112007594,2.37304224015187e-05,2.37304224015187e-05,0.000225439012814428,9.4921689606075e-05,0,0.000106786900806834,3.55956336022781e-05,0,0,0,0,0,0,0.000106786900806834,0,0,0,0.000118652112007594,0,0,0.000474608448030375,0,0,0,0,0,0.000225439012814428,0,0,0.000142382534409112,0.00406976744186047,0,0.000439012814428097,0,4.74608448030375e-05,0,0,0.000439012814428097,0,0,0,0,0.000154247745609872,0,0,0,0.000533934504034172,0,0,0,0,0,0,0,0,0,0,0,0,0,0,0,0,0,0,0.000664451827242525,0,4.74608448030375e-05,0,0,0,0,0,0,0,0,0,0,0,0,0,0,0,0,5.93260560037969e-05,0,0,0,0.000166112956810631,0,0,0,0,0,0,0,0,0,0,0,0,0,0,0,0,0,0,0,0,0,0,0,0,0,0,0,0,0,0,0,0,0,0,0,0,0,0,0,0,0,0,0,0,0,0,0,0,0,0,0,0,0,0,0,0,0,0,0,0,0,0,0,0,0,0,0,0,0,0,0,0,0,0,0,0,0,0,0,0,0,0,0,0,0,0,0,0,0,0,0,0,0,0,0,0,0,0,0,0,0,0,0,0,0,0,0,0,0,0,0,0,0,0,0,0,0,0,0,0,0,0,0,0,0,0,0,0,0,0,0,0,0,0,0,0,0,0,0,0,0,0,0,0,0,0,0,0,0,0,0,0,0,0,0,0,0,0,0,0,0,0,0,0,0,0,0,0,0,0,0,"Healthy"
"SRR11127897",0.0357640832527607,0.124054755483182,0.0968907434736146,0.0215052669075365,0.00890539921632487,0.000284972774922396,0.0692280291079334,0.0368836191542415,0,0.00908859600020355,0.00893593201363798,0.0846063813546384,0.0352144929011246,0.0067681034044069,0.0543789120146557,0.0170271233016131,0.00468169558801079,0.191481349549641,0.00626940104829271,0.00230013739758791,0.0123657829118111,0,0.000284972774922396,0,0.0104218614828762,0,0.0122843621189761,0.0009566943158109,0.0038267772632436,0,0.00346038369548623,0,0.00701236578291181,0.00586229708411786,0.0400590300748054,0.00398961884891354,0.00823367767543636,0,0,0.0247010330263091,0,0,0,0.00466134038980205,0.00379624446593049,0,0.000101775991043713,0.00143504147371635,0.000244262378504911,0,0.00270724136176276,3.05327973131138e-05,0,0.00169965905043,0,0,4.07103964174851e-05,4.07103964174851e-05,0,0.000702254338201618,0.00426441402473157,0.00128237748715078,0.00151646226655132,0.000274795175818025,0,0.000814207928349702,0,0.00208640781639611,0,0.00047834715790545,0,0.000427459162383594,0.00383695486234797,0.000905806320289044,0.00118060149610707,0.000132308788356827,0,0,0.00016284158566994,0.000671721540888504,0,0,0.000183196783878683,0,0.000346038369548623,0.00047834715790545,0,0,0.000173019184774312,2.03551982087426e-05,0,0,0,0,0,0,0,0.000142486387461198,0,0,0,0,0.000295150374026767,8.14207928349702e-05,0,0,0,0,0,0,0,0,0.000244262378504911,0,0,0,0,0,0,5.08879955218564e-05,0,0,2.03551982087426e-05,0.000111953590148084,0,0,0,0,0,0,0,0,0.000152663986565569,0,0.000101775991043713,0,4.07103964174851e-05,0,0,0,0,0.000254439977609282,0,0,0,0,0,0,0,0,0,0,0,0,7.1243193730599e-05,0,0,0,0,0,0,0,0,0,0,0,0,0,0,0,0,0,0,0,0,0,0,0,0,0,0,0,0,0,0,0,0,0,0,0,0,0,0,0,0,0,0,0,0,0,0,0,0,0,0,0,0,0,0,0,0,0,0,0,0,0,0,0,0,0,0,0,0,0,0,0,0.000305327973131138,0,0,0,0,0,0,0,0,0,0,0,0,0,0,0,0,0,0,0,0,0,0,0,0,0,0,0,0,0,0,0,0,0,0,0,0,0,0,0,0,0,0,0,0,0,0,0,0,0,8.14207928349702e-05,0,0,0,0,0,0,0,0,0,0,0,0,0,0,0,0,0,0,0,0,0,0,0,0,0,0,0,0,0,0,0,0,0,0,0,0,0,0,0,"Healthy"
"SRR11127898",0.0430138990490124,0.113952694464765,0.111670324311144,0.161989758595465,0.0015508412582297,0,0.0284613508900268,0.0770738844184345,0.0162399414776884,0.0350548646671544,0.0249109973177274,0.0775128017556694,0.0327237259205072,0.0249792733479639,0.0188344306266764,0.014123384540356,0.0169129480614484,7.80297488417459e-05,0.00661302121433797,0.0115093879541575,0.00564740307242136,0,0.00232138502804194,8.77834674469641e-05,0.0135381614240429,0,0.0201316752011704,0.0124457449402585,0.00110217020238966,0,0.00305291392343331,0,0.00512070226773958,0.000341380151182638,0.00142404291636186,0.00163862472567666,0.00399902462813948,0.0156937332357961,3.9014874420873e-05,0.000117044623262619,0,5.85223116313094e-05,0.00885637649353816,0.000936356986100951,0.00295537673738113,0.000146305779078274,0,0.00734455010972933,0,0,0,0.000126798341867837,0.000146305779078274,0.00130699829309924,0.000282857839551329,0,0.000692514020970495,0.00160936356986101,0.000585223116313094,0.00233113874664716,0,0.00273104120946111,0.000107290904657401,6.82760302365277e-05,6.82760302365277e-05,0.000146305779078274,6.82760302365277e-05,0.000799804925627896,0,0.000448671055840039,0,0,0,0.000146305779078274,0.000341380151182638,0.000195074372104365,0.000107290904657401,0,0,0.000146305779078274,0,0,9.75371860521824e-05,2.92611558156547e-05,0,0.000107290904657401,0,0,0.000292611558156547,2.92611558156547e-05,0,0,0.00055596196049744,0,9.75371860521824e-05,0.000673006583760058,0,0,0.00141428919775664,0,0.000107290904657401,0,0.00225310899780541,0,0,7.80297488417459e-05,0,0,0,0,0,0,0,0.000243842965130456,0,0,0,0,0,0,0,0.000126798341867837,0,6.82760302365277e-05,0,9.75371860521824e-05,0,0,0,0,0,0,0,0,0,0,0,5.85223116313094e-05,0,0,0,5.85223116313094e-05,0,0,0,0,0,0,0,0,3.9014874420873e-05,0,0,0,0,4.87685930260912e-05,0,0,0,0,0,0,0,0,0,0,0,0,0,0,0,0,0,0,0,0,0,4.87685930260912e-05,0,0,0,0,0,0,0,0,0,0,0,0,0,4.87685930260912e-05,2.92611558156547e-05,0,0.000351133869787857,0,0,0,0,0,0,0,0,0,0,0,0,0,0,0.000341380151182638,0,0,0,0,0,0,0,0,0,6.82760302365277e-05,0,0,0,0,0,0,0,0,0,0,0,0,0,0,0,0,0,0,0,0,0,3.9014874420873e-05,0,0,0,0,0,0,0,0,0,0,0,0,4.87685930260912e-05,0,0,0,0,0,0,0,0,0.000204828090709583,0,0,0,0,0,0,0,0,0,0,0,0,0,0,0,0,0,0,0,0,0,0,0,0,0,0,0,0,0,0,0,0,0,0,0,0,0,0,0,0,0,0,0,0,0,0,0,0,0,0,0,0,"Healthy"
"SRR11127899",0,0.236852966092491,0.116981992744966,0.135086995242957,0.00104263961596107,0.000988335469296435,0.0783826052957404,0,0.0275973673349697,0.0233507830657949,0.0552816213046028,0.0127723352955232,0.0253491756630536,0.0125116753915329,0.0108716901622608,0.00581054369311641,0,0,0.0154984034580881,0.000119469122662206,0.00829767361035689,0,0.00822164780502639,0.000640788930642744,0.0156178725807503,0,0.000173773269326846,0.0229163498924778,0.000684232247974455,0.00503942481047853,0,0.0258704954710342,0.00780893629037513,0.000738536394639095,0,0.00685318330907748,0.014303712231466,0.00158568108260747,0.000575623954645177,6.51649759975672e-05,0,0,0,0.0217976844711862,0.00374698611986011,0,0,0.00424658426917479,0.000651649759975672,0,0.00228077415991485,0.000108608293329279,0,0,0,0,0.00118383039728914,0,9.77474639963508e-05,0.00153137693594283,0.00582140452244933,0.000184634098659774,0.00045615483198297,0.000412711514651259,0,0.000173773269326846,0.000141190781328062,8.68866346634229e-05,0,0.00285639811456003,0,0.0177574559593371,0,0.000695093077307383,0,4.34433173317114e-05,0.000195494927992702,0.000434433173317114,0.00015205161066099,0,0,0,0.000195494927992702,0.000488737319981754,0,0,0.000781979711970806,0.000401850685318331,0.000325824879987836,0,0,0.000390989855985403,0,0,0,0,0.00106436127462693,6.51649759975672e-05,0.000390989855985403,0,0.000173773269326846,0,0,0,0,0,0,0,0,0,0,0,0.000238938245324413,0.000228077415991485,0,0,0,0,0,0.000271520733323197,0,0.00205269674392337,0,5.43041466646393e-05,0,0.000369268197319547,0,0,0,0.000977474639963508,0,0,0,0,0,0,0,0,0,3.25824879987836e-05,0,0,0.000162912439993918,0,0,0,0,0.000173773269326846,0,0,0,0,0,0,0,0.00015205161066099,0,0,0,0,0,0,0,0.000249799074657341,0,0,0,0,0,0,0,0,0,0,0,0,0,0,0,0,0,0,0,0,0,0,0,0,0,0,0,0,0,0,0,0.000271520733323197,0,0,0,0,0,0,0,0,0,0,0,0,0,0,0,0,0,0,0,0,0,0,0,0,0.000119469122662206,0,0,0,0,0,0,2.17216586658557e-05,0,0,0,0,0,0,0,0,0,0,0,0,0,0,0,0,0,0,0,0,0,0,0,0,0,0,0,0,0,0,0,0,0,0,0,0,0,0,0,0,0,0,0,0,0,0,0,0,0,0,0,0,0,0,0,0,0,0,0,0,0,0,0,0,0,0,0,0,0,0,0,0,0,0,0,0,0,0,0,0,0,0,0,0,0,0,0,0,"Healthy"
"SRR11127901",0.0215228964968455,0.195136507455334,0.0343305356094049,0.0034861029537144,0.208493586707338,0.012485553513575,0.0746386010117277,5.68386351149088e-05,0,0.0412648490934238,0.00911312783009037,0.00156306246565999,0.0367082851783786,0.000142096587787272,0.289374964475853,0.000871525738428601,9.4731058524848e-05,0,0.0057312290407533,0,0.000246300752164605,0.000208408328754666,0.0030503400845001,0.00111782649059321,0.0179325893787537,0,3.78924234099392e-05,0.00415869346924083,0.000483128398476725,0,0.000132623481934787,0,0.00143991208957769,0.000142096587787272,0,0.00768268884636517,0.00683958242549402,0,0.000265246963869574,0.000142096587787272,0,0.00327769462495974,0,0,0.00467971429112749,0,0,0,0,0.000341031810689453,0,0,0.00198935222902181,0.00107993406718327,0,0.000378924234099392,0,0.000179989011197211,8.52579526723632e-05,0.00126939618423296,0,0.000312612493131998,6.63117409673936e-05,0.000170515905344726,0,0,0,0,0,0,0,0,0,0.000359978022394422,0,0,0.000208408328754666,0,0,0,0,0,0.000255773858017089,4.7365529262424e-05,0,0.00116519201985563,0,0.000227354540459635,0.000151569693639757,0,0,0,0,0,0,0,0,0,0,8.52579526723632e-05,0.000312612493131998,0,0.000227354540459635,0,0,0,8.52579526723632e-05,0,1.89462117049696e-05,0,0,0,3.78924234099392e-05,0,0,0,0,0,0,0,0,0,0,9.4731058524848e-05,0,0,0,0,0,0,0,0,0,0,0,0,0,0,0,0,8.52579526723632e-05,0.000170515905344726,0,0,0,0,0,0,0,0,0,0,0,0,0,0,0,0,0,0,0,0,0,0,0,0,0,0,0,0,0,0,0,0,0,0,0,0,0,0,0,0,0,0,0,0,0,0,0,0,0,0,0,0,0,0,0,0,0,0,0,0,0,0,0,0,0,0,0,0,0,0,0,0,0,0,0,0,0,0,0,0,8.52579526723632e-05,0,0,0,0,0,0,0,0,0,0,0,0,0,0,0,0,0,0,0,0,0,0,0,0,0,0,0,0,0,0,0,0,0,0.000123150376082302,0,0,0,0,0,0,0,0,0,0,0,0,0,0,0,0,0,0,0,0,0,0,0,0,0,0,0,0,0,0,0,0,0,0,0,0,0,0,0,0,0,2.84193175574544e-05,0,0,0,0,0,0,0,0,0,0,0,0,0,0,0,0,0,"Healthy"
"SRR11127902",0.0777815550483221,0.0999077266767034,0.128667864601039,0.134000291389442,0.00241853236851051,0.0116944296051673,0.0218833470933903,0.0341508426011364,0.000922733232965859,0.0450488077315332,0.00640085474236317,0.0130056820941188,0.022757515419358,0.128959254043029,0.00132096547035112,0.0301296683016852,0.0115487348841727,8.74168325967656e-05,0.00123354863775436,0.0369093293186344,0.00349667330387062,6.79908697974843e-05,0.000126268758195328,0.00353552522946919,0.00263221795930261,0,0.000767325530571609,0.00108785391675975,0.00228255062891555,0,0.0031567189548832,0.00211742994512166,0.00751784760332184,0.00295274634549075,2.91389441989219e-05,0.00290418143849255,0.00446797144383468,0.00389490554125589,0,9.71298139964062e-05,0.00881938711087368,0,0.00281676460589578,0.00238939342431159,0.00799378369190423,0.000116555776795687,0,0.0173182458355592,0.000213685590792094,0,0,0.000174833665193531,0,0.00143752124714681,0.000106842795396047,0,9.71298139964062e-05,0.000427371181584187,0.000165120683793891,0,0,0.000116555776795687,0.000495362051381672,6.79908697974843e-05,0,0.00046622310718275,8.74168325967656e-05,5.82778883978437e-05,0,0.000854742363168375,0.00127240056335292,0,0,6.79908697974843e-05,0.000135981739594969,0.000174833665193531,0.000116555776795687,0.000145694720994609,0,0.000281676460589578,0,0,0,0.000135981739594969,0,0.00201058714972561,0,0,0.00118498373075616,0,0,0.000106842795396047,0,0,2.91389441989219e-05,0,0,1.94259627992812e-05,0,0,0,5.82778883978437e-05,0.00047593608858239,0,0,0,0,9.71298139964062e-05,0,0,0.000145694720994609,0,0,0.000223398572191734,0,0.000135981739594969,0,0,0,0.000135981739594969,0,5.82778883978437e-05,0,0,0,0.00015540770239425,0,0,0,0,0,0,0,4.85649069982031e-05,0,0,0,0,0,5.82778883978437e-05,0,0,0,0,0,0,0.00152493807974358,1.94259627992812e-05,0,0,0,0,0,0,0,0.000194259627992812,0,0,0,0,0,0,0,0,0,0,0,0,0,0,0,0,0,0,0,0,0,0,0,0,0.000194259627992812,0,0,0.000485649069982031,0,0,0,0,0,0,0,0,0,0,0,2.91389441989219e-05,0,0,0,0,5.82778883978437e-05,0,0.000582778883978437,0,0,0,0,0,0,0,0,0,0,0,0,0,0,0,0,2.91389441989219e-05,0,0,3.88519255985625e-05,0,0,0,0,0,0,0,0,0,0,0,0,0,0,0,0,0,0,0,0,0,0,0,0,0,0,0,0,0,0,0,0,0,0,0,0,0,0,0,0,0,0,0,0,0,0,0,0,0,0,0,0,0,0,0,0,0,0,0,0,0,0,0,0,0,0,0,0,0,0,0,0,0,0,0,0,0,0,0,0,0,0,1.94259627992812e-05,0,0,0,0,0,0,0,0,0,0,"Healthy"
"SRR11127903",0.0318732332270028,0.146710236261314,0.0721578187539442,0.0486094902184531,0.224003042955817,0,0.0315187980324524,0.0688814543945642,0.00515227746224401,0.00886952462460126,0.0174364826197083,0.0391694113782342,0.0213871383248182,0.011117162443701,0.00466817085505329,0.0105033844238699,0.00940549979684812,0.000484106607190712,0.00390743190089646,0.0147393172367886,0.00639712302359155,0.00267123110039161,0.0104082920546003,0.000924989410167968,0.00109788462702179,0,0.0156988856903274,0.000700225628257994,0.00290463964314427,0.0136846564139803,0.00246375684016702,0.0278793537176794,0.00373453668404264,0.00586979261218738,0.00478055274600828,0.00548942313510897,0.00950059216611772,0.0028787053606162,0,0.000976857975224115,0.000492751368033403,0.000250698064438047,0.000328500912022269,0.00129671412640369,0.00600810878567044,3.45790433707651e-05,0.000112381890954987,0.00804827234454559,0.000380369477078417,0,0,4.32238042134564e-05,0.00210932164561667,9.50923692696042e-05,0,0.000397658998763799,0.000829897040898363,0.000484106607190712,0.000380369477078417,0.00152147790831367,0,0,0.00216119021067282,0.000216119021067282,4.32238042134564e-05,0.00296515296904311,0.000172895216853826,7.78028475842216e-05,0,0.000432238042134564,0,0,5.18685650561477e-05,0.000432238042134564,0,8.64476084269129e-05,9.50923692696042e-05,0.000700225628257994,0,0.000328500912022269,0,0,0.000138316173483061,6.91580867415303e-05,0,8.64476084269129e-05,0,0,3.45790433707651e-05,4.32238042134564e-05,0,0.000129671412640369,9.50923692696042e-05,0.000311211390336886,0.000121026651797678,0.0010892398661791,0,0,0.000103737130112295,0,0,0,0,0,0,0,0.000717515149943377,0,0,0,0,0,0,0,0,5.18685650561477e-05,0,0,0.00105466082280834,0,0,0,0,0,0,0,0,0,0,0,0,0,0,6.0513325898839e-05,0,0,0,0.000172895216853826,0,0,7.78028475842216e-05,0.00033714567286496,0,0,0,0,0,0,0,0,0,0,8.64476084269129e-05,0,0,0,0,0,0,0,0,0,0,0,0,0,0,0,0,0,0,0,0,0,0.000250698064438047,0,0,0,0,0,0,0,0,0,0,0,0,0,0,0,0,0,0,0,0,0,0,0,0,0,0,0,0,4.32238042134564e-05,0,0,0,0,0,0,0,0,0,0,0,0,0,0,0,0,0,0,0,1.72895216853826e-05,0,0,0,0,0,0,0,0,0,0,0,0,0,0,0,0,0,0,0,0,0,0,0,0,0,0,0,0,0,0,0,0,0,0,0,0,0,0,0,0,0,0,0,0,0,0,0,0,0,0,0,0,0,0,0,0,0,0,0,0,0,0,0,0,0,0,0,0,0,0,0,0,0,0,0,0,0,0,0,0,0,0,1.72895216853826e-05,0,0,0,0,0,0,0,0,0,"Healthy"
"SRR11127904",0.0699275562683183,0.160712639864329,0.0164703496838651,0.0228852144739995,0,0.217561614038968,0.0651164076757175,0,0.093089273534996,0.0546553853527254,0.0320835407104278,0.0624896311452746,0.0681948054342015,0.00464524691699386,0.00552083909380818,0.00753930948035909,0.00592637652306955,0,0.0176869619716492,0,0.00949326254861841,0,0.00611992847794429,0.00114287820973659,0.00562222345112352,0,4.6083798779701e-05,0.0265627016166197,0.00440561116333942,0,0,0,0.00108757765120094,0.000377887149993548,0,0.00104149385242124,0.00349315194750134,0.000230418993898505,0.00146546480119449,0,0,0,0,0,0.00165901675606924,0,0.000230418993898505,0.000792641339010857,0.00468211395601762,0,0.000138251396339103,0,0,0.00231340669874099,0,0.000230418993898505,0.000857158657302439,0,0.000580655864624233,0.000617522903647993,0.000820291618278678,0,0,0.000110601117071282,0,0.000110601117071282,0,0,0,0.000221202234142565,0,0,0,0,0,0,1.84335195118804e-05,0,0,0,0,0,0,2.76502792678206e-05,0,0.000543788825600472,5.53005585356412e-05,0.000147468156095043,0.000110601117071282,0.000147468156095043,0,0.00167745027558112,0,0,0,0,0.000211985474386625,0.0008940256963262,0.000617522903647993,0,0.00091245921583808,0,0.000635956423159874,0,0,0,0,0,0,0,0,0,0,0,0,0,0,0,0,8.29508378034618e-05,0,0,0,0.000147468156095043,0,7.37340780475216e-05,0,0,0,0,0,0,0,0,0.000138251396339103,0,0,0,0,0,4.6083798779701e-05,0,0,0,0,0,0,0,0,0,0,0,0,0,0,0.000221202234142565,0,0,0,0,0,0,0,0,0,0,2.76502792678206e-05,0,0,0,0,0,0,0,0,0,0,0,0,0,0,0,0,0,0,0,0,0,0,0,0,0.000571439104868293,0,0,0,0,0,0,0,0,0,0,0,0,0,0,4.6083798779701e-05,0,0,0,0,0,0,0,0,0,0,0,0,0,0,0,0,0,0,0,0,0,0,0,0,0,0,0,0,0,0,0,0,0,0,0,0,0,0,0,0,0,0,0,0,0,0,0,0,0,0,0,0,0,1.84335195118804e-05,0,0,0,0,0,0,0,0,0,0,0,0,0,0,0,0,0,0,0,0,0,0,0,0,0,0,0,0,0,0,0,0,0,0,0,0,0,0,0,0,0,0,0,0,0,0,0,0,0,0,0,0,0,0,0,"Healthy"
"SRR11127905",0.0730762519630082,0.16044901994998,0.0253591577967778,0.0503228057930553,0.108043971383703,0.00723550282091549,0.0157040656080963,0.144756586983075,0.00155877391961845,0.0317105798871634,0.0482870935845984,0.0100622346303728,0.0260687489094399,0.00364101669284011,0.0392136334554761,0.00193101843773629,0.00360611876926656,0.0672482987262258,0.00224509974989821,0.0577327982318385,0.00295469086256034,9.30611295294597e-05,0.000639795265515035,0.00859652184028384,0.00723550282091549,0.00166346769033909,0.00739835979759204,0.00943407200604897,0.000430407724073751,2.32652823823649e-05,0.00101203978363287,0,0.00274530332111906,0.000151224335485372,0,0.0136218228348747,0.00843366486360728,0.00398999592857558,0.000127959053103007,0.00175652881986855,0,0.000162856976676554,4.65305647647298e-05,0.000977141860059326,0.0046414238352818,0.000267550747397197,0.00376897574594312,0.00227999767347176,0,0,0,0,4.65305647647298e-05,0.000302448670970744,0,0.000325713953353109,0.000174489617867737,0.000360611876926656,0,0.000465305647647298,0,0,3.48979235735474e-05,0.000907346012912232,0,0.000221020182632467,0,0.000116326411911825,0,5.81632059559123e-05,0,0,0.000558366777176758,0.00219856918513348,6.97958471470947e-05,0.000104693770720642,0,0.000488570930029663,0,0,0,0,0,0,0,0,0,0.000674693189088583,0.000348979235735474,0,0.000221020182632467,0,0.00204734484964811,0,0,0.00118652940150061,0,0,0,0,0,0,5.81632059559123e-05,0,0,0.000255918106206014,0,0,0,0,0,0,0,0,0,0,0,0,0,2.32652823823649e-05,0,0,0,0,0,0,0,0,0,0,0,0,0,0,0,0,0,0,0,0,0,5.81632059559123e-05,0,5.81632059559123e-05,0,0,0,0,0,0,0,0,0,0,0,0,0.00100040714244169,0,0,0,0,0,0,0,0,0,0,0,0,0,0,0,0,0,0,0,0,0,0,0,0,0,0,0,0,0,0,0,0,0,0,0,0,0,0.000232652823823649,0,0,0,0,0,0,8.14284883382772e-05,0,0,0,0,0,0,0,0,0,0,0,0,0,0,0,0,0,0,0,0,0,0,0,0,0,0,0,0,0,0,0,0,0,0,0,0,0,0,0,0,0,0,0.000221020182632467,0.000221020182632467,0,0,0,0,0,0,0,0,0,0,0,0,0,0,0,0,0,0,0,0,0,0,0,0,0,0,2.32652823823649e-05,0,0,0,0,0,0,0,0,0,0,0,0,0,0,0,0,0,0,0,0,0,0,0,0,0,0,0,0,0,0,0,0,0,0,0,0,0,0,0,0,0,0,0,"Healthy"
"SRR11127906",0.0496689559760858,0.206050200108701,0.0585132664657345,0.0598843816394091,0.0735461238203469,0.000123523889520233,0.038675329808785,0.0570433321804437,0.0480754978012748,0.0295469143732398,0.00701615692474925,0.0271752556944513,0.0467167350165522,0.0266564553584663,0.117817085824398,0.0218637284450813,0.0149710954098523,0.000728790948169376,0.0163298581945748,0.000963486338257819,0.00994367310637877,0,0.00130935322891447,0,0.00986955877266663,0.000765848115025446,0.000345866890656653,0.00208755373289194,0.00109936261673008,0,0.00011117150056821,0,0.00360689757399081,7.41143337121399e-05,0,0.00868372943327239,0.00219872523346015,0.00437274568901626,0.000234695390088443,0,0,0,0,0.00287810662582143,0.00702850931370127,0,0.00029645733484856,0.00583032758535501,0,0,0,0,9.88191116161866e-05,0.000308809723800583,0,0,0.00171698206433124,0,0.00022234300113642,0.00033351450170463,0,0,0,0.000802905281881516,0,3.705716685607e-05,0.000135876278472257,0.000160581056376303,0.000234695390088443,0,0,0,0,0.000988191116161866,0,0,0,0.000395276446464746,0,0,0,0,0.000209990612184396,0,0,0,0,0.000580562280745096,0.00114877217253817,0,0,0,0,0,0,0.000284104945896536,8.64667226641632e-05,0,0.00018528583428035,0,8.64667226641632e-05,0,0,0,0,0,0,0,0,0,0,0,0,0,0,0,0,0,0,3.705716685607e-05,0,0,0,0.000457038391224863,0,0.000617619447601166,0,0,0,0,0,0,0,0,0,0,0,0,0,0,7.41143337121399e-05,0.000494095558080933,0,0,0,0,0,0,0,0,0,0,0,0,0,0,0,0,0,0,0,0,0,0,0,0,0,0,0,0,0,0,0,0,3.705716685607e-05,0,0,0,0,0,0,0,0,0,0,0,0,0,0,0,0,0,0,0,0,0,0,0,0,0,0,0,0,0,0,0,0,0,0,0,0,0,0,0,0,0,0,0.000123523889520233,0,0,0,0,0,0,0,0,0,0,0,0,0,0,0,0,0,0,0,0,0,0,0,0,0,0,0,0,0,0,0,0,0,0,0,4.94095558080933e-05,0,0,0,0,0,0,0,0,0,0,0,0,0,0,0,0,0,0,0,0,0,0,0,0,0,0,0,0,0,0,0,0,0,0,0,0,0,0,0,0,0,0,0,0,0,0,0,0,0,0,0,0,0,0,0,0,0,0,0,0,0,0,"Healthy"
"SRR11127907",0.124759395050412,0.141200733272227,0.0367323556370302,0.133180568285976,0.0143102658111824,5.72868927589368e-05,0.0168423464711274,0.087121906507791,0.0524404216315307,0.00785976168652612,0.0336846929422548,0.0157424381301558,0.0451649862511457,0.00483501374885426,0.0219408799266728,0.0058890925756187,0.0296516956920257,0.000458295142071494,0.00272685609532539,0.0704170485792851,0.00336846929422548,0,0.000206232813932172,0.000148945921173236,0.00567140238313474,0,0.0220783684692942,0.0038955087076077,0.00538496791934005,0.000297891842346471,8.02016498625115e-05,0.0200274977085243,0.00428505957836847,0.000687442713107241,0.00918881759853346,0.00514436296975252,0.00357470210815765,0.0109417965169569,0.000458295142071494,0.00300183318056829,5.72868927589368e-05,0,0.000194775435380385,0.00418194317140238,0.00229147571035747,0,0,0.00131759853345555,0,0,0,3.43721356553621e-05,3.43721356553621e-05,5.72868927589368e-05,0,0.000126031164069661,0.000813473877176902,0.00107699358386801,0.000194775435380385,0.000916590284142988,0,0.000320806599450046,0.000481209899175069,0.00017186067827681,0,0.000137488542621448,0,0,0,0.000653070577451879,0,0,0.00202795600366636,0.000859303391384051,0,5.72868927589368e-05,0.000916590284142988,0.000137488542621448,0,0.000148945921173236,0,0,0.000504124656278643,0,8.02016498625115e-05,0,0,0.000183318056828598,0.000160403299725023,0,0,6.87442713107241e-05,0,0,0,0,0.000126031164069661,0,0.000446837763519707,0,0,0,0,0,0,0,0.000790559120073327,0.000206232813932172,0,0,0,8.02016498625115e-05,0.000240604949587534,0,0,0,0,0,0,0,0,0.000538496791934006,0,0.000297891842346471,0,0.000103116406966086,0,0,0,0,0,0,0,0,0,0,0,8.02016498625115e-05,0,0,9.16590284142988e-05,0,0,0,0,0,0,0,0,0,0,0,9.16590284142988e-05,0,0,0,0,0,0,0,0,0,0.00166131989000917,0,0,0,9.16590284142988e-05,0,0,0,0,0,0,0,0,0,0,0,0,0,0,0,0,0,0,0,0,0,0,0,0,0,0,0,0,0,0,0,0,0,0,0,0,0,0,0,0,0,0,0,0,0,0,0,0,0,0,0,0,0,0,0,0,0,0,0,0,0,0,0,0,0,0,0,0,0,0,0,0,0,0,0,0,0,0,0,0,0,0,0.000194775435380385,0,0,0,0,0,0,0,0,0,0,0,0,0,0,0,0,0,0,0,0,0,0,0,0,0,0,0,0,0,0,0,0,0,0,0,0,0,0,0,0,0,0,0,0,0,0,0,0,0,0,0,0,0,0,0,0,0,0,0,0,0,0,0,0,0,0,"Healthy"
"SRR11127908",0.0576851675767702,0.109058473018374,0.224528421491121,0.229409474132232,0.0305631774837676,0.0828782815796861,0.0375089425593378,0.0371376565513869,0.00153042281326125,0.0214711981671149,0.0154400644769848,0.00751627772193395,0.0168255951895823,0.0275838336638684,0.000588624158946634,0.00563268041330472,0.0051708368424389,0.000642958696695555,0.00216432575366532,0.00865730301466127,0.0086391915020783,0.00310612440797993,0.000633902940404068,0.000353174495367981,0.00134930768743152,0,0.00339590860930751,0.000389397520533927,0.000851241091399748,0,0.000253561176161627,0,0.00534289621197714,0.000815018066233801,0.0105952348610394,0.00370380432321805,0.000968965923189075,0.00234544087949505,0,0,0,0,0.0057775725139685,0.00124063861193368,0.00302462260135655,5.43345377489201e-05,0,0.00425620545699874,0,0,0,0.000335062982785007,0,0.000389397520533927,0,0,3.62230251659467e-05,0.00021733815099568,9.05575629148668e-05,0.000253561176161627,0,0,0.00016300361324676,0,0,0,0,8.15018066233802e-05,0,0.00010866907549784,0.000507122352323254,0,0,0.00010866907549784,0,0.000380341764242441,0,0,0,0.000280728445036087,0,0,0,0.0001358363443723,0,0,3.62230251659467e-05,0,0,0,0,0,0.000443732058282847,0,4.52787814574334e-05,0,0,0,0,0,0.000208282394704194,0,2.716726887446e-05,0,0,0,0,0,0,0,0,0,0,0,0,0,0,0,0,0,0,0,0,5.43345377489201e-05,0,0,0,0,0,0,0,0,0,0.000153947856955274,0,0,0,0,0,0,0,0,0,0,0,0,0,4.52787814574334e-05,0,0,0,0,0,0,0,0,0,0,0.000117724831789327,0,0,0,0,0,0,0,8.15018066233802e-05,0,0,0,0,0,0,0,0,0,0,0,2.716726887446e-05,0,0,0,0,0,0,0,0,0,0,0,0,0,0,0,0,0,0,0,0,0,6.33902940404068e-05,0,0,0,0,0,0,0,0,0,0,0,0,0,0,0,0,0,0,0,0,0,0,0,0,0,0,0,0,0,0,0,0,0,0,0,0,0,0,0,0,0,0,0,0,2.716726887446e-05,0,0,0,0,0,0,0,0,0,0,0,0,0,0,0,0,0,0,0,0,0,0,0,0,0,0,0,0,0,0,0,0,0,0,0,0,0,0,0,0,0,0,0,0,0,0,0,0,0,0,0,0,0,0,0,0,0,0,0,0,0,0,0,0,0,0,0,0,0,0,"Healthy"
"SRR11127909",0.0596927562481363,0.199178327277546,0,0.000254011728715474,0.295283112637636,0.0497752548400278,0.0651374424332115,0.00128110263178239,0.000342363634355638,0.0185207682198195,0.000231923752305433,0.00660430494660232,0.00287143693330536,0,0.00104917887947696,0.0261521640694888,0.0059527096425061,0,0.000441759528200824,0.00545573017328017,0.018233624526489,0.0154174075342088,0.00237445746407943,0.0223640761151667,0.00157929031331795,0,0.000220879764100412,0.000762035186146421,0.0354732901145262,0,0.00125901465537235,0,0.0159143870034347,0.0107789324881001,0.00131423459639745,0.000982914950246833,0.0129766861408992,0.00903398235170685,0.000806211138966504,0.000220879764100412,0,0,0.0208620937192839,0.00408627563585762,0.00341259235535136,0.000165659823075309,0.0128993782234641,0.00356720819022165,9.93958938451854e-05,0,0,0,0,0.00276099705125515,0,0.00255116127535976,0.000662639292301236,0.000673683280506256,0.00210940174715893,0.00017670381128033,0,0.0102819530188742,0,0.000154615834870288,0,0.00386539587175721,0,5.5219941025103e-05,0,0.000298187681535556,0,0,0,0.000132527858460247,0.000320275657945597,0.000154615834870288,0.000342363634355638,0.000110439882050206,8.83519056401648e-05,0.00212044573536395,0,0,0,0,0.000508023457430947,0.000353407622560659,0,0,3.31319646150618e-05,0,0,0,0.0139816890675561,0,0,0.000485935481020906,0,7.73079174351442e-05,0,0,0,0,0.00018774779948535,0,0,0,0,0,0,0,0,3.31319646150618e-05,0.000121483870255227,0,0,0,0,0,0,0,0,0,0,6.62639292301236e-05,0,0.000154615834870288,0.000154615834870288,0,0,0,0,0,0,4.41759528200824e-05,0,0,0,0,0,0,0,0.000265055716920494,0.000585331374866092,0,0,0,0,5.5219941025103e-05,0.000397583575380741,0.000231923752305433,0,0,0,0,0,0,0,0,0,0,0,0,0,0,0,0,0,0,0,0,0,0,0,0,0,0,0,0,0,0,0,0,0,0,0,0,0,0,0,0,0,0,0,0,0,0,0,0,0,0,0,0,0,0,0,0,0,0,0,0,0,0,0,0,0,0,0,6.62639292301236e-05,0.000121483870255227,0,0,0,0,0,0,0,0,4.41759528200824e-05,0,0,0,0,0,0,0,0,0,0,0,0,0,0,0,0,0,0,0,0,0,0,0,0,0,0,0,0,0,0,0,0,0,0,0,0,0,0,0,0,0,0,0,0,4.41759528200824e-05,0,0,0,0,0,0,0,0,0,0,0,0,0,0,0,0,0,0,0,0,0,0,0,0,0,0,0,0,0,0,0,0,0,0,0,0,0,0,0,0,0,0,0,"Healthy"
"SRR11127910",0.0682867470741921,0.250814215668731,0.0181573076601887,0.0162246638750701,0,0.237059041074645,0.0390465623993415,0.113572647125491,0.00485546926261289,0.060770910132064,0.00371019887143147,0.023382603819954,0.0226429500256493,0.0119776195077723,0.00223089128282214,0.000119298999081398,0.00362668957207449,0.00150316738842561,0.00107369099173258,0.000835092993569784,0.0132183290982189,0.0132779785977596,0.00694320174653735,0.0293833434737483,0.00108562089164072,0,2.38597998162795e-05,0.00405616596876752,0.00212352218364888,0.000131228898989537,0,0,0.0019803633847512,0.000811233193753504,0,0.000345967097336053,0.00391300716986985,0,9.54391992651182e-05,0.000190878398530236,0,0,0,0,0.00882812593202343,3.57896997244193e-05,0.000143158798897677,0.00251720888061749,0.000107369099173258,0,0.000560705295682569,0,0.000322107297519774,7.15793994488386e-05,0,0,0,0,0.000477195996325591,0.00262457797979075,0.00053684549586629,0,0.000214738198346516,9.54391992651182e-05,0,0.000131228898989537,0,0.000155088698805817,0,4.77195996325591e-05,0,0,0,0.000131228898989537,0,0.000190878398530236,7.15793994488386e-05,0,0,0.000739653794304666,0,0,0,3.57896997244193e-05,0,0,0,0,2.38597998162795e-05,0,0,0.00177755508631283,0,8.35092993569784e-05,0,0,0.000274387697887215,9.54391992651182e-05,0,0,0,0,0,0,0,0,0,0,0,0,0,0,0,0,0,0,0,0,0,0,0,0,0,0,0,0,0,0,0,0,0,0,0,0,0,0,0,0,0,0,0,0,0,0,0,0,0,4.77195996325591e-05,0,0,0,0,0,0,0,0,0,0,0,0,0,0,0,0,0,3.57896997244193e-05,0,0,0,0,0,0,0,0,0,0,0,0,0,0,0,0,0,0,0,0,0,0,0,0,0,0,0,0,0.000310177397611634,0,0,0,0,0,0,0,0,0,0,0,0,0,0,0.000369826897152333,0,0,0,0,0,0,0,0,0,0,0,0,0,7.15793994488386e-05,0,0,0,0,0,0,0,0,0,0,0,0,0,0,0,0,0,0,0,0,0,0,0,0,0,0,0,0,0,0,0,0,0,0,0,0,0,0,0,0,0,0,0,0,0,0,0,0,0,0,0,0,0,0,0,0,0,0,0,0,0,0,0,0,0,0,0,0,0,0,0,0,0,0,0,0,0,0,0,0,0,0,0,0,0,0,0,0,0,0,0,0,"Healthy"
"SRR11127911",0.103239394034177,0.0424655677541105,0.00547371055018611,0.323699602765006,0.0102697236036825,0.00014596561467163,0.0112914829063839,0.0945857183072159,0.000688123612023396,0.0119170498264052,0.0114583007517229,0,0.0194238528666604,0.00240843264208189,0.0162230354592183,0.00113644657137197,0.00572393731819461,0.000865367572696089,0.000500453536017015,0.0180580317579473,0.00095920261069928,0,0,0.0120525893257431,0.00339891359878223,0,0.0141586646231481,0.000834089226695026,0,0,0.000166817845339005,0.000166817845339005,0.00113644657137197,8.34089226695026e-05,0,0.0140752557004786,0.00047960130534964,5.21305766684391e-05,0.000521305766684391,0.00149093449271736,0.250237194123841,0,0,0,0.00101133318736772,0,0.000406618498013825,0.00108431599470353,0,0,0,0,0,0.000458749074682264,0,0,0.000510879651350703,0.000208522306673756,0,0,0.00014596561467163,0,0,0.00361786202078967,0,0,0.000218948422007444,0.000229374537341132,0,3.12783460010635e-05,0,0,0.000114687268670566,0.000542157997351767,0,0,0,0.00190797910606487,0,0,0,0,0,0,0,0.000385766267346449,0,0.00112602045603828,0.000750680304025523,0,0,0,0,0,0,0,0,0,0,0,0,0,0.000135539499337942,0,0,0,0,0,0,0,0,0,0,0,0,0,0,0,0,0,0,0,0,0.000583862458686518,0,0.000364914036679074,0,0,0,0,0,0,0,0,0,0,0,0,0,0,6.25566920021269e-05,0,0,0,0,0,0,0,0,0,0,0,0,0,0,0,0,0,0,0,0,0,0,0,0,0,0,0,0,0,0,0,0,0,0,0,0,0,0,0,0,0,0,0,0,0,0,0,0,0,0.000114687268670566,0,0,0,0,0,0,0,0,0,0,0,0,0,8.34089226695026e-05,0,0,0,0,0.000166817845339005,0,0.000302357344676947,0,0,0,0,0,0,0,0,0,0,0,0,0,0,0,0,0,0,0,0,0,0,0,0,0,0,0,0,0,0,0,0,0,0,0,0,0,0,0,0,0,0,0,0,0,0,0,0,0,0,0,0,0,0,0,0,0,0,0,0,0,0,0,0,0,0,0,0,0,0,0,0,0,0,0,0,0,0,0,0,0,0,0,0,0,0,0,0,0,0,0,0,0,0,0,0,0,0,0,0,0,0,0,0,"Healthy"
"SRR11127912",0.0892831592502504,0.182668002098536,0.177889063766872,0.102618400343397,0.0142700434015357,0,0.0115419468688892,0.0703391043067678,0.0202508704154147,0.0082605999904612,0.0179138646444413,0.00442600276625173,0.028129918443268,0.0244193256069061,0.0225783373873229,0.0145275909762961,0.00770734964467973,0.0020603805980827,0.013220775504364,0.0209758191443697,0.00934802308389374,0,0.00176467782706157,0.000171698383173558,0.00260409214479897,0,0.000238469976629942,0.00049601755139028,0.000858491915867792,6.67715934563838e-05,0.00623837458863929,0.000696332331759431,0.00485524872418563,0.00493155911670721,5.72327943911861e-05,0.00363428244384032,0.00567558544379263,0.00862307435493871,0,0.00765965564935375,0.000352935565412315,0,0,0.00320503648590642,0.00799351361663567,0.000152620785043163,0,0.00935756188295894,0.0062002193923785,0,0,0,0,0.00146897505604044,0,0,0.00150713025230124,0.00186006581771355,0.000228931177564745,0.00137358706538847,4.76939953259885e-05,0.000143081985977965,0,0.000524633948585873,4.76939953259885e-05,0.00113511708875853,7.63103925215815e-05,0.000219392378499547,0,0.00024800877569514,0,0,0.00811751800448324,0.001640673439214,0,0.000381551962607908,0,0.00012400438784757,0.000209853579434349,0.000610483140172652,0,0,0.000648638336433443,1.90775981303954e-05,0.00012400438784757,0.000581866742977059,0,0.000419707158868698,0.000219392378499547,0,0,0.000524633948585873,4.76939953259885e-05,0,0.000314780369151524,0,8.58491915867792e-05,0,0.000209853579434349,0,0,0,0,0,4.76939953259885e-05,0,0,0,0,0,0.000267086373825535,0,9.53879906519769e-05,0,0,0.000705871130824629,0,0,0,0,0,0,0,0.000133543186912768,0,9.53879906519769e-05,0,0,0,0,0,0,0,8.58491915867792e-05,0,0,0,0,0,0,5.72327943911861e-05,0.000152620785043163,0,0,0,0,0,0.000162159584108361,0,0,0,0,0,0,8.58491915867792e-05,0,0,0,0,0,0,0,0,9.53879906519769e-05,0,0,0,0,0,0,0,0,0,0,3.81551962607908e-05,0,0,0,0,0,0,0,0,0,0.000171698383173558,0,0,0,0,0,0,0,0,0,0,5.72327943911861e-05,0,0,0,0,2.86163971955931e-05,0,0,0,0,0,0,0,0,0,0,0,0,2.86163971955931e-05,0,0,0,0,0,0,0,0,0,0,0,0,0,0,0,0,0,0,0,0,0,0,0,0,0,0,0,0,0,0,0,0,0,0,0,0,0,0,0,0,0,0,0,0,0,0,0,0,0,0,0,0,0,0,0,0,0,0,0,0,0,0,0,0,0,0,0,0,0,0,0,0,0,0,0,0,0,0,0,0,0,0,0,0,0,0,0,0,0,0,0,0,0,0,0,0,0,0,0,0,0,0,"Healthy"
"SRR11127915",0.171310856711536,0.178533987503669,0.0369543338784753,0.138214450454984,0.0550488531052124,0.138612823415943,0.0646727051620749,0.0011007673921248,0.0037426091332243,0.0108713884346039,0.012894703736319,0.00255797374931857,0.031733551390112,0.00446597056233488,0.00341762066507318,0.000660460435274877,0.0044764540613075,0.000608042940411792,0.00749570176542123,0.000304021470205896,0.00393131211473141,0.021354887407221,0.00213863379041389,0.000115318488698788,0.00158300834486518,0.000115318488698788,6.29009938357026e-05,0.000953998406508156,0.00330230217637439,0.000272570973288045,0.0183566067010525,0.00150962385205686,0.0151381725164591,0.000335471967123747,0.00032498846815113,0.00241120476370193,0.0011007673921248,0.00121608588082358,0,0.000670943934247494,0,0.000366922464041599,0.017685662766805,0.00421436658699207,0.00545141946576089,4.19339958904684e-05,0,0.00106931689520694,0,0,0.000115318488698788,0.000188702981507108,0.000188702981507108,0,0,0,0.000429823457877301,0.000440306956849918,0,0.0007967459219189,0.000293537971233279,0.000953998406508156,0.000304021470205896,0.000461273954795152,0,0,0.000450790455822535,4.19339958904684e-05,0,0.000209669979452342,0,0,0.000262087474315428,0.000408856459932067,0.000293537971233279,0,0,0,0,7.33844928083197e-05,0,0,0,0.000440306956849918,0,0,0,0.000304021470205896,0.000125801987671405,0,0,0.000104834989726171,0.000115318488698788,0,0,0,0.000314504969178513,0,0,0,0,0,0,0,0,0,0,0,0,0,0,0,0.000136285486644022,0,0,0.000178219482534491,0,0,0,0,0,0,0,0,0,0,0,0,0,0,0,0,0,0,0,0,0,0,0,0,6.29009938357026e-05,0.000807229420891517,0,0,0,0,0,5.24174948630855e-05,0,0,0,0,0,0,0,5.24174948630855e-05,0,7.33844928083197e-05,0,0,0,0,0,0,0,0,4.19339958904684e-05,0,0,0,0,0,0,0,0,0,0,0,0,0,0,0,0,0,0,0,0,0,0,0,0,0,0,0,0,0,0,0,0,0,0,0,0,0,0,0,0,0,0,0,0,0,0,0,0,0,0,0,0,0,0,0,0,0,0,0,0,0,0,0,0,0,0,0,0,0,0,0,0,0,0,0,0,0,0,0,0,0,0,0,0,0,0,0,0,0,0,0,0,0,0,0,0,0,0,0,0,0,0,0,0,0,0,0,0,0,0,0,0,0,0,0,3.14504969178513e-05,0,0,0,0,0,0,0,0,0,0,0,0,0,0,0,0,0,0,0,0,0,0,0,0,0,0,0,0,0,0,0,0,0,"Healthy"
"SRR11127917",0.111412990363754,0.0781552354332402,0.25475459822912,0.0655088837200211,0.018041085983464,0.00768163249350091,0.0372451672172162,0.101239225191064,0.0682844354097848,0.0483180547682805,0.0113269873536483,0.0019252946580403,0.0447802036707648,0.00265827485780184,0.0348996305779793,0.000547291882488614,0.0201032036121264,0.000596157229139384,0.00386036238541076,0.000293192079904615,0.00132913742890092,0.00253122495650984,0.000860030101053537,0.00473993862512461,0.0113856257696292,0.00238462891655753,0.00366490099880769,0.000449561189187076,0.00170051406344677,5.8638415980923e-05,0.0118645061668067,0,0.000957760794355075,0.000381149703875999,0.000752526338421845,0.00269736713512246,0.00389945466273138,0.00189597545004984,0,0,0.000195461386603077,0,0.00186665624205938,8.79576239713844e-05,0.000820937823732922,0.000146596039952307,8.79576239713844e-05,0.00627431050995876,0.000107503762631692,0.000146596039952307,0,0,1.95461386603077e-05,0.00020523445593323,0,0,0.000127049901292,0.000801391685072614,0,0,0,0.000195461386603077,0,0.000645022575790153,0,0,6.84114853110768e-05,0.000107503762631692,0.000293192079904615,0.000146596039952307,0,0,0,0.000371376634545845,0.000390922773206153,0,0,0.000146596039952307,0,0,0,0,0.000283419010574461,0,0,0,5.8638415980923e-05,0.000498426535837845,0.000156369109282461,0,0,0,0.000781845546412306,0,0,0.00020523445593323,0,0,0,0,0,0,0,3.90922773206153e-05,0,0,0.000175915247942769,0,0,0,0,0,0,0,0,0,0,0,0,0,0,0,0,0.000107503762631692,0,0.000166142178612615,0,0,0,0,0,0,0,0,0,0,0,0,0,0,0,5.8638415980923e-05,0,0,0,0,0,0,0,0,0,0,0,0,0,4.88653466507691e-05,0,0,0,0,0,3.90922773206153e-05,0,0,0,0,0,0,0,0,0,0,0,0,5.8638415980923e-05,0,0,0,0,0,0,0,0,0,0,0,0,0,0,0,0,0,0,0,0,0,0,0,0,0,0,0,0,0,0,0,0,0,0,0,0,0,0,0,0,0,0,0,0,0,0,0,0,0,0,0,0,0,0,0,0,0,0,0,0,0,0,0,0,0,0,0,0,0,0,0,0,0,0,0,0,0,0,0,0,0,0,0,0,0,0,0,0,0,0,0,0,0,0,0,0,0,0,0,0,0,0,0,0,0,0,0,0,0,3.90922773206153e-05,0,0,0,0,0,0,0,0,0,0,0,0,0,0,0,0,0,0,0,0,0,0,0,0,0,0,0,0,0,0,0,"Healthy"
"SRR11127918",0.0611122202258158,0.0556553758789734,0.00252878152658548,0.0102149464297598,0,0.291863534526741,0.0435882078924602,0,0.00561212040549234,0.0134202879261773,0.026019830970919,6.65468822785653e-05,0.00299460970253544,0.000155276058649986,0.2690157716111,0.000155276058649986,0.00237350546793549,0.112597324815332,0.0103924047825026,0.000166367205696413,8.87291763714203e-05,0.0352365741665003,0.000232914087974978,0.00291697167321044,0.000421463587764247,0,8.87291763714203e-05,3.32734411392826e-05,0.00374880770169251,0,0.000399281293671391,0,0.00724251902131718,0.00102038552827133,0.00493556043566026,0.0106585923116169,0.000454737028903529,0,0,0.00171912779219627,0,0,0,0.000266187529114261,0.000898382910760631,0.000244005235021406,8.87291763714203e-05,0.000377098999578536,0,0,0.00250659923249262,0,5.54557352321377e-05,0.00169694549810341,0,0,2.21822940928551e-05,0.000244005235021406,0,0,0.00067655996983208,0,0,0.000709833410971363,0,0.000266187529114261,0,0,0,0,0,0,0,0.000210731793882123,0,0,0,5.54557352321377e-05,0,0,0,0,0,0,0.000133093764557131,0.00109802355759633,0,0.000521283911182095,0.000465828175949957,0,0.00231804973270336,0,0,0,0,0,0,0,0,0.00116457043987489,0.000133093764557131,0,0.000709833410971363,0,0,0,0,0,0,0,0,0,0,0,0,0,0,0,0.000743106852110645,0,0,0,0,0,0,0,0,0,0,0,0,0,0,0,0,0,8.87291763714203e-05,0,0,0.000244005235021406,0,0,0,0,0,0,0,0,0,0,0,0,5.54557352321377e-05,0,0,0,0,0,0,0,0,0,0,0,0,0,0,0,0,0,0,0,0,0,0,0,0,0,0,0,0,0,0,0,0,0,0,0,0,0,0,0,0,0,0,0,0,0,0,0,0,0,0,0,0,0,0,0,0,0,0,0,0,0,0,0,0,0.000110911470464275,0,0,0,0,0,0,0,0,0,0,0,0,0,0,0,0,0,0,0,0,0,0,0,0,0,0,0,0,0,0,0,0,0,0,0,0,0,0,0,0,0,0,0,0,0,0,0,0,0,0,0,0,0,0,0,0,0,0,0,0,0,0,0,0,0,0,0,0,0,0,0,0,0,0,0,0,0,0,0,0,0,0,0,0,0,0,0,0,0,0,0,0,0,0,0,0,0,0,"Healthy"
"SRR11127851",0.0475367161395602,0.164387287279509,0.00303053850338022,0.00307910482554977,0,0.0958893464915689,0.0603290853990209,0.000116559173206931,0.0550547828114073,0.0345403683269873,0.053014997280286,0.000417670370658171,0.0452540989975911,0.00363276089828269,0.00092276012122154,0.000602222394902479,0.0121998601289922,0,0.00517716994327454,0.000135985702074753,0.00175810086253788,0.103174294817002,0.0320440593674722,0.00415727717771389,0.00848939311523817,0.00200093247338566,0,0.019960758411687,0.0222045224959204,0.0104223327375864,0.000641075452638123,0,0.0112673867433367,0.0141910793379439,0,0.000913046856787629,0.0481292252700287,0,0.00040795710622426,0,0.00010684590877302,0,0,0.00210777838215868,0.0135014375631362,0.00393387209573393,0,0.0156577822674644,0.0113839459165436,0,0.00020397855311213,1.94265288678219e-05,0,0,5.82795866034657e-05,0.00206892532442303,0.000553656072732924,0.00126272437640842,0.00092276012122154,0.000806200948014609,0.00145698966508664,0.00129186416971016,0,4.85663221695547e-05,0,0.00347734866734012,0,0.00303053850338022,0,0.00282655995026809,0,0,0,2.91397933017328e-05,0,0,8.74193799051985e-05,5.82795866034657e-05,0.00196207941565001,0.000709068303675499,0,0,0,0,0.000417670370658171,0,0.0015055559872562,0,7.77061154712876e-05,0.000563369337166835,0,7.77061154712876e-05,0,0,0,0,0.000835340741316342,0.00761519931618618,0.000233118346413863,0,0,2.91397933017328e-05,0,0,4.85663221695547e-05,0,0,0,0,0,0.000339964255186883,0.000398243841790349,0,6.79928510373766e-05,0,0,0.00125301111197451,0,0,0,0,0,0,0,0.00184552024244308,0.00010684590877302,0.000271971404149507,0,0,0,0.00573082601600746,0,0,0,0,0.00201064573781957,0,0,0,0,0,0,0,0,0,0,0,0,0,0,0,0.000679928510373766,0,0,0,1.94265288678219e-05,0,0,0,0,0,8.74193799051985e-05,0,0,0,0,0,0,0.000174838759810397,0,0,0,0,0,0,1.94265288678219e-05,0,0,0,0,0,0,0,0,0,0,0,0,0,0,0,0,0,0,0,0,6.79928510373766e-05,0,0,0,0,0,0,0,0,0,0,0,0,0,0,0,0.000359390784054705,1.94265288678219e-05,0,0,0,0,0,0,0,0,0,0,0,0,0,0,0,0.000174838759810397,0,0,0,0,0,0,0,0,0,0,0,0,0,0,0,0,0,0,0,0,0,0,0,0,0,0,0,0,0,0,0,0,0,0,0,0,0,0,0,0,0,0,0,0,0,0,0,0,0,0,0,0,0,0,0,0,0,0,0,0,0,0,0,0,0,0,0,0,0,0,0,0,0,0,0,0,0,0,0,0,0,0,0,0,0,0,"Type 2 diabetes"
"SRR11127852",0.0487686717803795,0.075216435652447,0.00767056923698022,0.00472794150630243,0.0538913560310411,0.014497824429193,0.0330238191360517,0.0281882205176513,0.00128291391916745,0.0399228457363298,0.00818194051944557,0.024177993092002,0.0112860539182703,0.00071771408065312,0.00293365630466963,0.00332839904902884,0.00530211277082492,0.000933028304849056,0.00653119813394339,0.020185708518369,0.00335531332705334,0.000206342798187772,0.00843314044767416,0.0403983313147625,0.0012470282151348,0.0119050823128336,0.0122101107971112,0.00228771363208182,0.0570672408379312,0,0.0279101063113982,0.0165253667070381,0.00454851298613915,0.0394383887318889,0.00766159781097205,0.00104965684295519,0.0125869106894541,0.00778719777508635,0.0011214282510205,0.000520342708473512,0.000726685506661284,0,0.0014713138653389,0.000547256986498004,0.00296057058269412,0.0252276499349572,0.0025927421163594,0.0131969676580092,0.00992239716502938,0,0,0.00156102812542054,0.004485713004082,0.000116628538106132,0.00505091284259633,0.00582245547929843,0.0010227425649307,0.0004485713004082,0.000690799802628628,0.00629794105773113,0,0.00195577086977975,0.000457542726416364,0.00227874220607366,0.0148566814695196,0.0128739963217153,0.00191091373973893,0.000906114026824564,0.00235051361413897,0.00110348539900417,0,0,0.00365137038532275,8.971426008164e-05,0.00365137038532275,0.00295159915668596,0.000260171354236756,0.00365137038532275,0,0.00340914188310232,0,0,0.0012470282151348,0.000278114206253084,0.00286188489660431,0,0,0.000933028304849056,8.971426008164e-05,0.000475485578432692,0,8.0742834073476e-05,0.0105952541156417,0,0.018983537433275,0,0,0.000753599784685776,0.000152514242138788,0,0,0.00104068541694702,0,0.000394742744359216,0.00226079935405733,0.00258377069035123,0,0.000242228502220428,0.000475485578432692,0.0117346252186785,0.00749114071681694,0.00174942807159198,0.000959942582873548,0.0103081684833804,0,0.000116628538106132,0,0,0,1.7942852016328e-05,0.00110348539900417,0.000116628538106132,0.000565199838514332,0,0,0.00013457139012246,4.485713004082e-05,0.00228771363208182,0,0,0,0.000287085632261248,0.00260171354236756,0.000143542816130624,0,0,0.000349885614318396,0,0.000816399766742924,0.000592114116538824,0,0,0.000152514242138788,0.000753599784685776,0,0,0,0.000601085542546988,0,0.000439599874400036,0.0010227425649307,0.000107657112097968,6.2799982057148e-05,0,0,0.000170457094155116,0.000933028304849056,5.3828556048984e-05,0,0,0,5.3828556048984e-05,0,0,3.5885704032656e-05,0,0,0,0.0006728569506123,0,0.000834342618759252,0,0,8.971426008164e-05,0,0,0.000367828466334724,0,0.000995828286906204,0,0,0,0,0,0,0.000376799892342888,0,0,0.00110348539900417,0.000744628358677612,0,0,0.000116628538106132,0.000215314224195936,0,0.000143542816130624,3.5885704032656e-05,0,0.000125599964114296,0,0,3.5885704032656e-05,0,0,0,0,4.485713004082e-05,0,0,0,3.5885704032656e-05,0,0,0,0,0,0,0,0,0,0,0.000260171354236756,0,0,0,0,0,5.3828556048984e-05,0.000116628538106132,0,0,0,0.000107657112097968,0,0,0,0,0,0,0,0,0,0,0,0,0,0,0,0,0,0.000152514242138788,0,0,0,0,0,0,0,0,0,0,0,0,0,0,0,0,0,0,0,0,0,1.7942852016328e-05,0,0,0,0,0,0,0,0,0,2.6914278024492e-05,0,0,0,4.485713004082e-05,0,0,0,0,0,0,0,0,0,0,0,1.7942852016328e-05,0,0,0,0,0,0,0,0,1.7942852016328e-05,0,0,0,0,0,0,0,0,"Type 2 diabetes"
"SRR11127853",0.0165410405998356,0.0780202256316796,0.00181258109567061,0.0489297847683759,0,0.00984538584205782,0.0182644783629322,0.0290409167896514,0.0196214379810026,0.0493854062459762,0.00364497182080209,0.0159071324570874,0.01281683026119,0,0.000812194807896118,0,0.0011984825823833,0.00491278810629847,0.00271391923614069,0,0,0.00184229553986193,0.111686690900447,0.000396192589217619,0.00761680252770872,0,0,0.00177296183674884,0.0634997672368538,0,0.12974316815404,0,0.00135695961807034,0.0127673061875378,7.92385178435237e-05,6.93337031130833e-05,0.0235833638731788,0,0,0,0,0,0,0.00100038628777449,0.0108061528709105,0.0155307494973307,0,0.00755737363932608,0.00123810184130506,0,2.97144441913214e-05,0,0,0,0.0443537603629124,0.011311298422163,0.000485335921791583,0.000703241845861273,0.0143322669149474,0.00532879032497697,8.91433325739642e-05,0.00492269292102891,0.0145600776537475,0.000118857776765286,0,0.0238606986856311,1.98096294608809e-05,0.00063390814274819,0,0.00153524628321827,0,0,0,8.91433325739642e-05,0.0256831845960321,0.00131734035914858,0.00192153405770545,1.98096294608809e-05,0,0.00410059329840235,0,0,0.000108952962034845,3.96192589217619e-05,0.000574479254365547,0,0,0,9.90481473044047e-05,0.000584384069095988,0,0.0011984825823833,0.0187894335436456,0.00315963589901051,0,0,0.000158477035687047,0.00133714998860946,0.00208991590812294,0,0,0,0,0,0,0,0,0,0.00362516219134121,0,0.00331811293469756,0.00593298402353384,4.95240736522023e-05,0,0,0.00400154515109795,0,0,0,5.94288883826428e-05,0,0,9.90481473044047e-05,0,0,0,0,0,0,0,0,0,0,0,0,0,0,0.000940957399391844,0,0.000237715553530571,0,0,0.000435811848139381,0,0,0,0.0020800110933925,0,0,0.00189181961351413,0.00145600776537475,0,0,0,0,0,0.000604193698556869,4.95240736522023e-05,0,0,0,0.00113905369400065,0,0,0.000128762591495726,0,0,0,0,0,0,0,0,0.000168381850417488,0,0,0,0,1.98096294608809e-05,0.000614098513287309,0,0,0,0,0,0,0,0,0,0,0,0,0,0,0,0,7.92385178435237e-05,0,0,0,0,0,0,0,0,0,0,0,0,0,0,0,0,0.00021790592406969,0,0,0,0,0,0,0,0,0,0,0,0,0,0,0,0,0,0,0,0,0,0,0,0,0.000227810738800131,0,0,0,0,0,0,0,0,0,0,0,0,0,0,0,0,0,0,0,0,0,0,0,0,0,0,0,0,0,0,0,0,0,6.93337031130833e-05,3.96192589217619e-05,0,0,0,0,0,0,0,0,0,0,0,0,0,0,0,0,0,0,0,0,0,0,0,0,0,0,0,0,0,0,0,0,0,0,0,0,0,0,0,0,0,0,"Type 2 diabetes"
"SRR11127854",0.138076497672145,0.0666589500218638,0.0225840471229776,0.0857576459088921,0.0589294441443527,0.000462998688170384,0.0203333590554827,0.0412197443218355,0.00947861203282146,0.0383517246701134,0.00745942330941173,0.0234071559019472,0.00911850194202228,0.0255806775214137,0.00783239447488232,0.0107132752012758,0.00771664480283973,0,0.00212207732078092,0.000295804717442189,0.00523445739125961,0.00760089513079713,0.00329243511587828,0.000347249016127788,0.00354965660930627,0.00109319134706896,0.000990302749697765,0.00618617691694318,0.0177225608971886,0,0.033927514983152,0.00659773130642797,0.0027522699796795,0.0230727679604908,0,0.00947861203282146,0.00666203667978496,0.00537592921264501,9.00275226997968e-05,0,0,0,0.00722792396532654,0.0108290248733184,0.00399979422280526,0.00264938138230831,0.00407696067083366,0.0120636880417728,0.00953005633150706,0,0,0,0.000694498032255575,0.000347249016127788,0,0.00610901046891478,0.0027136867556653,0.00237929881420892,0,0.00360110090799187,0,0.000334387941456388,0.000450137613498984,0,0.0028680196517221,0.00820536564035291,0,0.000334387941456388,0.000913136301669367,0.000488720837513183,0,0,0,0.0119865215937444,0.000308665792113589,0.00459140365768964,0.000643053733569977,0,0,0.00643053733569977,0,0,0.000347249016127788,0.000244360418756591,0.000604470509555779,0.000192916120070993,0,0.000154332896056795,0,0.00151760681122515,0,9.00275226997968e-05,0.00189057797669573,0,0,0,3.85832240141986e-05,0.00257221493427991,0,0,0,0.000334387941456388,0,3.85832240141986e-05,7.71664480283973e-05,0,0,0.0028422975023793,0,0.000115749672042596,0.000450137613498984,0.000102888597371196,0,0.000694498032255575,0,0.000192916120070993,0,0,0,0,0,0.000192916120070993,0,0.000385832240141986,0,0,0,0,0,0,0,0.000347249016127788,0,0,0,0,0.000913136301669367,0,0,0,2.57221493427991e-05,0.000128610746713995,0.00056588728554158,0,0,0,0,0,0,0,0.000141471821385395,0.000334387941456388,0,0,0,9.00275226997968e-05,0,0.000771664480283973,0.00231499344085192,0,0,0,0,7.71664480283973e-05,0,0,0,0,0.000231499344085192,0,0,0,0,0,0,0,0,0,0.00027008256809939,0,0,3.85832240141986e-05,0,0,0.000218638269413792,0,0,0,0,0,0,0,0,0,0,7.71664480283973e-05,0,0,0,0,0,0,0,0,0,0,0.000437276538827584,0,0,0,0,0,0,0,0,0,0,0,0,0,0,0,0,0,0,0,0,0,0,0,0,0,0,0,0,0,0,0,0,0,0,0,0,0,0,0,0,0,0,0,0,0,0,0,0,0,0,0,0,0,0,0,0,0,0,0,0,0,0,0,0,0,0,0,0,0,0,0,0,0,0,0,0,0,0,0,0,6.43053733569977e-05,0,0,0,0,0,0,0,0,0,0,0,0,0,0,0,0,0,0,0,0,2.57221493427991e-05,0,0,0,0,0,0,0,"Type 2 diabetes"
"SRR11127855",0.0550435140135681,0.247969917083533,0.010741451380799,0.0274532310011649,0.0625556773795655,0.0180137737271294,0.0670612622490235,0,0.0345285410813404,0.0782909614198588,0.0601230041800863,0.017020146645652,0.041346878640444,0.000848009319536764,0.0166175563626396,0,0,0,0.000856575070239156,0.000205578016857397,0.000179880764750223,0,0.105298773384499,0.0296460631809772,0.032310011649421,0,0.000154183512643048,0.00667271979716302,0.00873706571643939,5.13945042143493e-05,0,0,0.000436853285821969,0.000197012266155006,0,0.000736654560405674,0.0211831014870143,0,0.000197012266155006,5.13945042143493e-05,0.000128486260535873,0.000967929829370246,0,0.000453984787226753,0.00237271294456246,0.000171315014047831,0.000462550537929144,0.00120777084903721,0.00358904954430206,0,0.000351195778798054,0.00011135475913109,0.00016274926334544,0.000445419036524361,0,0.00278386897827726,0.00424004659768382,0.00185020215171658,0.000179880764750223,0.000762351812512849,0.000805180566024806,0,0,0.000188446515452614,0,0,5.99602549167409e-05,0.00011135475913109,0,0.00220139793051463,0,0.000916535325155897,0,0.00016274926334544,0,0,0.00255259370931268,0.000359761529500445,0.00102789008428699,0,0,0,0.000256972521071747,0.000145617761940656,0,0,0,0.000214143767559789,6.85260056191325e-05,0,0,4.28287535119578e-05,0,0.00438566435962448,0,0,0,0.000436853285821969,0.000642431302679367,0,0,0,0,0,5.99602549167409e-05,0,0,0,0,0,0,0.000702391557596108,0.00103645583498938,0,0,0.000642431302679367,0,0,0,5.99602549167409e-05,0,0,0,6.85260056191325e-05,6.85260056191325e-05,5.99602549167409e-05,3.42630028095662e-05,0,0,0,0,0,0,0,0.000394024532310012,0,0,0,0,0,6.85260056191325e-05,0,0,0,0,0,0,0,0,0,0,0,0,0,0,0,0,0,0,0,0,0.000445419036524361,0,0,0,0,0,0,0,0,0,0,0,0,0,3.42630028095662e-05,3.42630028095662e-05,0,0,0,0,5.99602549167409e-05,0,0,0,0,0,0,0,0,0,0,0,0,0,0,0,0,0,0,0,0,0,0,0,0,0,0,0,0,0,0,0,0,0,0,0,0,5.13945042143493e-05,0,3.42630028095662e-05,0,0,0,0,0,0,0,0,0,0,0,0,0,0,0,0,0,0,0,0,0,0,0,0,0,0,0,0,0,0,2.56972521071747e-05,0,0,0,0,0,0,0,0,0,0,0,0,0,0,0,0,0,0,0,0,0,0,0,0,0,3.42630028095662e-05,0,0,0,0,0,0,0,0,0,0,0,0,0,0,0,0,0,0,0,0,0,0,0,0,0,0,0,0,0,0,0,0,0,0,0,0,0,0,"Type 2 diabetes"
"SRR11127856",0.00644252441773103,0.0621619083395943,0.000131480090157776,0.000403831705484598,0,0.00267655897821187,0.0128380916604057,0,0.00506198347107438,0.0157776108189331,0.00272351615326822,0.0648948159278738,0.00523102930127723,0.00034748309541698,0.0801934635612322,0.000122088655146506,0.00524981217129977,0,0.00856498873027799,0,0.0013335837716003,0,0.0533621337340346,0.00407588279489106,0.00353117956423742,0,0,0.00198159278737791,0.0704169797145004,0,0.249906085649887,0.00259203606311044,0.0010236664162284,0.0120961682945154,0.000216003005259204,0.0024511645379414,0.0165477084898572,0,0.000892186326070624,0.000375657400450789,0,0,0,0.00032870022539444,0.00580390683696469,0.0331893313298272,0.00269534184823441,0.00451728024042074,0.00354996243425996,0,0.000507137490608565,0,0,0.00069496619083396,0,0.00411344853493614,0.00613260706235913,0,0.0239293764087153,0.0236476333583772,0.000385048835462059,0.00203794139744553,0,0.000159654395191585,0,0.00578512396694215,0,0.000103305785123967,0.000413223140495868,0.00117392937640872,0,0,0,0.000366265965439519,0.0228024042073629,0.00066679188580015,0.0015495867768595,0,0,0.00445154019534185,0,0,0.00238542449286251,0,0.00379413974455297,0.000375657400450789,0,0.000262960180315552,0,0.00188767843726521,0,0.000150262960180316,0.0255165289256198,0.000854620586025545,0,0,0,0.00236664162283997,0.000713749060856499,0,0,0.000112697220135237,9.39143501126972e-05,0,0.000319308790383171,0,0,4.69571750563486e-05,0.005954169797145,0,0,0.00370022539444027,0.00327761081893313,0.000281743050338092,0,0,0,0,0,0,0,0.000948534936138242,0,0,0,0,0,0.00342787377911345,0,0,0,0,0,0,0,0,0.000516528925619835,0.00119271224643125,0,0.000140871525169046,0,0,0.000939143501126972,0,0,0,0,0,0,0.00197220135236664,0.00264838467317806,6.57400450788881e-05,0,0,0,0,0,0,0,0,0,0,0,0,0.000432006010518407,3.75657400450789e-05,0,0,0.000178437265214125,0,0,0,0,0.000244177310293013,0,0.000272351615326822,0,0,0,0.000460180315552216,0,0,0,0,0,0,0,0,0,0,0,0,0,0,0,0,0,0,0,0,0,0,0,0,0,0,0,0,0,0,0,0,0,0,0,0,0,0,0,0,0,0,0,0,0,0,0,0,0,0,0,0,5.63486100676183e-05,0,0.000112697220135237,0,0,0,0,0,0,0,0,0,0,0,0,0,0,0,0,0,0,0,0,0,0,0,0,0,0,0,0,0,0,0,0,0,0,0,0,0,0,0,0,0,0,0,0,0,0,0,0,0,0,0,0,3.75657400450789e-05,0,0,0,0,0,0,0,0,0,0,0,0,0,0,0,0,0,0,0,0,0,0,0,0,0,0,0,0,"Type 2 diabetes"
"SRR11127857",0.108964925787684,0.0475485084445137,0.0282230949898159,0.0818235861652259,0.0258159456588475,0.057255070119188,0.0032939938213252,0.0737737669450644,0.000419058385553206,0.0310298116186374,0.00598376392394578,0.0757618578904796,0.011373049673037,0.00334272154057557,0.000341094034752609,0.00169572462991297,0.0340119480367602,0,0.0160021830018224,0.00382025318922922,0.00229020280476752,0.00513590160898929,0.00530157585444056,0.00110124645505842,0.00370330666302833,0,0.00447320462718422,0.00978452602547485,0.00943368644687217,0.172905438988023,0.00247536813791894,0.000994045472707604,0.0027579889095711,0.0179318006841372,0,0.000945317753457232,0.00307959185662356,0.000652951437954995,0,0,0,0,0,0,0.00381050764537915,0,0.00244613150636871,0.0114022863045872,0.00354737796142714,0,0.00032160294705246,0,0,0,0,0.000165674245451267,0.00142284940211088,0.00010720098235082,0,0.000224147508551715,0.000302111859352311,0.000311857403202386,0.00120844743740924,0,8.7709894650671e-05,0.0021830018224167,0,0.000779643508005964,0.00157877810371208,0.00158852364756215,0,0,0,0,0,0.000701679157205368,0.000438549473253355,0,0,0.00131564841976006,0,0,0,0,0.000350839578602684,0,0,0.000116946526200895,0.000126692070050969,0.0005360049117541,0,0,0.000204656420851566,0.000185165333151417,0.0048630263811872,0.00042880392940328,0.000292366315502237,0.00104277319195798,0,0.000175419789301342,0,0,0,0.00137412168286051,0,0,0,4.87277192503728e-05,0,0,0,0,0.000146183157751118,0.00184190778766409,0,0,0,0,0,0,0,0,0,0,0,0,8.7709894650671e-05,1.94910877001491e-05,0,0,0,0,0,0,0,0,3.89821754002982e-05,7.79643508005964e-05,0,2.92366315502237e-05,0,0,0.000185165333151417,0,0,0,0,5.84732631004473e-05,0,0,0,0,0,0,0,0,0,6.82188069505219e-05,0,0,0,0,0,0,0,0,0,0,0,0,0,0,0,0,2.92366315502237e-05,0,0,0,0,0,0,0,0,0,0,5.84732631004473e-05,0,0,0,0,0,0,0,0,0,1.94910877001491e-05,0,0,0,0,0,0,0,0,0,0,0,0,0,0,0,0,0,0,0,0,0,0,0,0,0,0,0,0,0,0,0,0,0,0,0,0,0,0,0,0,0.000126692070050969,0,0,0,0,0,0,0,0,0,0,0,0,0,0,0,0,0,0,0,0,0,0,0,0,0,0,0,0,0,0,0,0,0,0,0,0,0,0,0,0,0,0,0,0,0,0,5.84732631004473e-05,0,0,0,0,0,0,0,0,0,0,0,0,0,0,0,2.92366315502237e-05,0,0,0,0,0,0,0,0,0,0,0,0,0,0,0,0,"Type 2 diabetes"
"SRR11127858",0.0303001338176257,0.11052380042057,0.00018160963486905,0.00264767730835404,0.203469699866182,0.109395909004015,0.0233798508889314,0.0584113936149876,0.000439686484419805,0.0502867520550564,0.0173389409290767,0.0153603517491875,0.0477824507742305,0.000382336073408526,0.134400688204932,6.69088128464921e-05,0.0055247562607532,0,0.0115561078187727,0,0.000802905754157905,0,0.0296023704836551,0.00287707895239916,0.00218887402026381,0,0.0112215637545402,0.0115656662206079,0.0334639648250812,0,0.00751290384247754,0,0.000573504110112789,0.0107245268591092,0,0.0037086599120627,0.00999808831963296,0.000114700822022558,0,0.00201682278722998,0,0.00177786274134965,0,0,0.00229401644045116,0.00308736379277385,0.00518065379468553,0.00175874593767922,0.00015293442936341,0,0.00129994264958899,0.000191168036704263,0,6.69088128464921e-05,0,0.00351749187535844,7.64672146817052e-05,0.00069776333397056,0.00390938635060218,0.00107054100554387,0.000258076849550755,0,0,0.000296310456891608,8.60256165169184e-05,0.000764672146817052,0,0,0.000563945708277576,0.000411011278914166,0,0.000458803288090231,0,0.000707321735805773,0.000248518447715542,9.55840183521315e-05,0.000267635251385968,0.000267635251385968,0.000497036895431084,0.000487478493595871,0,0,0.000401452877078952,0.000200726438539476,0.00211240680558211,7.64672146817052e-05,0,0.000353660867902887,0.000497036895431084,8.60256165169184e-05,0,0,0.000411011278914166,0,0,0.000497036895431084,0,0.000592620913783215,0,0,0,0,4.77920091760658e-05,0,0,0,0,0,0.000105142420187345,0,0,0,0,0,0,0,0,0,0,0.00033454406423246,0.000248518447715542,0,0,0,0,0,0.000200726438539476,0,0,0,0,0,0,6.69088128464921e-05,0,0.00069776333397056,0,0,0,0,0,0,0,0,0,0,0,0,0,0.000124259223857771,0,0,0,0,0.000258076849550755,0,0,0,0,0,0,0,0,0,0.000143376027528197,0,0,0,0.000105142420187345,0,0,0,0,0,0,0,0,0,0,0,0,0,0,0,0,0,0,0,7.64672146817052e-05,0,0,0,0,0,0,0,1.91168036704263e-05,0,0,0,0,0,0,0,0,0,0,0,0,0,0,0,0,0,0,0,0,0,0,0,7.64672146817052e-05,0,0,0,0,0,0,0,0,0,0,0,0,0,0,0,0,0,0,0,0,0,0,0,0,0,0,0,0,0,0,0,0,0,0,0,0,0,0,0,0,0,0,0,0,0,0,0,0,0,0,0,0,0,0,0,0,0,0,0,0,0,0,0,0,0,0,0,0,0,0,0,0,0,0,0,0,0,0,0,0,0,0,0,0,0,0,0,0,1.91168036704263e-05,0,0,0,0,0,0,"Type 2 diabetes"
"SRR11127859",0.227085321814085,0.273657590994519,0,0.000275517332992217,0.00905271236974426,0.021450992354394,0.101380538636386,0.0281224477747055,0.00454603599437157,0.0222086650201226,0.00404420085213575,0.00265677428242495,0.0874373936060299,0.00019679809499444,0.059078788117331,0,0.010194141320712,0.0026370944729255,0.00563826542159072,4.91995237486101e-05,0.000373916380489437,0,0.00126934771271414,0.00216477904493885,0.0032176488531591,0,0.000305037047241383,0.00230253771143495,0.00289293199641827,0.00014759857124583,0.0129493146506342,0,0.0106861365581981,0.00105286980822026,0.017239513121513,0.00850167770375983,0.00920031094099009,0,0,0.00577602408808683,0,0,0,0.000265677428242495,0.00739960837179096,0.00115126885571748,0,0.000718313046729708,0.000226317809243607,0,0.0190402156907121,0,0,0.000118078856996664,0,0.000236157713993329,0.00019679809499444,0.000275517332992217,0.00019679809499444,0.000118078856996664,0.00480187351786435,4.91995237486101e-05,0.000423115904238047,0.000600234189733043,0,0.000718313046729708,0,0.00077735247522804,0.000462475523236935,0.000718313046729708,0,0,9.83990474972202e-05,0.000797032284727484,3.93596189988881e-05,2.95197142491661e-05,0.000177118285494996,0,0.000186958190244718,0.000186958190244718,0,0,0.000206637999744162,0,0.000206637999744162,0,0.00253869542542828,0.00100367028447165,0.000737992856229152,8.85591427474982e-05,0,0,0,0,0,0,0,0.000619913999232487,6.88793332480542e-05,0,0,0,0,0,0,0,0,0,0,0,0,7.87192379977762e-05,0,0,0,0,0,0,0,0,0,0,0,0.000127918761746386,0,0.000108238952246942,0,0,0,0,0,0,0,0,0,0,0,0,0,0,0.000285357237741939,0.00135790685546164,0,0,0,0,0,0,0,0,0.000118078856996664,0,0,0,0,0,0,0,0,0,0,0,0,0,0,0,0,0,0,0,0,0,0,0,0,0,0,0,0,0,0,3.93596189988881e-05,0,0,0,0,0,0,0,0,0,0,0,0,0,0,2.95197142491661e-05,0,0,0,0,0,0,0,0,0,0,0,0,0,0,0,0,0,0,0,0,5.90394284983321e-05,0,0,0,0,0,0,0,0,0,0,2.95197142491661e-05,0,0,0,0,0,1.9679809499444e-05,0,0,0,0,0,0,0,0,0,0,0,0,0,0,0,0,0,0,0,0,0,0,0,0,0,0,0,0,0,0,0,0,0,0,0,0,0,0,0,0,0,0,0,0,0,0,0,0,0,0,0,0,0,0,0,0,0,0,0,0,0,0,0,0,0,0,0,0,0,0,0,0,0,0,0,0,0,0,0,0,0,"Type 2 diabetes"
"SRR11127860",0.0837964279252501,0.176604892002033,0.00939112753840454,0.0147242540946178,0.0594398063187642,0.129046154376352,0.06078385759949,0.0709073207716233,0.00105111702723427,0.060137679099141,0.01702464955586,0.023693211679461,0.0128977228669648,0.000999422747206355,0.000491095660265192,0,0.00180068408763904,0.00010338856005583,0.0031619667950408,8.61571333798582e-05,6.03099933659007e-05,0.0976849578260832,0.0277339812349763,0.000715104207052823,0.00398045956214945,0,0,0.00311888822835087,0.0117518329930127,0,0.00196438264106077,0.0092360446983208,0.00419585239559909,0.00220562261452437,0.0220131475785538,0.000921881327164483,0.00600515219657612,0.000344628533519433,2.58471400139575e-05,2.58471400139575e-05,0,5.16942800279149e-05,0,0,0.00603099933659007,0.00275702826815546,0,0.00561744509636675,0.000336012820181447,0,0,0,0,0.000172314266759716,0,0.000508327086941163,0.000249855686801589,0.00148190269413356,0,0.000198161406773674,0.000120619986731801,0,3.44628533519433e-05,0.000129235700069787,0,0.00183514694099098,0,0.000568637080307064,0,0.000551405653631092,0,0,0,0.000120619986731801,0.00026708711347756,0.00057725279364505,6.03099933659007e-05,2.58471400139575e-05,0,0.000301549966829504,0,0,0.000215392833449645,0,6.89257067038866e-05,0,0.000224008546787631,0,3.44628533519433e-05,0,0.000973575607192397,0,0,0.00010338856005583,0,0,7.75414200418724e-05,0.000284318540153532,0.000198161406773674,0,4.30785666899291e-05,0,0,0,3.44628533519433e-05,0,0.00184376265432897,0,0,0,0.000353244246857419,0,0,0.000637562787010951,0,0,0,0,0,0,0,0,0,0,0,5.16942800279149e-05,0,0,0,0,0,0,0,0,0,0.00304996252164698,0,0,0,0,0,0,0,0,0,0,0,0,0,0,0,0,0,0,0,0.000112004273393816,0,0,0,0.000482479946927206,0,0,0,0,0,0,0,0,0,0,0,0,0,8.61571333798582e-05,0,0,0,0,0,0,0,0,0,0,0,0,0,0,0.000172314266759716,0,0,0,0,0,0,0,0,0,0,0,0,0,0,0,0,0,3.44628533519433e-05,0,0,0,0,0,0,0,0,0,0,0,0,0,0,0,0,0,0,0,0,0,0,0,0,0,0,0,0,0,0,0,0,0,0,0,0,0,0,0,0,0,0,0,0,0,0,0,0,0,0,0,0,0,0,0,0,0,0,0,0,0,0,0,0,0,0,0,0,0,0,0,0,0,0,0,0,0,0,0,0,0,0,0,0,0,0,0,0,0,0,0,0,0,0,0,0,0,0,0,0,0,0,0,0,0,0,0,0,0,"Type 2 diabetes"
"SRR11127861",0.0333475772733747,0.0914293374892123,0.0866031554516586,0.0931134739294003,0.0335235318268272,0,0.0593218208782646,0.111153005052409,0.0255301678271288,0.0532136842369857,0.0300379559108162,0.108630989786257,0.0168246068253609,0.00416425776504202,0.0110683792909869,0.0226143495127735,0.0131546975676378,0.000653545484252067,0.00485131840233265,0.000343530318645318,0.0123168187416736,0,0.00651031847774175,0.00138250006284091,0.00745712155108128,0,0.000201090918231405,0.0069795306202817,0.0113616368800744,0.000335151530385676,0.0144450309596226,0.0017595455345248,0.00129033339198485,0.00140763642761984,0,0.00425642443589808,0.0144282733831033,0.000301636377347108,0.000553000025136365,0,0,0.000150818188673554,0,0,0.00781740944624588,0.00135736369806199,0.0023209243479208,0.00580650026393183,0.000536242448617081,0,0,0,0.00031001516560675,0.000259742436048899,0.00143277279239876,0.000946803073339534,0.00135736369806199,0.00133222733328306,0.000385424259943527,0.00246336374833472,5.86515178174932e-05,0.000276500012568182,0.00460833354280304,0.000519484872097797,0.000251363647789257,0.00243822738355579,6.70303060771351e-05,0.000301636377347108,0.00105572732071488,0.000418939412982095,0,0,0,0.000980318226378101,0.00057813638991529,0.000494348507318872,0.000251363647789257,8.37878825964189e-05,0,0.000125681823894628,0,0,0.00290743952609574,0,0,0,0,0.000393803048203169,0.000318393953866392,5.02727295578513e-05,0,0.000770848519887054,0.000301636377347108,0.000544621236876723,0.000100545459115703,0,4.18939412982095e-05,0.000100545459115703,0.00044407577776102,0,0.000117303035634986,0,0,0,0.000117303035634986,0,0,0,0.000603272754694216,0,0.000117303035634986,0.000452454566020662,9.21666708560608e-05,0.000117303035634986,0,0.000301636377347108,0,0,0.000402181836462811,0,0,0,0,0.000100545459115703,0,0,0,5.02727295578513e-05,0,0,0,0.000435696989501378,0,0,0,0,5.86515178174932e-05,0,0,0,4.18939412982095e-05,0,0,0,0,0,0,0,0,0.000150818188673554,5.86515178174932e-05,5.86515178174932e-05,0,0,0,1.67575765192838e-05,0,0,0,0,0,0,0,0,0,5.02727295578513e-05,0,0,0,0,0,0,0,5.86515178174932e-05,0,0,0,0.000150818188673554,0,0,0,0,0,0,0,0,0,0,0,0,0,0,0,0,0,0,0,0,2.51363647789257e-05,0,0,3.35151530385676e-05,0,0,0,0,0,0,0,0,0,0,0,0,0,0,4.18939412982095e-05,0,0,0,0,0,0,0,0,0,0,0,0,0,0,0,4.18939412982095e-05,0,0,0,0,0,0,0,0,0,0.000108924247375345,0.00017595455345248,0,0,0,0,0,0,0,0,0,2.51363647789257e-05,0,0,0,0,0,0,0,0,0,0,0,0,0,0,0,0,0,0,0,0,0,0,0,3.35151530385676e-05,0,0,0,0,0,0,0,0,0,0,0,0,0,0,3.35151530385676e-05,0,0,0,0,0,0,0,0,0,0,0,0,0,0,0,0,0,0,0,0,0,0,0,"Type 2 diabetes"
"SRR11127862",0.0488847309074794,0.136057905362155,0.00778964990890738,0.13976069722783,0.0426411935595056,0,0.027603525530553,0.130996110098971,0.00324979073317249,0.0792358067851691,0.00456940272785465,0.00214683145403516,0.0509626274065685,0.0038899010291004,0.00212713575262199,0.00177261312718499,0.00915850115712246,0.00146732975528091,0.00734649662711113,0.0199517455315377,0.00210744005120882,0.0211925747205672,0.000925697966418829,0.0932886897434635,0.0126840317100793,5.90871042394997e-05,0.000265891969077749,0.00216652715544832,0.00207789649908907,0,0.00120143778620316,0.0115515288788222,0.00279678960066965,0.00545570929144714,0.000108326357772416,0.0107440051208824,0.00262937613865774,0.00233394061746024,0.00435275001230981,0.000246196267664582,0.00204835294696932,0.000492392535329164,0,0.00121128563690974,0.0111674627012654,7.87828056526663e-05,0.00317100792751982,0.00773056280466788,0.0167019547983653,0.00149687330740066,0,0.000906002265005663,0.00071889310158058,0.00146732975528091,0,0.000738588802993747,0.000177261312718499,0.000600718893101581,0.00080752375793983,0.000147717760598749,0,0.000108326357772416,0.00293465951056182,6.8934954946083e-05,4.92392535329164e-05,0.00120143778620316,0,0.000768132355113496,0.00128022059185583,0.00305283371904082,0,0.000216652715544832,7.87828056526663e-05,9.84785070658329e-05,2.95435521197499e-05,0.000216652715544832,0,0.000374218326850165,0,0.000295435521197499,0,0,0,0.000886306563592496,0.000108326357772416,2.95435521197499e-05,0.000521936087448914,0,0.000216652715544832,0,0,8.86306563592496e-05,0.000236348416957999,0.000128022059185583,0.000187109163425082,0.000295435521197499,7.87828056526663e-05,9.84785070658329e-05,0,0,0,0,0,0,0,0,0.000157565611305333,3.93914028263332e-05,0,0,4.92392535329164e-05,0,0,0.000403761878969915,0,0,0.00291496380914865,0,0.000167413462011916,0.000453001132502831,0,0,0,0.000137869909892166,0,0,0,0,0,0,0,0,0,0.000147717760598749,0,0,0,0,0,0,0,0,0,0,0,0,0,0.000128022059185583,0,0,0,0,0,0,0,6.8934954946083e-05,0,0,0,3.93914028263332e-05,0,0,0,8.86306563592496e-05,0,5.90871042394997e-05,6.8934954946083e-05,0,4.92392535329164e-05,0,0,0,0,0,0,0,0,0,0.000334826924023832,0,0,0,0,0,0,0,0,0,0,0,0,9.84785070658329e-05,0,0,0,0,0,0,0,0.000324979073317249,0,0,0,0,0,0,0,0,0,0,0,0,0,0,0,0,0,0,0,0,0,0,0,0,2.95435521197499e-05,0,0,0,0,0,0,0,0,0,0,0.000256044118371165,0,0,0,0,0,0,0,0,0,0,0,0,0,0,0,0,0,0,0,0,0,0,0,0,0,0,0,0,0,0,0,0,0,0,0,0,0,0,0,0,0,0,0,0,0,0,0,0,0,0,0,0,0,0,0,0,0,0,0,0,0,0,0,0,0,0,0,0,0,0,0,0,0,0,0,0,0,0,0,0,"Type 2 diabetes"
"SRR11127863",0.0226406376342844,0.0615686727503754,0.00658426706711332,0.0140926417927689,0.0056601594085711,0,0.00646875360979554,0.00311886334757999,0.00415848446343999,0.0105117246159178,0.00427399792075777,0.0889453621346887,0.0130530206769089,0.000808594201224443,0,0.00219475568903777,0.00288783643294444,0,0.0056601594085711,0.00311886334757999,0.000808594201224443,0,0.00531361903661777,0.00450502483539332,0.0046205382927111,0,0,0.00542913249393554,0.0457433290978399,0.0559085133418043,0.000808594201224443,0.0149012359939933,0.00438951137807555,0.0671133187016287,0.00138616148781333,0,0.0149012359939933,0,0.00092410765854222,0.000577567286588888,0,0,0,0.00127064803049555,0.00300334989026222,0.0583342959454776,0,0.0180200993415733,0.0138616148781333,0,0,0,0,0,0,0.00196372877440222,0.00334989026221555,0,0.0056601594085711,0.0056601594085711,0,0.000693080743906665,0.01143583227446,0,0,0.0189442070001155,0,0.00046205382927111,0,0.00184821531708444,0,0,0,0,0.00103962111586,0.000808594201224443,0.00254129606099111,0,0,0.0132840475915444,0,0,0.00150167494513111,0,0.000693080743906665,0,0,0,0,0,0,0,0,0.00311886334757999,0.00288783643294444,0,0,0,0.000577567286588888,0,0,0.000346540371953333,0,0,0.00334989026221555,0,0.000231026914635555,0.00334989026221555,0,0,0,0.00277232297562666,0.00288783643294444,0,0,0,0,0,0,0,0,0,0.000693080743906665,0,0,0,0,0,0,0,0,0,0,0,0,0,0.00092410765854222,0.000693080743906665,0,0.000808594201224443,0,0,0,0,0,0.0355781448538755,0,0,0,0.00404297100612221,0,0,0,0,0,0,0,0,0,0,0,0,0,0,0,0,0,0,0.000346540371953333,0,0,0,0,0,0,0.00046205382927111,0,0,0,0,0.00219475568903777,0,0.00046205382927111,0.00115513457317778,0,0,0,0,0,0,0,0,0,0,0,0,0,0,0,0,0,0,0,0,0,0,0.000346540371953333,0,0,0,0,0,0,0,0,0.000346540371953333,0,0,0,0,0,0,0,0,0,0,0,0,0,0,0,0,0,0,0.000346540371953333,0,0,0,0,0,0,0,0,0,0,0,0,0,0,0,0,0,0,0,0,0,0,0,0,0,0,0,0,0,0,0,0,0,0,0,0,0,0,0,0,0,0,0,0.00092410765854222,0,0,0,0,0,0,0,0,0,0,0,0,0,0,0,0,0,0,0,0,0,0,0,0,0,0,0,0,0,0,0,0,0,0,0,0,0,"Type 2 diabetes"
"SRR11127864",0.0111419614867891,0.0474339453649798,0.00848186296462159,0.0104254366323332,0.0209673085535154,0,0.0171249440214957,0.00984326018808777,0,0.0175190326914465,0.0109717868338558,0.127845947156292,0.00503358710255262,0.000376175548589342,0.00620689655172414,0.000573219883564711,0.00197044334975369,0,0.000376175548589342,0.00139722346618898,0.00146887595163457,0,0.0353515450067174,0.00391401701746529,0.0025884460367219,0,0.00149574563367667,0.00550828481862965,0.0640214957456337,0.000143304970891178,0.132682489923869,0,0.0012718316166592,0.0475503806538289,0.000143304970891178,0.00183609493954322,0.0274339453649798,0.00174652933273623,0.000412001791312136,0.00404836542767577,0,0,4.47828034034931e-05,0.00038513210927004,0.00328705776981639,0.0168920734437976,0.0452575011195701,0.012512315270936,0.0096730855351545,0,0,0,0,9.85221674876847e-05,0.012154052843708,0.00173757277205553,0.00123600537393641,0.000510523958799821,0.0131213613972235,0.00746977160770264,0,0.00550828481862965,0.000277653381101657,0.000635915808329601,0.00459471562919839,0.01551276309897,0,0.000680698611733094,0.00164800716524854,0.000913569189431258,0.0189431258396776,0,0.000116435288849082,0.000806090461262875,0.00806090461262875,0.00125391849529781,0.00134348410210479,0.000250783699059561,8.95656068069861e-05,0.00767577250335871,0,0,0.000725481415136588,0.000116435288849082,0.00219435736677116,0,0,0.000304523063143753,0,0.00142409314823108,0,0.000698611733094492,0.0170532915360502,0.000492610837438424,0.000134348410210479,0,0,0.00234661889834304,0.000313479623824451,0,0,0.000214957456336767,0,0.00784594715629198,0.00334975369458128,0,0.000832960143304971,0.00335871025526198,0.00178235557545902,0.000125391849529781,0.00116435288849082,0.00377071204657412,0.00090461262875056,8.95656068069861e-05,0,0.000250783699059561,0,0,0,0,0.000689655172413793,0,0.00248096730855352,5.37393640841917e-05,0,0,5.37393640841917e-05,0.00621585311240484,0,0,0,0.000304523063143753,0,0,0,0,0.000358262427227944,0.00138826690550828,0,0.00058217644424541,0,0,0.00038513210927004,0,0,0,0,0,0,0.00113748320644872,4.47828034034931e-05,0.000161218092252575,0.000161218092252575,0,0,0,6.26959247648903e-05,6.26959247648903e-05,0,0,0,0,0,5.37393640841917e-05,0.000125391849529781,6.26959247648903e-05,0,0,0.000420958351992835,0,0,0,0,0.000250783699059561,0,0.000752351097178683,0.000788177339901478,0,2.68696820420958e-05,4.47828034034931e-05,0,0,0.000179131213613972,0,0,0,0,0,0,0,0,0,6.26959247648903e-05,8.95656068069861e-05,0,2.68696820420958e-05,6.26959247648903e-05,0,0.000143304970891178,0,0.000161218092252575,3.58262427227944e-05,0,0,0,0,0,0,0,0,0.000412001791312136,0,0,0,0,0,0,0,0,0,0,0,0,0,0,0,0,0.000125391849529781,0,0,0,0,0,0,3.58262427227944e-05,0,0,0,0,0,0,0,0,0,0,0,0,0,0,0,0,6.26959247648903e-05,0,0,0,0,0,0,0,0,0,0,0,0,0,0,0,0,0,0,0,0,0,0,0,0,0,0,0,0,0,0,0,0,0,0,0,3.58262427227944e-05,0,0,0,0,0,0,0,0,0,0,0,0,0,0,0,0,0,0,0,0,0,0,0,0,0,0,0,0,"Type 2 diabetes"
"SRR11127872",0.0863376087952359,0.174415941365094,0.00203847915712322,0.0154832798900596,0,0.135879523591388,0.0373339441136051,0,0.0239349519010536,0.0231791113147045,0.065048098946404,0.00538250114521301,0.0391548327989006,0.0021530004580852,0.00570316078790655,0.000206138341731562,0.0159184608337151,0.00196976637654604,0.0262253779202932,6.87127805771874e-05,0.00081310123683005,0.0792487402656894,0.0393037104901512,0.000125973431058177,0.00221026110856619,0,0,0.00462666055886395,0.00627576729271645,0.000183234081539166,0.00112230874942739,0.0043747136967476,0.00692853870819973,0.0186097114063216,0.025870361887311,0.000606962895098488,0.0395785616124599,0,0.000251946862116354,0.000710032065964269,0,0,0,0,0.0133302794319743,0.00123683005038937,0,0.00700870361887311,0.000206138341731562,0,0.000492441594136509,0,0.000274851122308749,0.000148877691250573,0,0,0.0027141548327989,0.00152313330279432,0.000641319285387082,0.00147732478240953,0.000148877691250573,6.87127805771874e-05,0,0.000160329821346771,0,0.00310352725606963,0,0.00147732478240953,0.00136280348144755,0.00310352725606963,0,0,0,9.16170407695831e-05,0,0.001099404489235,6.87127805771874e-05,0,0,0.00361887311039853,0,0,0.000332111772789739,0,0.000206138341731562,0,0.000446633073751718,0,9.16170407695831e-05,0,0.00317224003664682,0.000274851122308749,0,0.000847457627118644,0,0,0.000183234081539166,0.000641319285387082,0,0,0,0.000148877691250573,0,0,0.000160329821346771,0,0,0,0,0,0.000939074667888227,0,5.72606504809895e-05,0.000503893724232707,0,0,0,0,0,0,0,0,0,0,0,0,0,0,0,0,0,0,0,0,0,0,0,0,9.16170407695831e-05,6.87127805771874e-05,0,0,0,0,0,0,0,0,0,0,0,0,0,0,0,0,0,0,0,0,0,0,0,0,0,0,0,0,0,0,0,0,0,0,0,0,0,0,0,0,0,0,0,0,0,0,0,0,0,0,4.58085203847916e-05,0,0,2.29042601923958e-05,0,0,0,0,0,0,0,0,0,0,0,0,0,0,0,0,0,0,0,0,0.000183234081539166,0,0,0,0,0,0,0,0,0,0,0,0,0,0,0,0,0,0,0,0,0,0,0,0,0,0,0,0,0,0,0,0,0,0,0,0,0,0,0,0,0,0,0,0,0,0,0,0,0,0,0,0,0,0,0,0,0,0,0,0,0,0,0,0,0,0,0,0,0,0,0,0,0,0,0,0,0,0,0,0,0,0,0,0,0,0,0,0,0,0,0,0,0,0,0,0,0,0,0,0,0,"Type 2 diabetes"
"SRR11127873",0.128923469556859,0.177082297570515,0.00125120148486958,0.016795929866428,0.0827698783600146,0.103427132014186,0.0425822809983096,0.0657667959298664,0.00381989327499917,0.0240877001093766,0.0171770905836731,0.0294570945610023,0.0432948858175069,0.00841868018958603,0.00087004076762454,0,0.00768950316529117,0.000132577640780882,0.00753206721686388,0.000107719333134467,0.00630572403964071,0.000455735640184283,0.0219084551390408,4.14305127440257e-05,0.0165142023797687,0,0.00635544065493355,0.00268469722581287,0.0035381657883398,0,0.00658745152630009,0.00696032614099632,0.00523681681084485,0.00592456332239568,0.0124125816181101,0.000604885486062776,0.0106227834675682,0.000389446819793842,0.000422591229989062,0.000157435948427298,0,0,0,0.00189751748367638,0.0157021643299857,0.00221238938053097,0,0.0146581154088363,0.00497994763183189,0,0,0,0,0.000281727486659375,0.00286699148188658,0.0040270458387193,0.000339730204501011,0,0.000397732922342647,0.000969473998210202,0,0.000215438666268934,0.000132577640780882,0,0.000256869179012959,0.00355473799343741,2.48583076464154e-05,0.000488880050379503,0.000729177024294853,0.000977760100759007,0,0,0,0.00178151204799311,0.00104404892114945,0.00123462927977197,0.000107719333134467,4.14305127440257e-05,0,0.00195552020151801,0,0,0.00030658579430579,4.14305127440257e-05,0.000314871896854596,0,0,0,0.000339730204501011,5.8002717841636e-05,9.94332305856617e-05,0,0.000298299691756985,0,0.000812038049782904,0,0,0.000132577640780882,0,0,0.000149149845878493,0,0,0,2.48583076464154e-05,0,0,0.000107719333134467,0,0,0.0045159258890988,7.45749229392463e-05,0,0.000190580358622518,0,0.000232010871366544,0,0,0,0,0,0,0,0,0,0.000223724768817739,0,0,0,0,0,0.000198866461171323,0,0,0,0,0,0,0,0,2.48583076464154e-05,4.97166152928309e-05,0.000174008153524908,0,0,0,0,0.000140863743329687,0,0,0,3.31444101952206e-05,0,0,0,0,0,0,0,0,0,0,0,0,0,2.48583076464154e-05,0,0,0,0,0,0,0,0,0,0,0,0,0,0,0,0,0,0,0,2.48583076464154e-05,0,0,0,0,0,0,3.31444101952206e-05,0,0,3.31444101952206e-05,0,0,0,0,2.48583076464154e-05,0,0,0,0,0,0,0,0,0,0,0,0,0,0,0,0,0,0,0,0,0,0,0,3.31444101952206e-05,0,0,4.14305127440257e-05,0,0,0,0,0,0,4.14305127440257e-05,0,0,0,0,0,0,0,0,0,0,0,0,0,0,0,0,0,0,0,0,0,0,0,0,0,0,0,0,0,0,0,0,0,0,0,0,0,0,0,0,0,0,0,0,0,0,0,0,0,0,0,0,0,0,0,0,0,0,0,0,0,0,0,0,0,0,0,0,0,0,0,0,0,0,0,0,0,0,0,0,0,"Type 2 diabetes"
"SRR11127877",0.0214793879738817,0.269759282720982,0.0485820095507261,0.135824968326674,0.00841048630737745,0.00220251437481727,0.0786278140532112,0.0429392846701101,0.000116947665919501,0.0379300263132248,0.0146671864340708,0.00415164214014229,0.0474417698080109,0.0499756359029334,0.000750414189650132,0.0241984212065101,0.00253386609492252,0,0.00383978169769028,0.00114998538154176,0.0200760159828477,0.0555306500341097,0.00216353181951077,0.00132540688042101,0.00639313907026606,0.000165675860052626,0.0155150570119871,0.00163726732287301,0.000994055160315759,0,0.000799142383783257,0.0169671571971543,0.00289445473150765,0.00150082837930026,0,0.00211480362537764,0.00408342266835591,0.000760159828476757,0,0,0,0,0,0.00142286326868726,0.00795244128252607,0.000214404054185752,0,0.00704609687164994,3.89825553065003e-05,0,0,0.000116947665919501,2.92369164798753e-05,0,0.000380079914238378,0.00061397524607738,0.000155930221226001,0.00115973102036839,0.000370334275411753,0.000311860442452003,7.79651106130007e-05,2.92369164798753e-05,0,0,9.74563882662509e-05,0.000292369164798753,0,0.00053601013546438,9.74563882662509e-05,0.000282623525972127,0,0,0,0.000136438943572751,0.000185167137705877,0.00173472371113927,7.79651106130007e-05,9.74563882662509e-05,0,0.000545755774291005,0,0,7.79651106130007e-05,0,0,0,0,0,0.000155930221226001,0,0,0,5.84738329597505e-05,0,1.94912776532502e-05,0,0,0,0.000321606081278628,0,0,0.000272877887145502,0,0,3.89825553065003e-05,0,0,0,1.94912776532502e-05,0,6.82194717863756e-05,0,3.89825553065003e-05,8.77107494396258e-05,0,0,0,0,0,4.87281941331254e-05,0,0,0,0,0,9.74563882662509e-05,0,0,0,0,0,0,0,0,0,0,0,0,0,0,0,0,0,0.000116947665919501,6.82194717863756e-05,0,0,0,0,0,3.89825553065003e-05,0,0,0,0,7.79651106130007e-05,0,0,0,0,0,0,0,4.87281941331254e-05,0,0,0,0,0,0,0,0,0,0,2.92369164798753e-05,0,0,0,0,0,0,0,0,0,5.84738329597505e-05,0,0,0,0,0,0,0,0,0,0,0,0,0,0,0,0,0,0,0,0,0,0,0,0,0,0,0,0,0,0,0,0,0,0,0,0,0,0,0,0,0,0,0,0,0,0,0,0,0,0,0,0,0,0,0,0,0,0,0,0,0,0,0,0,0,0,0,0,0,0,0,0,0,0,0,0,0,0,0,0,0,0,0,0,0,0,0,0,0,0,0,0,0,0,0,0,0,0,0,0,0,0,0,0,0,0,0,0,0,0,0,0,0,0,0,0,0,0,0,0,0,0,0,0,0,0,0,0,0,0,0,"Type 2 diabetes"
"SRR11127883",0.0672662439832789,0.123350929624147,0.0649759331154745,0.0949920397732034,0.130333584708916,0.11598655606141,0.0322691766984145,0,0.0108929419322403,0.0519416436239049,0.0157063188373414,0.0569505348713795,0.0175497397797205,0.00177824949492128,0.00127549832881788,0.00396614808814904,0.00570715675595155,0.000754126749155099,0.0035099479559441,6.5171447457848e-05,0.00257892727797484,0,0.0120008565390237,0.00368684188475826,0.0100270927017289,0.0010055023322068,4.65510338984629e-05,0.00679645094917558,0.0107532888305449,0,0.0101481253898649,0.000595853233900325,0.00180618011526036,0.00267202934577177,0.00471096463052444,0.000707575715256636,0.0214693368339711,0.000409649098306473,6.5171447457848e-05,0.000335167444068933,0,0,0,0.00148032287797112,0.00939399864070981,0.00106136357288495,0.000167583722034466,0.00782988390172146,8.37918610172332e-05,0,0,0,0.000195514342373544,0,0.00161066577288682,0.00166652701356497,0.000772747162714484,0.000884469644070795,0,0.00160135556610712,0,0.00160135556610712,0.000279306203390777,0.000148963308475081,0,0.0046457931830666,3.72408271187703e-05,0.000446889925425244,0.000586543027120632,0.000726196128816021,0,0,0,1.86204135593852e-05,0.00065171447457848,0.00104274315932557,0.000521371579662784,0,0,6.5171447457848e-05,0,0,0.0010055023322068,0,0.000148963308475081,0,0,0,0,6.5171447457848e-05,0,0.000223444962712622,0,0,0.000800677783053562,0,0,0,0.000791367576273869,0,0,9.31020677969258e-05,0,9.31020677969258e-05,0,0,0,3.72408271187703e-05,2.79306203390777e-05,0,0,0.000502751166103399,0.000409649098306473,0.000391028684747088,0,0,0,0,0,0,0.000130342894915696,0,0,0,0,0,0,1.86204135593852e-05,0,0,0,0,0,0,0,0,4.65510338984629e-05,0.000279306203390777,0,0,0,0,0,0,0,0,0,0,0,0,3.72408271187703e-05,0,0,0,0,6.5171447457848e-05,0,0,8.37918610172332e-05,0,0,0,0,0,0,0,0,0,9.31020677969258e-05,0,0,0,0,7.44816542375406e-05,0,0,0,0,0,0,0,0,0,0,0,0,0,0,0,0,0,0,0,0,0,0,2.79306203390777e-05,0,6.5171447457848e-05,0,0,0,0,0,1.86204135593852e-05,0,0,0,0,0,0,0,0,0,0,0,0,0,0,0,0,0,0,0,0,0,0,0,0,0,0,0,0,0,0,0,6.5171447457848e-05,0,0,0,0,0,0,0,0,0,0,0,0,0,0,0,0,0,0,0,0,0,0,0,0,0,0,0,0,0,0,0,0,0,0,0,0,0,0,0,0,0,0,0,0,0,0,0,0,0,0,0,0,0,0,0,0,0,0,0,0,0,0,0,0,0,0,0,0,0,0,0,0,0,0,0,0,0,0,0,"Type 2 diabetes"
"SRR11127886",0.0475587051243311,0.126407314624375,0.161645010673659,0.0711187359268538,0.0575890202653306,0.22241175954537,0.0152355515698564,0.0101667820136662,0.000380157716714268,0.00188129331604753,0.00644318591661874,0.00875337511819006,0.0383082006842839,0.0109076021795709,0.00926025207380908,0.0140658355184279,0.00541968437161879,0.0702511965220443,0.00275858035461892,0.000292429012857129,0.0159276335669516,0.00398678220861886,0.000165709773952373,0.000750567799666631,0.0027293374533332,0.00548791780795212,0.00230044156780941,0.00097476337619043,0.00616050453752352,0,0.000614100926999971,0,0.00124769712152375,0.00170583590833325,0,0.00323621440895223,0.00123794948776185,0.00558539414557116,0,5.84858025714258e-05,0,0,0.0333758980007603,0.000311924280380938,0.00149138796557136,2.92429012857129e-05,0.000740820165904727,0.000477634054333311,0,0,0,0,0,0,0,0.000146214506428564,0.000565362758190449,0.00223220813147608,0,0,0,0,0,0,0,0.000428895885523789,0.000107223971380947,4.87381688095215e-05,0,6.82334363333301e-05,0,0,0.000916277573619004,0.000107223971380947,0,0,7.79810700952344e-05,0,0,3.89905350476172e-05,0,0,0,0,0,0,0,0.000263186111571416,0.00315823333885699,0,0,0,9.7476337619043e-05,0,0,0,0,0,0,0,0,0,0,0,0,0,0,0,1.94952675238086e-05,0,0,0,0,0,0,0,0,0,0,3.89905350476172e-05,0,0,0,0,0,0,0,0,0,0,0,0,0,0,0,0,0,0,0,0,0.000380157716714268,0,0,0,0,0,0,8.77287038571387e-05,0,0,0,0,0,0,0,0,0,0,0,0,0,0,0,2.92429012857129e-05,0,0,0.000175457407714277,0,0,0,0,0,0,0,0.000116971605142852,0,0,0,0,0,0,0,0,0,0,0,0,0,0,0,0,0,0,0,0,0,0,0,0,0,0,0,0,0,0,0,0,0,0,0,0,0,0,0,0,0,0,0,0,0,0,0,0,0,0,0,0,0,0,0,0,0,0,0,0,0,0,0,0,0,0,0,0,0,0,0,0,0,0,0,0,0,0,0,0,1.94952675238086e-05,0,0,0,0,0,0,0,0,0,0,0,0,0,0,0,0,0,0,0,0,0,0,0,0,0,0,0,0,0,0,0,0,0,0,0,0,0,0,0,0,0,0,0,0,0,0,0,0,0,0,0,0,0,0,0,0,0,0,0,0,"Type 2 diabetes"
"SRR11127893",0.108782120819773,0.0698230511716882,0.091413840967678,0.0470658221646779,0,0,0.0244602302551003,0.0390290560007465,0.0391340355297384,0.0155836278592341,0.0474974046727555,0.000583219605510259,0.0305023853681865,0.00821173204558445,0.0505301466214088,0.0215674610117694,0.0137056607294911,0,0.000326602979085745,0.00153969975854708,0.0232471334756389,0,0,0.0186396985921079,0.00582053166299238,0,0.00425750312022489,0.000198294665873488,0.00501568860738823,0,0.0029394268117717,0,0.011314460346899,0.00166800807175934,0.00150470658221647,0.0175432457337486,0.000758185487163337,0,0,0.00100313772147765,0,0,0,0.00962312349091927,0.000956480153036825,8.16507447714362e-05,0.000163301489542872,0.00170300124808996,0.000793178663493952,0,0,0.125718818163791,0,4.66575684408207e-05,0,0,6.99863526612311e-05,0.000174965881653078,0,0.000583219605510259,0,0,0,0.0303857414470845,0,0,0.0493520430182781,0,0,0,0,0,0.000443246900187797,0,0,0,0,0.0287760553358762,0,0,0,0,0.000431582508077592,0.0250084566842799,0.000198294665873488,0,0,0.0011197816425797,0,0,0,0,0.00251950869580432,0,0,0,0,0,6.99863526612311e-05,0,0,0,0,0,0,0,0,0,4.66575684408207e-05,0,0,0,0,0,0,0,0,0,0,0.00503901739160864,0,0,0,0,0,0.000104979528991847,0,0,0,0,0,0,0,0.00423417433600448,0,0,0,0,0,0.000874829408265388,0,0,0,0,0,0,0,0.000268281018534719,0,0,0,0,0,0,0,0,0,0,0,0,0,0,0,0.000583219605510259,0,0,0,0,0,0,0,0,0,0,0,0,0,0,0.00108478846624908,0,0,0,0,0,0,0,0,0,0,0,0,0,0,0,0,0.000244952234314309,0,0,0,0,9.33151368816414e-05,0,0,0,0,0,0,0,0,0,0,0,0,0,0,0,0,0,0,0,0,0,0,0,0,0,0,0,0,0,0,0,0,0,0,0,0,0,0,0,0,0,0,0,0,0,0,0,0,0,0,0,0,0,0,0,0,0,5.83219605510259e-05,0,0,0,0,0,0,0,0,0,0,0,0,0,0,0,0,0,0,0,0,0,0,0,0,0,0,0,0,0,0,0,0,0,0,4.66575684408207e-05,0,0,0,0,0,0,0,0,0,0,0,0,0,0,0,0,0,0,0,0,0,0,"Type 2 diabetes"
"SRR11127900",0.0725191224339659,0.250299811547028,0.000483729554868033,0.00108839149845307,0.0343951868909291,7.05438934182547e-05,0.0372975642201373,0.0506202823771277,0.0187646756492558,0.0863759586411231,0.0137459815174999,0.0314222656683026,0.00798153765532254,0.00178375273357587,0.00164266494673936,7.05438934182547e-05,0.00470628546090357,0.000544195749226537,0.00258996865835592,0,0.000433341059569279,0.00459543077124631,0.0116296647149523,0.00104808070221407,0.00681252456439146,8.06215924780054e-05,4.03107962390027e-05,0.00572413306593839,0.00608693023208941,0,0.00915055074625361,0.0503179514053351,0.00343649537937498,0.0188150641445545,0,0.0015519656552016,0.0162452508843181,0.000403107962390027,0.00122947928528958,0.00338610688407623,0,0,0.00410162351731853,0.00126979008152859,0.0135746606334842,0.000987614507855566,0.00214654989972689,0.0217275191728225,0.0159731530097048,0,0,0,0,0,0.000574428846405789,0.00520009271483135,0.00611716332926866,8.06215924780054e-05,0.000483729554868033,0.00359773856433099,0.000161243184956011,8.06215924780054e-05,0.000544195749226537,2.01553981195014e-05,0.000322486369912022,0.00378921484646626,3.0233097179252e-05,0.000997692206915317,0.00030233097179252,0.00393030263330276,0.00347680617561398,0,0.000312408670852271,0.00196515131665138,0.000705438934182547,0.000211631680254764,0.000221709379314515,0.000181398583075512,0,0.00243880317245966,0,0,0.00118916848905058,0.000100776990597507,0.00128994547964809,0,0.000120932388717008,0.000131010087776759,0,0.000372874865210775,0,0,0.00262020175553518,0,0.0015116548589626,0,0,0,0.000181398583075512,0,0,4.03107962390027e-05,0,0,0.000342641768031523,0,0,0.00244888087151941,5.03884952987534e-05,0,0.000503884952987534,0.000322486369912022,0.000201553981195014,0.000584506545465539,0,0,0,0,0,0,0,0,8.06215924780054e-05,0,0,0,6.04661943585041e-05,0,0,0,0,0,0,3.0233097179252e-05,0,0,9.06992915377561e-05,0.000262020175553518,0,0,0,0,0.00030233097179252,0,0,0,0,0,0,9.06992915377561e-05,0.000231787078374266,0,0,0,0,0.000231787078374266,0,0,0,0,0,0,0,0,0,0.000181398583075512,0,0,0,0,0,0,0,0,0,0.000322486369912022,0,0,6.04661943585041e-05,0,0,0,0,0,7.05438934182547e-05,0,0,0,0,0,0,0,0,0,0,0,3.0233097179252e-05,0,0,0,0,7.05438934182547e-05,0,0,0,0,0,0,0,0,0,0,0,0,0,0,0,0,0,0,0,0,0,0,0,0,0,0,0,0,0,0,0,0,0,0,0,0,0,0,0,0,0,0,0,0,0,0,0,0,0,0,0,0,0,0,0,0,0,0,0,0,0,0,0,0,0,0,0,0,0,0,0,0,0,0,0,0,0,0,0,0,0,0,0,0,0,0,0,0,0,0,0,0,0,0,0,0,0,0,0,0,0,0,0,0,0,0,0,0,0,0,0,0,0,2.01553981195014e-05,"Type 2 diabetes"
"SRR11127913",0.0546448087431694,0.116575591985428,0,0.0168488160291439,0.163934426229508,0.0063752276867031,0.0245901639344262,0,0.0514571948998178,0.0669398907103825,0.0218579234972678,0.116575591985428,0.0714936247723133,0,0.0396174863387978,0,0.0214025500910747,0.0610200364298725,0.00956284153005465,0,0,0,0,0,0.0227686703096539,0,0,0,0.0063752276867031,0.00273224043715847,0.00500910746812386,0,0.00273224043715847,0.00273224043715847,0.0109289617486339,0.00227686703096539,0.0100182149362477,0.00273224043715847,0,0,0,0,0,0,0.0154826958105647,0,0,0.0063752276867031,0,0,0,0,0,0,0,0.0100182149362477,0.00364298724954463,0,0,0,0,0,0,0,0,0,0,0,0,0,0,0,0,0,0,0,0,0.00182149362477231,0,0,0,0,0,0,0,0,0,0,0,0,0,0,0,0,0,0,0,0,0,0,0,0,0,0,0,0,0,0,0,0,0,0,0,0,0,0,0,0,0,0,0,0,0,0,0,0,0,0,0,0,0,0,0,0,0,0,0,0,0,0,0,0,0,0,0,0,0,0,0,0,0,0,0,0,0,0,0,0,0,0,0,0,0,0,0,0,0,0,0,0,0,0,0,0,0,0,0,0,0,0,0,0,0,0,0,0,0,0,0,0,0,0,0,0,0,0,0,0,0,0,0,0,0,0,0,0,0,0,0,0,0,0,0,0,0,0,0,0,0,0,0,0,0,0,0,0,0,0,0,0,0,0,0,0,0,0,0,0,0,0,0,0,0,0,0,0,0,0,0,0,0,0,0,0,0,0,0,0,0,0,0,0,0,0,0,0,0,0,0,0,0,0,0,0,0,0,0,0,0,0,0,0,0,0,0,0,0,0,0,0,0,0,0,0,0,0,0,0,0,0,0,0,0,0,0,0,0,0,0,0,0,0,0,0,0,0,"Type 2 diabetes"
"SRR11127914",0.0203094047731346,0.304820299971701,0.0158192623337421,0.00421658334119423,0.00131119705688143,0.0713423261956419,0.0698990661258372,0,0.143024242995944,0.0385341005565513,0.023875106122064,0.034515611734742,0.0621450806527686,0.00266012640316951,0.00601830016036223,0.00663144986322045,0.000141496085274974,0.00076407886048486,0.019932081879068,9.43307235166494e-05,0.00202811055560796,0,0.000377322894066597,0.000273559098198283,0.0106782379020847,0.00182058296387133,5.65984341099896e-05,0.00248089802848788,0.000358456749363268,0.027167248372795,0,0.0011036694651448,0.00249976417319121,0,3.77322894066597e-05,0.00142439392510141,0.0188189793415715,0,0.000924441090463164,0,0,0,0,0.00196207904914631,0.00509385906989907,0,0,0,0.000122629940571644,0,0.00345250448070937,0,0,0.000547118196396566,0,0.00104707103103481,0.00721630034902368,0.000877275728704839,0,0,0.0121309310442411,0,0,0.000122629940571644,0,0,2.82992170549948e-05,0.000282992170549948,0,0.000150929157626639,0,0,0,0.000216960664088294,0,0,1.88661447033299e-05,0,0,2.82992170549948e-05,0,0,0,0,0,0,2.82992170549948e-05,0,0.000481086689934912,0,0,0.000377322894066597,0,0,0,0,0.00226393736439958,0,0,0,9.43307235166494e-05,0,0.000358456749363268,0,0,0,0,0,0,0,0,0,0,0,0,0,0,0,0,0,0,0,0,0.000113196868219979,0,0,0,0,0,0,0,0,0,0,0,0,0,0,0,0,4.71653617583247e-05,0,0,0,0,0,0,0,0,0,0,0,0,0,0,1.88661447033299e-05,0,0,0,0,0,0,0,0,0.000141496085274974,0,0,0,0,0.000226393736439958,0,0,0,0,0,0,0,0,0,0,0,0,0,0,0.000216960664088294,0,0,0,0,0,0,0,0.000198094519384964,0,0,0,0,0,0,0,0,0,0,0,0,0,0,0,0,0,0,0,0,0,0,0,0,0,0,0,0,0,0,0,0,0,0,0,0,0,0,0,0,0,0,0,0,0,0,0,0,0,0,0,0,0,0,0,0,0,0,0,0,0,0,0,0,0,0,0,0,0,0,0,0,0,0,0,0,0,0,0,0,0,0,0,0,0,0,0,0,0,0,0,0,0,0,0,0,0,0,0,0,0,0,0,0,0,0,0,0,0,0,0,0,0,0,0,0,0,0,0,0,0,0,0,"Type 2 diabetes"
"SRR11127916",0.0816437799175707,0.139584526955847,0.0324911748941911,0.107703254662059,0.139732382131702,0.0771896427449313,0.0335354020736688,0.0542258857449129,0.000221782763782875,0.0357809525569704,0.0128541593509158,0.00603433936459238,0.0199696896889497,0.00246733324708448,0.00269835695935831,0.00262442937143068,0.0115419446652004,0.00388119836620031,0.00373334319034506,0.000249505609255734,0.00815051656902064,0,0.00377030698430887,0.000203300866800968,0.00358548801448981,0.0724397952205814,0.0101280795460846,0.00214390004990112,0.00130297373722439,0,0.000378878888129078,0.00095181769456817,0.00842774502374924,0.0152660469070545,0.00857560019960449,0.00152475650100726,0.00671816955292291,0.00744820448370821,0.000462047424547656,6.46866394366718e-05,0,0,0.00497163028813277,0.00127525089175153,0.0114772580257638,0.00095181769456817,0,0.0120686787291848,0.000517493115493374,0,0,0.000184818969819062,0,0.000221782763782875,4.62047424547656e-05,0,0.00026798750623764,4.62047424547656e-05,0.000471288373038609,0.000766998724749108,9.24094849095311e-05,0.00505479882455135,0,0,0,0.00178350305875395,0,7.39275879276249e-05,0.000397360785110984,0.000970299591550077,0,0,0,0,3.69637939638124e-05,6.46866394366718e-05,5.54456909457187e-05,8.3168536418578e-05,0,0.000868649158149592,0,0,0.000240264660764781,0.000286469403219546,0,0.000887131055131499,0,0,8.3168536418578e-05,0,0,0,6.46866394366718e-05,0.000157096124346203,0,0,8.3168536418578e-05,4.62047424547656e-05,0.00026798750623764,0,0,0,0,0,0,0.00154323839798917,0,0,0,0,0.00136766037666106,0,0,0.000480529321529562,0,3.69637939638124e-05,0,0,0,0.000138614227364297,4.62047424547656e-05,0,2.77228454728593e-05,3.69637939638124e-05,0,0,6.46866394366718e-05,0,0,0,0,0,0,0,0,6.46866394366718e-05,0,0,0,0,2.77228454728593e-05,0.00026798750623764,0.000258746557746687,0,0,0,0,0,0,0,0,0,0,0,0,9.24094849095311e-05,0,0.00012013233038239,0,0,0,0,0,0,0,0,9.24094849095311e-05,0,0,0,0,0,0,0,3.69637939638124e-05,0,0,0,0,0,0,0,0,0,0,0.000452806476056702,0,0,0,0,0,0.0002957103517105,0,0,0,0,0,0,0,0,0,0,0,0,0,0,0,0,0,0,0,0,0,0,0,0,0,0,0,0,0,0,0,0,0,0,0,0,0,0,0,0,0,0,0,0,0,0,0,0,0,0,0,0,0,0,0,0,0,0,0,0,0,0,0,0,0,0,0,0,0,0,0,0,0,0,0,0,0,0,0,0,0,0,0,0,0,0,0,0,0,0,0,0,0,0,0,0,0,0,0,0,0,0,0,0,0,0,0,0,0,0,0,0,0,0,0,0,0,0,0,0,0,0,0,0,"Type 2 diabetes"
"SRR11127919",0.0568443967898106,0.106930500048738,0.159063586444423,0.144864671670403,0.00424017935471294,0.0251486499658836,0.0242876173766124,0.0556259544465023,0.0272281248984631,0.00843162101569354,0.00797673587419177,0.0108847516002209,0.0353023361601196,0.0290151736686487,0.0217532573025311,0.0192676349221821,0.0302498619098678,0.000178704877018553,0.0014458849140592,0.000503622835234103,0.00934139129869708,0,0.000796048997628099,0.000471131039412548,0.00105598336420054,0.00596224453325535,0.00217695032004419,0.000308672060304773,0.0119407349644215,0,0,0.0680540663482471,0.00308672060304773,0.00118595054748676,0,0.0096175715631803,0.00243688468661663,0.00193326185138253,0.000552360528966436,0.00019495077492933,0,0,0.000373655651947883,0.0086753094843552,0.00175455697436397,0,0.00191701595347175,0.00160834389316698,0,0,0.00121844234330831,9.74753874646652e-05,0.000227442570750885,0.000731065405984989,0,0,0.000909770283003542,0.00172206517854242,9.74753874646652e-05,0.00138090132241609,0.000942262078825097,0.0014458849140592,0.00025993436657244,0.000568606426877214,0,0.000682327712252656,9.74753874646652e-05,0,0,0,0,0,9.74753874646652e-05,0.00281054033856451,0,0,0.000796048997628099,0,0,0,0,0,0,9.74753874646652e-05,0,0.000227442570750885,0,0.000682327712252656,0.00102349156837898,0.000276180264483218,9.74753874646652e-05,0.0110797023751503,0,0,0,0,0.000438639243590993,0,0.000162458979107775,0.000893524385092764,0.000341163856126328,0,9.74753874646652e-05,0,0,0,0,0,0.000308672060304773,0,0,0,4.87376937323326e-05,0,0,0,0,0,0,0.000178704877018553,0,0.00146213081196998,0,0.000146213081196998,0,0.000178704877018553,0,0,0,0,0,0,0,0,0,0,0,0,0,0,9.74753874646652e-05,0,0,0,0,0,0,0,0,0,0,0,0,0,0,0,0,0,0,0,0,0,0,0,0,0,0,0,0,0,0,0,0,0,0,0,0,0,0,0,0,0,0,0,0,0,0,0,0,0,0,0,0,0,0,0,0,0,0,0,0,0,0,0,0,0,0,0,0,0,0,0,0,0,0,0,0,0,0,0,0,0,0.000113721285375443,0,0,0,0,0,0,0,0,0,0,0,0,0,0,0,0,0,0,0,0,0,0,0,0,0,0,0,0,0,0,0,0,0,0,0,0,0,0,0,0,0,0,0,0,0,0,0,0,0,0,0,0,0,0,0,0,0,0,0,0,0,0,0,0,0,0,0,0,0,0,0,0,0,0,0,0,0,4.87376937323326e-05,0,0,0,0,0,0,0,0,0,0,0,0,0,0,0,"Type 2 diabetes"
"SRR11127730",0.224501656302668,0.0961236705991747,0.0131341895740106,0.0148776660661359,0.000639274713779276,0.000290579415354216,0.00482361829487999,0,0.000290579415354216,0.0625908060672982,0.000755506479920962,0.00726448538385541,0.102923228918463,0.00127854942755855,0.00273144650432963,0.00139478119370024,0.0273144650432963,0,0.00017434764921253,0.0850235369326437,0.000406811181495903,0,0,0.0488173417795083,0,0,0.0327192421688848,0,0.0151682454814901,0,0.0086011506944848,0.0398093799035276,0.00151101295984192,0.000464927064566746,0.0241762073574708,0.051897483582263,0.0034869529842506,0.00982158423897251,0,0,0,0,0,0,0.017783460219678,0.00034869529842506,0,0,0,0,0,0,0,0.0139478119370024,0,0.0291741733015633,0,0,0,0.000581158830708433,0,0,0,0.0142383913523566,0,0.00185970825826698,0,0.000290579415354216,0,0.000639274713779276,0,0,0,0.00337072121810891,0.000523042947637589,0,0,0,0,0,0,0,0.000871738246062649,0,0,0.00133666531062939,0.000116231766141687,0,0,0,0,0,0.000813622362991806,0,0,0,0,0,0,0,0.00139478119370024,0,0.000290579415354216,0,0,0,0.00598593595629686,0,0,0,0,0,0,0,0,0,0,0,0,0,0,0,0,0,0,0,0,0,0,0,0,0,0,0,0,0,0,0,0,0,0.000464927064566746,0,0,0,0,0,0,0,0,0,0,0,0,0,0,0,0,0,0,0,0,0,0,0,0,0,0,0,0,0,0,0,0,0,0,0,0,0.000232463532283373,0,0.000464927064566746,0,0,0,0,0,0,0,0,0,0,0,0,0,0,0,0,0,0,0,0,0,0,0,0,0,0,0,0,0,0,0,0,0,0,0,0,0,0,0,0,0,0,0.000581158830708433,0,0,0,0,0,0,0,0,0,0,0,0,0,0,0,0,0,0,0,0,0,0,0,0,0,0,0,0,0,0,0,0,0,0,0,0,0,0,0,0,0,0,0,0,0,0,0,0,0,0,0,0,0,0,0,0,0,0,0,0,0,0,0,0,0,0,0,0,0,0,0,0,0,0,0,0,0,0,0,0,0,0,0,0,0,0,0,0,0,0,0,0,0,"Type 2 diabetes"
"SRR11127731",0.0311174891964423,0.136364004897072,0.262366323709451,0.0786369274925206,0.00224584275857596,0.00325930970739182,0.0225070739993027,0.0092752495155628,0.00796990408548796,0.0193693803257688,0.0148614793374358,0.0145777085917674,0.0268366048046441,0.017909987919474,0,0.0108562579557155,0.00338092574124973,0.00119994486739798,0.0158262998727085,0.000113508298267377,0.00552947567273936,0.0107508573930387,0.00284581519227495,0.000186477918582119,0.0120805260298851,0.181329506482135,0,0.00166208579605802,0.0116994624571303,0.00283770745668442,0.00322687876502971,0.00438628495447506,0.00353497271746974,0.00342146441920236,2.43232067715808e-05,0.00165397806046749,0.00479167173400141,0.000340524894802131,0,0,0,0,0,0.000267555274487388,0.0068672520451763,0.000129723769448431,0,0.00327552517857288,0,0,0,0,0,0.000137831505038958,0,0,0.000356740365983185,0.000137831505038958,0.00131345316566536,0.00207558031117489,4.86464135431615e-05,0.00110265204031166,0.000494571871022142,0,0,0.00205125710440331,5.67541491336885e-05,0,0,0.000462140928660034,0,0,0,0.000129723769448431,5.67541491336885e-05,0.000299986216849496,0.00031620168803055,6.48618847242154e-05,0,4.86464135431615e-05,0,0,0.000656726582832681,5.67541491336885e-05,0,7.29696203147423e-05,0,0,4.86464135431615e-05,1.62154711810538e-05,0,0,0.000162154711810538,0,0,0,0,0,0.00176748635873487,0,0,0,3.24309423621077e-05,0,0,0,0,0,0,0,0,0,8.91850914957961e-05,8.91850914957961e-05,0,0.000129723769448431,0,0,0,0,0,0.000510787342203196,0,0,0,9.72928270863231e-05,0,0,0,0,0,0,0,0,0,0,0,0.000259447538896861,0,0,0,5.67541491336885e-05,0.000137831505038958,0.00200261069086015,0,0.000535110548974777,0,0,0,0,0,0,0,0,0,7.29696203147423e-05,0,0,0,0,0,0,0.000437817721888454,0,0,0,0,0,0,0,0,0,0,0,0,0,0,0,0,0,0,0,0,0,0,0,0,0,0,0,0,0,0,0,0,0,0,0,0,0,4.05386779526346e-05,0,0,0,0,0,0,0,0,0,0,0,0,0,0,0,0,0,0,0,0,0,0,0,0,0,0,0,0,0,0,0,0,0,0,0,0,0,0,0,0,0,0,0,0,0,0,0,0,0,0,0,0,0,0,0,0,0,0,0,0,0,0,0,0,0,0,0,0,0,0,0,0,0,0,0,0,0,0,0,0,0,0,0,0,0,0,0,0,0,0,0,0,0,0,0,0,0,0,0,0,0,0,0,0,0,0,0,0,0,0,0,0,0,0,0,"Type 2 diabetes"
"SRR11127732",0.162193542196421,0.0822338434966176,0.126306193926018,0.249695341361608,0,0.0700858801516096,0.0167154440339682,4.79777383294151e-05,0.00683202993810872,0.0257064721969006,0.00269634889411313,0.00400134337667322,0.0233459674710934,0.0149498632634458,0.0212925202705944,0.0280669769227079,0.00216859377248956,0.0338243055222377,0.00664011898479106,0.000115146571990596,0.0138367797342033,0.0189799932831166,0.000786834908602409,0.0014681187928801,0.00332005949239553,0.00294583313342609,0,0.00189991843784484,0.0370196228949767,0,0.0031089574437461,0,0.00240848246413664,0.00119944345823538,0,0.00123782564889891,0.00801228230101233,0,0.000172719857985895,9.59554766588303e-05,0,0,0,0,0.0064482080314734,0.000105551024324713,0,0.000806026003934175,6.71688336611812e-05,0,0,0,0,9.59554766588303e-05,0.000383821906635321,0.000134337667322362,0.000182315405651778,0,0.000191910953317661,0.000825217099265941,0.000959554766588303,0.000143933214988245,0.000163124310320012,0,0,0.000614115050616514,0,0.000211102048649427,0,0.000403013001967087,0,0,0,9.59554766588303e-05,0,0,0.000403013001967087,0,0,0.000211102048649427,0,0,0,0,0.000355035263637672,0,6.71688336611812e-05,0,0,0,0,0,0.000518159573957684,0,0,0,0,0,0,0,0,0,0,0,0,0,0,0,0,0,0,0,0,0,0,0,0,0,0,0,0,0.000211102048649427,0,1.91910953317661e-05,0,0,0,0,5.75732859952982e-05,0,0,0,0,0,0,0,0,6.71688336611812e-05,0,0,0,7.67643813270642e-05,0,0,0,0,0,0,0.000604519502950631,0,0,0,0,0,0,0,0,0,0,0,0,0,0,0,0,0,0,0,0,0,0,2.87866429976491e-05,0,0,0,0,0,0,0,0,0,0,0,0,0,0,0,0,0,0,0,0,0,0,0,0,0,0,0,0,0,0,0,0,0,0,0,0,0,0,0,0,0,0,0,0,0,0,0,0,0,0,0,0,0,0,0,0,0,0,0,0,0,0,0,0,0,0,0,0,0,0,0,0,0,0,0,0,0,0,0,0,0,0,0,0,0,0,0,0,0,0,0,0,0,0,0,0,0,0,0,0,0,0,0,0,0,0,0,0,0,0,0,0,0,0,0,0,0,0,0,0,0,0,0,0,0,0,0,0,0,0,0,0,0,0,0,0,0,0,0,0,0,0,0,0,"Type 2 diabetes"
"SRR11127733",0.153827591123981,0.158620992245001,0.145798370024241,0.034025469742341,0.076946702205842,0,0.0548773130628407,0.0498755031974289,0.00478243223973587,0.0580363508725745,0.0445226891309355,0.00389395285574824,0.0275318920223326,0.000778790571149648,0.0891440981934253,0.00630710673818377,0.0036087619423695,0.000197439863108362,0.00585738260554806,0.000175502100540766,0.00117367029736637,0,0.00337841543540974,0.000175502100540766,0.0145008610571808,0,0.000120657694121777,0.00126142134763675,0.000482630776487106,0,0.00964164664845832,0.000274222032094947,0.00128335911020435,0.00030712867594634,0,0.00246799828885452,0.00970745993616111,0.00156855002358309,0.000625226233176478,0.000296159794662542,0,0,0,0.00128335911020435,0.00661423541413011,8.77510502703829e-05,0,0.00149176785459651,0,0.00122851470378536,0,0,0.001031074840677,0.000164533219256968,0,0,0.000351004201081532,0.00116270141608257,0,0,0,0.000164533219256968,0,0.00185374093696184,4.38755251351915e-05,0,0,0.000723946164730659,0.000186470981824564,0.000164533219256968,0,0,0,0.000998168196825606,0.000208408744392159,0,7.67821689865851e-05,8.77510502703829e-05,0,0,0,0,0,0,0,0,0,0.000504568539054702,0.000197439863108362,0,0,3.29066438513936e-05,0,0,0,0,0,0,0,0,0,0,0,0,0,0,0,0,0,0,0,0,0,0,0,0,0,0,0,0,0,0,0,0,0,0,0,0,0,0,0,0,0,0,0,0,0,0,0,0,4.38755251351915e-05,0,0,0,0,0,0,0,0,0,0,0,0,0,0,0,0,0,0,0,0,0,0,0,0,0,0,0,0,0,0,0,0,0,0,0,0,0,0,0,0,0,0,0,0,0,0,0,0,0,0,0,0,0,0,0,0,0.000647163995744074,0,0,0,3.29066438513936e-05,0,0,0,0,0,0,0,0,0,0,0,0,0,0,0,0,0,0,0,0,0,0,0,0,0,0,0,0,0,0,0,0,0,0,0,0,0,0,0,0,0,0,0,0,0,0,0,0,0,0,0,0,0,0,0,0,0,0,0,0,0,0,0,0,0,0,0,0,0,0,0,0,0,0,0,0,0,0,0,0,0,0,0,0,0,0,0,0,0,0,0,0,0,0,0,0,0,0,0,0,0,0,0,0,0,0,0,0,0,0,0,0,0,0,"Type 2 diabetes"
"SRR11127734",0.0344296379286199,0.117993687181531,0.0279660012711819,0.0404085018367501,0.155094961595226,0.126127096642141,0.0362610016482273,0.0662630484665022,0,0.0502332295560559,0.00875822767082853,0.0140476370021653,0.0338802288127377,0.0503840477447294,0.00141122733687397,0.0172794553308843,0.000560181843644629,0,0.00357654561711571,0.0127441369429153,0.00706690941213225,0.0518599114481778,0.00408286382194836,0.00216531828024174,0.00522477296476241,0.0237000010772728,0.021696273713467,0.00284400012927273,0.000506318204832646,0,0.00843504583795663,0.000592500026931819,0.00245618192982645,0,0.00802568218298555,0.00121731823715083,0.00944768224762192,0.00354422743382852,7.5409094336777e-05,0,0,0,0.00860740948215498,0.00175595462527066,0.0042767729216715,7.5409094336777e-05,6.46363665743803e-05,0.00297327286242149,0,0,0,0,0,0.000807954582179754,0,0,0.000441681838258265,0.000366272743921488,0,0.00072177276008058,0,0.000323181832871902,0,8.61818220991737e-05,6.46363665743803e-05,0.000129272733148761,0,0.000269318194059918,0,0.000301636377347108,0,0,0,0.00075409094336777,0.000183136371960744,0,0,0,0,0,0.00793950036088638,0,0.000323181832871902,0,0,0.000344727288396695,0,0,9.69545498615705e-05,0,0,0,0.000301636377347108,0,0,0.000441681838258265,0,0,0.000183136371960744,0,0.000323181832871902,0,0,0,0,0,0.00149740915897314,0,0,0,0,0,0,0,0,0,0,0,0,0,0,0,0,0,0,0,0,0,0,0,0,0,0,0,0,0,0,0,0,4.30909110495869e-05,0,7.5409094336777e-05,0,0,0,0,0,0,0,0,0,0,0,0,0,0,0,0,0,0,0,0,0,0,0,0,0,0,0,0,0,0,0,0,0,0,0,0,0,0,0,0,0,0,0,0,0,0,0,0,0,0,0,0,0,0,0,0,0,0,0,0,0,0,0,0,0,0,0,0,0,0,0,0,0,0,0,0,0,0,0,0,0,0,0,0,0,0,0,0,0,0,0,0,0,0,0,0,0,0,0,0,0,0,0,0,0,0,0,0,0,0,0,0,0,0,0,0,0,0,0,0,0,0,0,0,0,0,0,0,0,0,0,0,0,0,0,0,0,0,0,0,0,0,0,0,0,0,0,0,0,0,0,0,0,0,0,0,0,0,0,0,0,0,0,0,0,0,0,0,0,0,0,0,0,0,"Type 2 diabetes"
"SRR11127735",0.0895703863820589,0.177886285559887,0.123065194735014,0.0811942718184274,0.0563361253715212,0.072721658239086,0.0352414405373065,0.0365345273478211,0.0099393986181341,0.0225228702667233,0.00688037982012583,0.007285675686108,0.0271162234145212,0.0210464353263597,0.0209788860153626,0.00623383641486857,0.00985254950399506,0.00160188366078666,0.00180453159377774,0.0378469139614776,0.00870421121704559,0.0368143744933802,0.00230632647546995,0.000337746554985139,0.00818311653221137,0,0.0119079785386189,0.00268267263673911,0.000955340255529393,0.000260547342417107,0.000578994094260238,0,0.00499864901378006,0.00273092214459413,0.00132203651522754,0.00260547342417107,0.002422125294322,0.0043714054116648,9.64990157100398e-05,0,0,0.000241247539275099,0.00570309182846335,0.00133168641679855,0.00544254448604624,0.000106148917281044,8.68491141390358e-05,0.00225807696761493,4.82495078550199e-05,0,0,9.64990157100398e-05,9.64990157100398e-05,0.000501794881692207,0.000212297834562087,0.000665843208399274,0.000723742617825298,0.000385996062840159,0.000385996062840159,0.000974640058671402,9.64990157100398e-05,0.00105183927123943,0,0,0.000154398425136064,0,0,0.000231597637704095,0,0.000714092716254294,0,0,0,0.00444860462423283,0,0,0,0.000154398425136064,0,0,0,0,0,4.82495078550199e-05,0,0,0,0,0,3.85996062840159e-05,0,0,0.00275022194773613,0,0,0.00153433434978963,6.75493109970278e-05,0,0.000424595669124175,0,0,0,0,0,0,0,0.00110008877909445,0,0,0,0,0,6.75493109970278e-05,0,0,0,0,0,0,0,0,0,0,0,0,0.00471880186822094,0,0,0,0,0,0,0,4.82495078550199e-05,0,0,0,0,0,0,0,0,0,0,0,0,0,0,0,0,0,0,0,0,0.000202647932991083,0,0,0,0,0,0,0,0,0,0,0,0,0,0,0,0,0,0,0,0,0,0,0,0,0,0,0,0,0,0,9.64990157100398e-05,0,0,0,0,0,0,0,0,0,0,0,0,0,0,0,0,0,0,0,0,0,0,0,0,0,0,0,0,0,0,0,0,0,0,0,0,0,0,0,0,0,0,0,0,0,0,0,0,0,0,0,0,0,0,0,0,0,0,0,0,0,0,0,0,0,0,0,4.82495078550199e-05,0,0,0,0,0,0,0,0,0,0,0,0,0,0,0,0,0,0,0,0,0,0,0,0,0,0,0,0,0,0,0,0,0,0,0,0,0,0,0,0,0,0,0,0,0,0,0,0,0,0,0,0,0,0,0,0,0,0,0,0,0,0,"Type 2 diabetes"
"SRR11127736",0.0277215154428442,0.136582133156613,0.103194974658615,0.22928586762743,0.0539682835995034,0,0.0263494404360772,0.0264427788719117,0.00113872891718081,0.00239879780094645,0.00364953284112865,0.0242399917862176,0.0249866992728936,0.00407888964596731,0.000550696771423505,0.00619767213941029,0.0107152524337997,0,0.00396688352296592,0.0665129693756592,0.00546963233990125,0,0.000392021430504868,0,0.0245200070937211,0.0354686056171071,0.0138327561906718,0.00314550528762239,4.66692179172461e-05,0,4.66692179172461e-05,0,0.0108272585568011,0.000998721263429067,0.000177343028085535,0.0012133996658484,7.46707486675938e-05,0.0198250837712462,0,0,0,0,0.00532962468614951,0.00308950222612169,0.00504960937864603,0,1.86676871668985e-05,0.0267041264922482,0,0,0,0,0.000186676871668985,0.00150274881693533,8.40045922510431e-05,0,0.00133473963243324,6.53369050841446e-05,0.00012133996658484,0.000401355274088317,0,0.000177343028085535,0,0,1.86676871668985e-05,0.000373353743337969,0,0,0,0.000336018369004172,0,0,0,3.73353743337969e-05,0,0.000644035207257997,0.000998721263429068,0,0,0.00392954814863213,0,0,0.000289349151086926,0,0,0.000270681463920028,0,0,0,5.60030615006954e-05,0,0,0,0,5.60030615006954e-05,0.00024267993316968,0,0,0,0,0,0,0,0,0,0,0,0,0,0,0,0.000196010715252434,7.46707486675938e-05,0.000233346089586231,0,0,0,0,0,0,0,0.000130673810168289,0,9.33384358344923e-05,0,0,0,0,0,0,0,0,0,0,4.66692179172461e-05,0,0,0,0,0,0,0,0,0,0,0,0,0,0,0,0,0,0,0.000140007653751738,0,0.000130673810168289,0,0,0,0,0,0,0,0,0,0,0,0,0,0,5.60030615006954e-05,0,0,0,0,0,0,0,0,0,0,0,0,0.000112006123001391,0,0,0,0,0,0,0,0,0,0,0,0,0,0,0,0,0,0,0.000373353743337969,0,0,0,0,0,0,0,0,0,0,0,0,0,0,0,0,0,0,0,0,0,0,0,0,0,0,0,0,0,0,0,0,0,0,0,0,0,0,0,0,0,0,0,0,0,0,0,0,0,0,0,0,0,0,0,0,0,0,0,0,0,0,0,0,0,0,0,0,0,0,0,0,0,0,0,0,0,0,0,0,0,0,0,0,0,0,0,0,0,0,0,0,0,0,0,0,0,0,0,0,0,0,0,0,0,0,0,0,0,0,0,0,0,"Type 2 diabetes"
"SRR11127737",0.095715080690039,0.24551848709598,0.0353229882226297,0.244432889059179,0,0.0305974438271436,0.0432870813833621,7.2981380625268e-05,0.0626362699216362,0.00613955864510067,0.0418913124789038,0.00186102520594433,0.00216207340102356,0.0163022158971692,0.0049901019002527,0.00932337137487798,0.0132643659286425,0.0036490690312634,0.0127352509191093,0.00103998467391007,0.037813477836467,0.00233540418000858,0.000866653894925057,0.00011859474351606,0.00621254002572594,0,0.00357608765063813,0.000510869664376876,0.00235364952516489,0,0.000237189487032121,0,0.0243940264739958,0.00111296605453534,7.2981380625268e-05,0.00373117308446683,0.00399573058923342,0.000410520266017132,0,0.00135015554156746,0,0,0,0,0.0035395969603255,0,0,0.00429677878431265,0.000173330778985011,0,0,0,0.0004835016466424,0.00011859474351606,0.000127717416094219,0,9.1226725781585e-05,0,0,0.000209821469297645,0.00269118841055676,0.000775427169143472,0,0.000237189487032121,0,0.000492624319220559,0,0.000155085433828694,0,0.000802795186877948,0,0,0.00127717416094219,0,0.000264557504766596,0.000401397593438974,0.000529115009533193,0,0.00018245345156317,0.000145962761250536,0,0,0.000136840088672377,0,0.000474378974064242,0,0.0020434786575075,0,0.000209821469297645,0,0,5.4736035468951e-05,0,0,0,0,0,0,0,0,0.000100349398359743,0,0,0,0,0,0,0,0,0,0,0,0,0,0,0,0,0,0,0,0,0,0,1.8245345156317e-05,0,6.38587080471095e-05,0,0,0,0,0,0,0,0,0,0,0,0,0,0,0.000675077770783729,0.000282802849922913,0,0,0,0,0,0,0,0,0,0,0,0,0,0.000109472070937902,0,0,0,0,0,0,0.000127717416094219,0,0,0,0,0,0,0,0,0,0,0,0,0,0,0,0,0,0,0,0,0,0,0,0,0,0,0,0,0,0,0,0,0,0,0,0,0,0,0,0,0,0,0,0,0,0,0.000264557504766596,0,0,0,0,0,0,0,0,0,0,0,0,0,0,0,0,0,0,0,0,0,0,0,0,0,0,0,0,0,0,0,0,0,0,0,0,0,0,0,0,0,0,0,0,0,0,0,0,0,0,0,0,0,0,0,0,0,0,0,0,0,0,0,0,0,0,0,0,0,0,0,0,0,0,0,0,0,0,0,0,0,0,0,0,0,0,0,0,0,0,0,0,0,0,0,0,0,0,0,0,0,0,0,0,0,0,"Type 2 diabetes"
"SRR11127738",0.0442208558474629,0.172464886830454,0.142839397730398,0.0556398449075923,0.0651778505327974,0,0.0478940970835884,0.0469979681829877,0.0194664040387908,0.181816568624841,0.0230597922045658,0.00182774805469048,0.07482232691847,0.0131313937909802,0.000558971492453885,0.00950251537171604,0.00975981970951227,0.000168578704073394,0.00198745419539159,0.0178072346881738,0.00138411988607629,0,0.000239559211051665,0.000177451267445678,0.00569618568500626,0,0.0026972592651743,0.00176564011108449,0.000354902534891355,0,0.00170353216747851,0.000310539718029936,0.000310539718029936,0.000124215887211974,0,0.00095823684420666,0.00150833577328826,0.00368211379949781,0.000283922027913084,7.9853070350555e-05,0,0,0,0,0.0128297266363225,0.000310539718029936,0.000133088450584258,0.00210279751923128,0,0,0,0.000133088450584258,0,0.00199632675876387,0,0,0.0010469624779295,0.000417010478497343,8.87256337228389e-05,0,0,0,0.000204068957562529,0.000505736112220182,0,0,2.66176901168517e-05,0.000399265351752775,0,0.00031941228140222,0,0,0,0,0.000239559211051665,0,0,9.75981970951228e-05,0,0,0,0,0.000896128900600673,6.21079436059872e-05,0,0.000346029971519072,0,9.75981970951228e-05,0,0,0,0,0.000425883041869627,0,0,0,0,0,0,0,0.000115343323839691,0,0.000363775098263639,0,0,0,0,0,0,0,0,0,0.000718677633154995,7.09805069782711e-05,0,0,0,0,0,0,0,0,0,0,0,0,0,0,0,0,0,0,0,0.000133088450584258,0,0,0,0,0,0,0,0.00015970614070111,0,0,0,0,0,0.000106470760467407,0,0,7.09805069782711e-05,0,0,0,0,0,0,0,0,0,0,0,0,0,0,0,0,0,0,0,0,0,0,0,0,0,0,0,0,0,0,0,0,0,0,0,0,0,0,0,0,0,0,0,0,0,0,0,0,0,0,0,0,0,0,0,0,0,0,0,0,0,0,0,0,0,0,0,0,0,0,0,0,0,0,0,0,0,0,0,0,0,0,0,0,0,0,0,0,0,0,0,0,0,0,0,0,0,0,0,0,0,0,0,0,0,0,0,0,0,0,0,0,0,0,0,0,0,0,0,0,0,0,0,0,0,0,0,0,0,0,0,0,0,0,0,0,0,0,0,0,0,0,0,0,0,0,0,0,0,0,0,0,0,0,0,0,0,0,0,0,0,0,0,0,0,"Type 2 diabetes"
"SRR11127741",0.149705338139192,0.203407595965646,0.0166208541450528,0.0583655090537664,0.121693744184305,6.41731820272308e-05,0.0461726044685926,0.024364418109672,0.000417125683177,0.00689861706792731,0.0124389017829449,0.000288779319122539,0.0313272083596265,0,0.000748687123651026,0,0.00328352781372664,0,0.00203215076419564,0,8.55642427029744e-05,0,0.000716600532637411,0.00482368418238018,0.000919815609056975,0,0.00239579879568328,0.0116153459469288,0.000930511139394847,2.13910606757436e-05,0.000684513941623795,0,0.00669540199150775,0.00448142721156829,0,0.00131555023155823,0.00595741039819459,0.0124175107222692,6.41731820272308e-05,0.000278083788784667,0,0,0,0.00305892167663134,0.0112303068547654,5.3477651689359e-05,0,0.00778634608597067,0.000556167577569334,0,0,0.000128346364054462,0,0.00245997197771052,0.000577558638245077,0.0032621367530509,0.00290918425190113,0.00232093008331818,0,0.000128346364054462,0,0,0.000352952501149769,0,6.41731820272308e-05,0.00271666470581944,4.27821213514872e-05,8.55642427029744e-05,0.000748687123651026,0.000245997197771051,0,0,0,0.000320865910136154,4.27821213514872e-05,0,0,8.55642427029744e-05,4.27821213514872e-05,0.00134763682257185,0,0,8.55642427029744e-05,8.55642427029744e-05,0,0.000181824015743821,0.000791469245002513,0,0.000577558638245077,6.41731820272308e-05,0,0,0,9.62597730408462e-05,0,0,0.000192519546081692,0.000160432955068077,0,0,0.000663122880948052,0,0.000203215076419564,0.000128346364054462,0,0,0,0,0,0,0.000513385456217847,3.20865910136154e-05,0.00011765083371659,9.62597730408462e-05,0,0,0,0,0,0.000106955303378718,7.48687123651026e-05,0,0,3.20865910136154e-05,0,0,0,0,0,0,0,0,0,0,0,0,0,0,0,7.48687123651026e-05,3.20865910136154e-05,0,0,0,0,0,0,4.27821213514872e-05,0,0,0,0,0,0,0,6.41731820272308e-05,0,0,0,5.3477651689359e-05,0,0.000342256970811898,0,0,6.41731820272308e-05,3.20865910136154e-05,0,0,0,0,0,0,0,0,0,2.13910606757436e-05,0,0,0,0,0,0,0,0,0,0,0,0,0,0,0,0,0,0,0,3.20865910136154e-05,0.000245997197771051,0,0,0,0,0,4.27821213514872e-05,0,0,0,0,0,0,0,0,0,0,0,0,0,0,0,0,0,0,0,0,0,0,0,0,0,0,0,0,0,0,0,0,0,0,0,0,0,0,0,0,0,0,0,0,0,0,0,0,0,0,0,0,0,0,0,0,0,0,0,0,0,0,0,0,0,0,0,0,0,0,0,0,0,0,0,0,0,0,0,0,0,0,0,0,0,0,0,0,0,0,0,0,0,0,0,0,0,0,0,0,0,0,0,0,0,0,0,0,0,0,0,0,0,"Type 2 diabetes"
"SRR11127742",0.130995348660964,0.0365665349892479,0.165316736294654,0.405064370364055,0.0024156648762327,0.00332509165316736,0.0227830354013319,0,0.00555129261753867,0.000918899972527733,0.0163696819848239,0.00487869573043075,0.0208315571091596,0.0392379761464935,0.00659334413277631,0.0204526292854369,0.00880059870596148,0.00442398234196341,0.00158202366404259,0.000426293801688123,0.0124288326181071,0.00016104432508218,0.000975739146086149,0,0.0140961150424873,0.00118414944913368,0.000132624738302972,0.000719962865073275,0.00197042468335844,0,0,0,0.00488816892602382,0.000227356694233666,0,0.00429135760366044,0.000236829889826735,0.00388401019315846,0,0,0.000862060798969316,0,0,0.00679228124023077,0.000615757713549512,0,0,0.000615757713549512,0,0,0,0,0,0.0173075283485378,0,0,7.57855647445553e-05,6.63123691514859e-05,0,0.000568391735584165,0,0.000227356694233666,0.000369454628129707,0.000132624738302972,0,7.57855647445553e-05,0,0,0,8.52587603376247e-05,0,0,0,0.000274722672199013,3.78927823722776e-05,0,0,0,0,0.000113678347116833,0,0,0,6.63123691514859e-05,0,0.00358086793418024,0,0,3.78927823722776e-05,0,0,0,2.84195867792082e-05,0,0,0,0.000303142258978221,0,0,0,0.000426293801688123,0,0.00147781851251883,0,0,0,0,0,0,0,0,4.7365977965347e-05,0.000179990716268319,0,0,0,0,0,0,0,0,0.000198937107454458,0,0.000170517520675249,0,0.000255776281012874,0,0,0,0,0,0,0,0,0,0,0,0,0,0,0.000113678347116833,0,0,0,4.7365977965347e-05,0,0,0,0,0,0,0,0.000464186584060401,0,0,1.89463911861388e-05,0,0,0,0,0,0,0,2.84195867792082e-05,0,0,0,0,0,0,0,0,0,0,0,0,0,0,0,0,0,0,0,0,0.000104205151523764,0,0,0,0,0,0,0,0,0,0,0,0,0,0,0,0,0,0,0,0,0,0,0,0,0,0,0,0,0,0,0,0,0,0,0,0,0,3.78927823722776e-05,0,0,0,0,0,0,0,0,0,0,0,0,0,0,0,0,0,0,0,0,0,0,0,0,0,0,0,0,0,0,0,0,0,0,0,0,0,0,0,0,0,0,0,0,0,0,0,0,0,0,0,0,0,0,0,0,0,0,0,0,0,0,0,0,0,0,0,0,0,0,0,0,0,0,0,0,0,0,0,0,0,0,0,0,0,0,0,0,0,0,0,0,0,"Type 2 diabetes"
"SRR11127743",0.0666548797736917,0.216298552932216,0.0827031879012077,0.0898841257752149,0.0832607986073333,5.44010445000544e-05,0.0317158089435317,0.105646828419106,0,0.0131242519856381,0.032028614949407,0.0175579371123926,0.100832335980851,0.0137498639973887,0.00660972690675661,0.00682733108475683,0.00907137417038407,0.00122402350125122,0.00633772168425634,0.0239228593188989,0.00163203133500163,0.000108802089000109,0.00122402350125122,0,0.00678653030138179,0,0.000176803394625177,0.00178163420737678,0.00391687520400392,0,0.000122402350125122,0,0.00995539114350995,0.000176803394625177,0,0.00966978565988467,0.00512729844413013,0,0,0.000108802089000109,0,0,0,0.00614731802850615,0.00548090523338048,0,0,0.0022984441301273,0.000136002611250136,0,0.000204003916875204,0,0,0.00300565770862801,8.16015667500816e-05,0,0.000448808617125449,0,0.000163203133500163,0.00082961592862583,0.000122402350125122,0,0.00019040365575019,0,0,0.000476009139375476,0.000108802089000109,0.000353606789250354,5.44010445000544e-05,0.00082961592862583,0,0,0,0.000204003916875204,0.000299205744750299,6.8001305625068e-05,0,0.000312806005875313,0,0.000503209661625503,2.72005222500272e-05,0,0.000448808617125449,0,0,0.00068001305625068,0.000421608094875422,0,0.000108802089000109,0,0.00592971385050593,0,0,0,0,0,0.000734414100750734,0,0,0.000911217495375911,0.000204003916875204,0,0.000367207050375367,0,0,0,0,0,0,0,5.44010445000544e-05,0,6.8001305625068e-05,0.000163203133500163,0,0,0,0,0,0,0,0,0,4.08007833750408e-05,0,0.000122402350125122,0,0,0,0,0,0,0,0,0.000176803394625177,0,0,0,0,0,4.08007833750408e-05,0,0,0,0,0,0,0,0,0,0,0,0,0,0,0,0,0,0,0,0,0,0,0,0,0,0,0,0,0,0,0,0,0,0,0,0,0,0,0,0,0,0,0,0,0,0,0,0,0,0,0,0,0,0,0,0,0,0,0,0,0,0,0,0,0,0,0,0,0,0,0,0,0,0,0,0,0,0,0,0,0,0,0,0,0,0,0,0,0,0,0,0,0,0,0,0,0,0,0,0,0,0,0,0,0,0,0,0,0,0,0,0,0,0,0,0,0,0,0,0,0,0,0,0,0,0,0,0,0,0,0,0,0,0,0,0,0,0,0,0,0,0,0,0,0,0,0,0,0,0,0,0,0,0,0,0,0,0,0,0,0,0,0,0,0,0,0,0,0,0,0,0,0,0,0,"Type 2 diabetes"
"SRR11127745",9.22871051842281e-05,0.26922455759869,0.050181113443924,0.00681770989548485,0,0.25810396142399,0.0426827861477055,0,0.0718455113859216,0.0206838474494151,0.0878573241353852,0.00256096716886233,0.0608287382045544,0.00140737835405948,0.0188611771220266,0.0030339385829315,0,0,0.00617170015919526,0,0.00936714117619915,0.000265325427404656,0.000922871051842281,0,0.000507579078513255,0,9.22871051842281e-05,0.00554876219920172,0.00800590637473179,0,0.000276861315552684,0,0.00759061440140276,0.00834044713102462,0,0.00070368917702974,0.0027916849318229,0.000911335163694253,0.000461435525921141,6.92153288881711e-05,0,0,0,0,0.00306854624737559,0,0,0.00175345499850033,0.000242253651108599,0,0.00358766121403687,0.000173038322220428,0.000749832729621854,0,0,0.00093440693999031,0.00155734489998385,0,0.000126894769628314,0.00162656022887202,0.00139584246591145,0.000265325427404656,0.000657545624437625,0.000357612532588884,0,0.00177652677479639,0,0,0,0.000507579078513255,0,0,0,3.46076644440855e-05,0,0.000184574210368456,0.00401448907551392,0,0,0.000472971414069169,0,0,0.000588330295549454,4.61435525921141e-05,0.000876727499250167,0,0,6.92153288881711e-05,3.46076644440855e-05,0,0.00031146897999677,0,0,6.92153288881711e-05,0,0,0.00122280414369102,0,0,0,0,0,0,0,0,0,0,0.000265325427404656,0,0,0,0,0.000115358881480285,0,0,8.07512170361996e-05,0,0,0,0,0,0,0,0,0,0,0,0,0,0,0,0,0,0,0,0,0,0,0,8.07512170361996e-05,3.46076644440855e-05,0,0,0,0,0,0,0,0,0.000184574210368456,0,0,0,0,0,9.22871051842281e-05,0,0,0,0,0,0,0,0,0,0,0,0.000161502434072399,0,0.00164963200516808,0,0,0,0,0,0,0,0,0,0,0,0,0,0,0,0,0,0,0,0,0,0,0,0,0,0,0,0,0,0,0,0,0,0,0,0,0,0,0,0,0,0,0,0,0,0,0,0,0,0,0,0,0,0,0,0,0,0,0,0,0,0,0,0,0,0,0,0,0,0,0,0,0,0,0,0,0,0,0,0,0,0,0,0,0,0,0,0,0,0,0,0,0,0,0,0,0,0,0,0,0,0,0,0,0,0,0,0,0,0,0,0,0,0,0,0,0,0,0,0,0,0,0,0,0,0,0,0,0,0,0,0,0,0,0,0,0,0,0,0,0,0,0,0,0,0,"Type 2 diabetes"
"SRR11127747",0.107694992147967,0.117152329436399,0.0033850985866341,0.0189844704240098,0,0.213016925492933,0.0231373233292619,0.00125632524864771,0.0313732332926191,0.029453847496074,0.00324550689233991,0.00617693247251789,0.133240272203804,0.000383877159309021,0.00411795498167859,0.00209387541441284,0.00924794974699005,0.000348979235735474,0.0447740359448613,0,0.0267318094573373,0.00348979235735474,0.00680509509684174,0.0822195079392776,0.000314081312161926,0,0,0.000558366777176758,0.0149712092130518,0,0.00450183214098761,0,0.00781713488047461,0.00488570930029663,0,0.000907346012912232,0.0174489617867737,0.000348979235735474,0.000139591694294189,0.000279183388588379,0,0,0.0250916070493806,0,0.00160530448438318,0.000523468853603211,0.000453673006456116,0.0019891816436922,0,0,0,0,0,0,0,0.00261734426801605,0.000488570930029663,0.000837550165765137,0.000593264700750305,0,0.000558366777176758,0,0.000418775082882569,0,0,0.0006630605478974,0,0,0,0,0,0,0,0,0.000314081312161926,6.97958471470947e-05,0,0,0,0.000244285465014832,0,0,0.000314081312161926,0,0,0,0.000104693770720642,0,0.000279183388588379,0,0.00415285290525214,0,0,0,0,0,0,0,0,0.0006630605478974,0,0.000488570930029663,0,0,0,0,0,0,0,0,0,0,0,0,0,0,0,0,0,0.000209387541441284,0,0,0,0,0,0,0,0,0,0,0,0,0,0,0,0,0,0,0,0.000104693770720642,0,0,0,0,0,0,0,0,0,0,0,0,0,0,0,0,0,0,0,0,0,0,0,0,0,0,0,0,0,0,0,0,0,0,0,0,0,0,0,0,0,0,0,0,0,0,0,0,0,0,0,0,0,0,0,0,0,0,0,0,0,0,0,0,0,0,0,0,0,0,0,0,0,0,0,0,0,0,0,0,0,0,0,0,0,0,0,0,0,0,0,0,0,0,0,0,0,0,0,0,0,0,0,0,0,0,0,0,0,0,0,0,0,0,0,0,0,0,0,0,0,0,0,0,0,0,0,0,0,0,0,0,0,0,0,0,0,0,0,0,0,0,0,0,0,0,0,0,0,0,0,0,0,0,0,0,0,0,0,0,0,0,0,0,0,0,0,0,0,0,0,0,0,0,0,0,"Type 2 diabetes"
"SRR11127749",0.136938712856889,0.123123656869557,0.125563508862641,0.164649614632649,0.00693176493399473,0.0257881045096867,0.0242207823684338,0.0254003134644283,0.00273069527702823,0.00770734702451163,0.0181453893260515,0.0190340771381021,0.0404918483090695,0.0364846741747322,0.00101795149380342,0.00956551244970835,0.00698023881465204,0.000323159204382039,0.00733571393947228,0.0752314627801386,0.0116983631986298,0.00376480473105075,0.000565528607668568,0.000258527363505631,0.00363554104929794,0.000339317164601141,0.0344487711871253,0.00177737562410121,0.000403949005477549,0,0.00555833831537107,0.0042010696569665,0.00570375995734299,0.000177737562410121,0,0.002536799754399,0.0025206417941799,0.000258527363505631,0,0,0.000937161692707913,0,0,0.00117953109599444,0.00562297015624748,0,0,0.00124416293687085,0,0,0,0,6.46318408764078e-05,0.000193895522629223,0,9.69477613146116e-05,0,0.00108258333467983,0.000452422886134854,0,0,0,0,0,0,0.000161579602191019,0,0.000484738806573058,0,0.000274685323724733,0,0,0.000274685323724733,9.69477613146116e-05,0,8.07898010955097e-05,0,0,0,0,0,0,0.000210053482848325,0,0,0,0.000387791045258447,0,0.00371633085039345,0,0.000678634329202282,0,0,0,0,0.000840213931393301,0,0,0.000113105721533714,0,0,0.000129263681752816,0,0,0,0,0,0,0,0,0,0,0,0,0,0,0,0,0,0,0,8.07898010955097e-05,0,0.000113105721533714,0,0.000371633085039345,0,0,0,0,0,0,0,0,0,0,0,0,0,0,0,0,0,0,0,0,0.000210053482848325,6.46318408764078e-05,0,0,0,0,0,0,0,0,0,0,0,0,0,0,0,0,0,0,0,0,0,0,0,0,0,0,0,0,0,0,0,0,0,0,0,0,0,0,0,0,0,0,0,0,0,0,0,0,0,0,0,0,0,0,0,0,0,0,0,0,0,0,0,0,0,0,0,0,0,0,0,0,0,0,0,0,0,0,0,0,0,0,0,0,0,0,0,0,0,0,0,0,0,0,0,0,0,0,0,0,0,0,0,0,0,0,0,0,0,0,0,0,0,0,0,0,0,0,0,0,0,0,0,0,0,0,0,0,0,0,0,0,0,0,0,0,0,0,0,0,0,0,0,0,0,0,0,0,0,0,0,0,0,0,0,0,0,0,0,0,0,0,0,0,0,0,0,0,"Type 2 diabetes"
"SRR11127751",0.121860916019513,0.191732929055413,0.0894980559594897,0.14970658911131,0.0561451275228695,0.00631168590080752,0.030506481853903,0,0.0170064870105092,0.115260460175531,0.00819900374369605,0.000330022792199086,0.0446562090694389,0.026082113795984,0.0460381795117725,0.00939533636541773,0,0,0.0112826542083063,0.000474407763786186,0.0117158091230676,0,8.25056980497716e-05,0,0,0,0.000113445334818436,0.000350649216711529,0.00402215277992636,9.2818910305993e-05,0.00154698183843322,0,0.0105194765013459,0.00163980074873921,0.000103132122562214,0.0063013726885513,0.00287738621948578,0,0.000360962428967751,0,4.12528490248858e-05,0,0,0,0.00308365046461021,0.000206264245124429,0,5.15660612811072e-05,0.00071161164567928,0,0.00588884419830245,0.000165011396099543,0,0.00266080876210513,0,0.0001443849715871,0.000443468127017522,0,0.000154698183843322,0,0.00264018233759269,0.00117570619720924,0,0,0,0.000299083155430422,0,0,0,8.25056980497716e-05,0,0,0.000154698183843322,0.000422841702505079,0,0,0.000412528490248858,7.21924857935501e-05,0.000299083155430422,0,0,0,0.000113445334818436,0.000360962428967751,0.000381588853480193,0.0013922836545899,7.21924857935501e-05,0.000154698183843322,0.0065901426317255,0,0,0,0,0,0,0,5.15660612811072e-05,0,5.15660612811072e-05,0.000618792735373287,0.000257830306405536,0,0.000587853098604622,0,0,0,0,0,0,0,0,0.000103132122562214,0,0,0,0,0,0,0,4.12528490248858e-05,0,0,0,9.2818910305993e-05,0,3.09396367686643e-05,0,0,0,0,0,0,0,0,0.0001443849715871,0,0,0,0,0,8.25056980497716e-05,0.000587853098604622,0,0,0,0,0,0,0,0,0,0,0,0,0,3.09396367686643e-05,0,0,0,0,0,0,0,0,0,0,0.00021657745738065,0,0,0,0,0,0,0,0,0,0,0,0,0,0,0,0,0,0,0,0,0,0,0,0,0,0,0,0,0,0,0,0,0,0,0,0,0,0,0,2.06264245124429e-05,0,0,0,0,0,0,0,0,0,0,0,0,0,0,0,0,0,0,0,0,0,0,0,0,0,0,0,0,0,0,0,0,0,0,0,0,0,0,0,0,0,0,0,0,0,0,0,0,0,0,0,0,0.000123758547074657,0,0,0,0,0,0,0,0,0,0,0,0,0,0,0,0,0,0,0,0,0,0,0,0,0,0,0,0,0,0,0,0,0,0,0,0,0,0,0,0,0,0,0,0,0,0,0,0,0,0,0,0,0,0,0,0,"Type 2 diabetes"
"SRR11127758",0.056718472214257,0.0739806159316396,0.212307162929403,0.0385960887767391,0.0303951367781155,0.00888914377473189,0.0388828353501176,0.0128175718300166,0.115186098526123,0.00722601364913689,0.00114698629351379,0.0100361300682457,0.056173653724838,0.0116705855365028,0.000860239720135344,0.0170327464586798,0.00972070883752939,0,0.00186385272695991,0,0.000458794517405517,0.000200722601364914,0.000659517118770431,0.00180650341228422,0.0772208522108161,0.175919022767678,0,0.000860239720135344,0.00180650341228422,0,0.00146240752423009,0,0.0008315650627975,0.00071686643344612,0.0138785341515169,0.00149108218156793,0.000946263692148879,0,0,8.60239720135344e-05,0,0,0.00169180478293284,0.00120433560818948,0.000200722601364914,0.000946263692148879,0,0.000458794517405517,0.000114698629351379,0,0,0,0,0.00106096232150026,0.00444457188736595,0,8.60239720135344e-05,0,0.000487469174743362,0,0,0.000258071916040603,0,0,0,0,0,0.000172047944027069,0,0,0,0,0,0.000229397258702759,0.000114698629351379,0,0,0,0,8.60239720135344e-05,0,0,0.000200722601364914,0.000630842461432586,0,0.000200722601364914,0,0,0,0,0.000286746573378448,0,0.000229397258702759,0,0,0,0,0,0,0,0,0,0,0.000114698629351379,0.000114698629351379,0,0,0,0,0,0.000114698629351379,0,0.000172047944027069,0,0,0,0,0,0,0,0,0,0,0,0,0,0,0,0,0,0,0,0,0,0,0.000315421230716293,0,0,0,0,0,0,0,0,0,0,0,0,0,0,0,0,0,0,0,0,0,0,0,0,0,0,0.000200722601364914,0,0,0,0,0,0,0,0,0,0,0,0,0,0,0,0,0,0,0,0,0,0,0,0,0,0,0,0,0,0,0,0,0,0,0,0,0,0,0,0,0,0,0,0,0,0,0,0,0,0,0,0,0,0,0,0,0,0,0,0,0,0,0,0,0,0,0,0,0,0,0,0,0,0,5.73493146756896e-05,0,0,0,0,0,0,0,0,0,0,0,0,0,0,0,0,0,0,0,0,0,0,0,0,0,0,0,0,0,0,0,0,0,0,0,0,0,0,0,0,0,0,0,0,0,0,0,0,0,0,0,0,0,0,0,0,0,0,0,0,0,0,0,0,0,0,0,0,0,0,0,0,0,0,0,0,0,0,"Type 2 diabetes"
"SRR11127759",0.102319312004278,0.21846314945192,0.00916807771143392,0.0117859370822565,0,0,0.0306679440335086,0,0.150822119240709,0.017077354959451,0.0334640406380893,0.0135126102842884,0.0809642634346315,0.00426655378308529,0.163989394884591,8.9118616879066e-05,0.000167097406648249,0.000701809107922645,0.00119196150075751,6.68389626592995e-05,0,0,0.000868906514570894,0.00972506906692808,0.0272591569378843,0,8.9118616879066e-05,0.0548079493806256,0.00116968184653774,0.00153729614116389,0,0,0,0.000133677925318599,0,0.00500178237233758,0.00315257107209696,0,0.00103600392121914,0.000167097406648249,0,0,0,0,0.0161527493093307,0,0.00092460565012031,0,7.79787897691828e-05,0,0.00895642099634614,2.22796542197665e-05,0.000133677925318599,0.00289635504856965,0,0.00101372426699938,2.22796542197665e-05,0,0,0.00041217360306568,0,0,0,0.000824347206131361,0,0,4.4559308439533e-05,7.79787897691828e-05,0,0.000311915159076731,0,0,0.000701809107922645,0.00243962213706443,0,0,0.000144817752428482,0.000133677925318599,0,0,0,0,0,0,0,0.000857766687461011,0,0.0016598342393726,0.000311915159076731,0,0,5.56991355494163e-05,0.000100258443988949,0.00481240531146957,0,0,0,0,7.79787897691828e-05,0,0,0,0.000523571874164513,0,0,0,0,0,0.000389893948845914,0,0,0,0,6.68389626592995e-05,0,0,0,0,0,0,0,0,0,0.000100258443988949,0,8.9118616879066e-05,0,0.000122538098208716,0,0,0,0,0,0,5.56991355494163e-05,0,0,0,0,0,0,0.000133677925318599,0,0,0,0,0,0,0,0,0,0,0,0,0,0,0,0,0,0,0,0,0,0,0,0,0,0,0,0,0,0,0,0,0,0,0,0,0,0,0,0,0,0,0,0,0,0,0,0,0,8.9118616879066e-05,0,0,0,0,0,0,0,0,0,0,0,0,0,0,0,0,0,0,0,0,0,0,0,0,0,0,0,0,0,0,0,0,0,0,0,0,0,0,0,0,0,0,0,0,0,0,0,0,0,0,0,0,0,0,0,0,0,0,0,0,0,0,0,5.56991355494163e-05,0,0,0,0,0,0,0,0,0,0,0,0,0,0,0,0,0,0,0,0,0,0,0,0,0,0,0,0,0,0,0,0,0,0,0,0,0,0,0,0,0,0,0,0,0,0,0,0,0,0,0,0,0,0,0,0,0,0,0,0,"Type 2 diabetes"
"SRR11127762",0.096556693602347,0.114046013690874,0.043121107622626,0.251438571207988,0.146605589582583,0,0.0142982140099851,6.17633434556591e-05,0.0253744402696999,0.0471460188378198,0.0736836687426013,0.00183231252251789,0.0128158937670493,0.000741160121467909,0.0169643316691544,0.00319110607854239,0.000442637294765557,0,0.017201091152401,0.0116938596942714,0.00656750218745175,0.000288228936126409,0.000205877811518864,0.000936744042410829,0.0247362190539915,0,0.000102938905759432,0.00333522054660559,0.0134335272016058,4.11755623037727e-05,0.00178084306963817,0,0.00360286170158011,0.000205877811518864,0,0.00216171702094807,0.00162643471099902,0.000617633434556591,0.000545576200524988,0,0,0,0,0.00812187966441917,0.00361315559215606,5.14694528797159e-05,0,0.00162643471099902,2.05877811518864e-05,0,0,0,4.11755623037727e-05,0.0171084461372176,0,0.000370580060733954,0.000329404498430182,0.00042204951361367,0,0.000339698389006125,6.17633434556591e-05,0.00112203407277781,0,0,0,0.000174996139791034,4.11755623037727e-05,0,0,0,0,0,0,0.00022646559267075,0,0,0,0,0,0,0,0,0,0,0,0,7.20572340316022e-05,0,9.26450151834886e-05,0,0,0,7.20572340316022e-05,0,0,0,0.000133820577487261,0,0,0,0.000133820577487261,0,0.00585722373771167,3.08816717278295e-05,0,0,0,5.14694528797159e-05,0,0,0,6.17633434556591e-05,0,0,0,0,0,0,0,0,0,0,0,6.17633434556591e-05,0,0,0,0,0,0,0,0,0,0,0,0,8.23511246075454e-05,0,0,0,5.14694528797159e-05,0.000967625714138659,0,0,0,0,0,0,0,2.05877811518864e-05,0,0,0,0,0,0,0,0,0,0,0,0,0,0,2.05877811518864e-05,0,0,0,0,0,0,0,0,0,0,0,0,0,0,0,0,0,0,0,0,0,0,0,0,0,0,0,0,0,0,0,0,0,0,0,0,8.23511246075454e-05,0,0,3.08816717278295e-05,0,0,0,0,4.11755623037727e-05,0,0,0,0,0.000370580060733954,0,0,0,0,0,0,0,0,0,0,0,0,0,0,0,0,0,0,0,0,0,0,0,0,0,0,0,0,0,0,0,0,0,0,0,0,0,0,0,0,0,0,0,0,0,0,0,0,0,0,0,0,0,0,0,0,0,0,0,0,0,0,0,0,0,0,0,0,0,0,0,0,0,0,0,0,0,0,0,0,0,0,0,0,0,0,0,0,0,0,0,0,0,0,0,0,0,0,0,0,0,"Type 2 diabetes"
"SRR11127763",0.0947244483269399,0.0913156595389115,0.0765030954460861,0.0844126248623191,0.000778609138212617,0,0.0128185650803297,0.00927684302480155,0.0154392494967526,0.0368320103308139,0.00607694937141555,0.00842227201944624,0.0288655095142239,0.0236716168483421,0.000123438034106878,0.00796650081659007,0.0312203273956474,0,0.00282008431767253,0,0.00252573208249459,8.54571005355312e-05,0.000816590071783964,0.00137680884196134,0.00548824490105967,0.00116791370731893,0.00206996087963842,0.00150024687606821,0.00721637737855596,0.000617190170534392,0.00169964677731779,0.107058756504235,0.0121633939762239,0.0619089217212959,0.00206046564624558,0.000370314102320635,0.0114702419385469,0.00884955752212389,0.000351323635534961,0,0,0,0,0.00176611341106764,0.00725435831212731,0.00178510387785332,0,0.0547115348095256,0.00216491321356679,0,0,0,1.89904667856736e-05,0.00169964677731779,0.000332333168749288,0.000113942800714042,0.00242128451517338,0.00104447567321205,0.000940028105890843,0.00240229404838771,0.000161418967678226,0.0015477230430324,0.000132933267499715,0,5.69714003570208e-05,0.00739678681301986,0,0.00322837935356451,0.00250674161570891,0.000873561472140985,0.000151923734285389,0,0,9.4952333928368e-05,0.000807094838391128,0.000161418967678226,0.000341828402142125,0,0,0.00962816666033651,0,0,0.00020889513464241,0,0.000531733069998861,0.000132933267499715,0,0,0.000142428500892552,7.59618671426944e-05,0.00105397090660488,0.000170914201071062,5.69714003570208e-05,0,0.0039215313912416,0.00188005621178169,0,5.69714003570208e-05,0.000541228303391697,0,0.00139579930874701,0.00607694937141555,0.000104447567321205,0.00105397090660488,0.000123438034106878,2.84857001785104e-05,4.7476166964184e-05,3.79809335713472e-05,0,0,0,0,3.79809335713472e-05,5.69714003570208e-05,0,0,0.000104447567321205,0.00836530061908922,0,0,5.69714003570208e-05,0,0,0,0,0,0.000313342701963614,0,0,0,0,0,0,0,0,4.7476166964184e-05,0,0,0,4.7476166964184e-05,0,0,0.00141478977553268,0,0,0,0,6.64666337498576e-05,0,0.000142428500892552,0,5.69714003570208e-05,0,0,0,0.000180409434463899,0,0,4.7476166964184e-05,0,0,0,0,0,0.000104447567321205,0.000104447567321205,7.59618671426944e-05,0,0.000123438034106878,0,0,0,0,0,0,0,0,0,0,0,0,0,0,0,0,0,0,0,0,0,0,0,0,0,0,0,0,0,0.000180409434463899,0,0,0,0,0,0,0,0,0,0,0,5.69714003570208e-05,0,0,0,0,0,0,0,0,0,0,0,0,0,0,0,0,0,0.000189904667856736,0,0,0,0,0,0,0,0,0,0,0,0,0,0,0,0,0,0,0,0,0,0,0,0.000151923734285389,0,0,0,0,0,0,0,0,0,0,0,0,0,5.69714003570208e-05,0,0,0,0,0,0,0,0,0,0,0,0,0,0,0,0,0,0,0,0,0,3.79809335713472e-05,0,0,0,0,0,0,0,0,0,0,0,0,0,0,0,0,0,0,0,0,0,0,0,0,0,0,0,"Type 2 diabetes"
"SRR11127769",0.0115076981442256,0.0359457494230344,0.0783724826910309,0.615693465271411,0.000221301887388954,0,0.00401504852834245,0.0155859757832506,0.00120135310296861,0.00341437197685815,0.00676551484303373,0.0452088141380292,0.0138787897948215,0.0148904555657425,0.00154911321172268,0.0182099838765768,0.00294015364673896,0.0341437197685815,0.000505832885460466,0.0160918086687111,0.0157124340046157,0,0.000316145553412791,0.00161234232240524,0.00180202965445291,0,0.00714488950712908,0,0,0,0,0.000695520217508141,0.00243432076127849,0.000663905662166862,0.00145426954569884,0,0.00233947709525466,0.00926306471499478,9.48436660238374e-05,0.00161234232240524,0,0,0,0,0.000916822104897095,0,0,0.00101166577092093,0,0,0,0,0,0.000758749328190699,9.48436660238374e-05,0,0.000252916442730233,0,0.000252916442730233,0.000221301887388954,0,0,0,0,0,0.000221301887388954,0,0.000189687332047675,0,0,9.48436660238374e-05,0,0.00116973854762733,0,0,0,0,0,0,0.000158072776706396,0,0,0.000442603774777908,0,0,0,0,0,0,0,0,0,0,0,0,0,0,0,0,0,0,0,0,0,0,0,0.000126458221365117,0,0,0,0,0,0,0,0,0,0,0,0,0,0,0,0,0,0,0,0,0,0,0,0,0,0,0,0,0,0,0,0,0,0,0,0,0,0.000189687332047675,0,0,0,0,0,0,0,0,0,0,0,0,0,0,0,0,0,0,0,0,0,0,0,0,0,0,0,0,0,0,0,0,0,0,0,0,0,0,0,0,0,0,0,0,0,0,0,0,0,0,0,0,0,0,0,0,0,0,0,0,0,0,0,0,0,0,0,0,0,0,0,0,0,0,0,0,0,0,0,0,0,0,0,0,0,0,0,0,0,0,0,0,0,0,0,0,0,0,0,0,0,0,0,0,0,0,0,0,0,0,0,0,0,0,0,0,0,0,0,0,0,0,0,0,0,0,0,0,0,0,0,0,0,0,0,0,0,0,0,0,0,0,0,0,0,0,0,0,0,0,0,0,0,0,0,0,0,0,0,0,0,0,0,0,0,0,0,0,0,0,0,"Type 2 diabetes"
"SRR11127778",0.0218154945689036,0.137827358958525,0.00299646700343176,0.00278387981737748,0.00127552311632568,0.0397133109948068,0.018788657967464,0.108713037668425,0.00300659020276768,0.002348582245933,0.0157618213660245,0.000587145561483251,0.0136460727048176,0,0.0785459036473887,0.000496036767459988,0.00515270846198232,0.000526406365467742,0.000293572780741626,0.060951783201563,8.0985594687345e-05,0.00796695787736756,0,0.00838200905014021,0.000121478392031017,0,0.00434285251510888,9.11087940232631e-05,0.00132613911300527,0,0.000202463986718362,0,0.0049704908739358,0,0,0.0231821264792525,0.000607391960155087,0.00822003786076552,0.000242956784062035,0.0914833523986921,0,0.201289695595396,0,0.00122490711964609,0.00174119028577792,0,0.000313819179413462,0.00135650871101303,0,0,0,0,0.0576921130153974,0.000384681574764889,0,0,0,6.07391960155087e-05,0,0.000921211139568549,0,0,0,0.000394804774100807,0,0,0,0,0,0.000172094388710608,0,0,0,0.00384681574764889,0.000111355192695099,0,0,0.000688377554842432,0,0,7.08623953514269e-05,0,0.00016197118937469,4.04927973436725e-05,0,0.000880718342224877,0,0.000222710385390199,0.000273326382069789,0,0,0,0.000303695980077544,0,0,0,0,0,0,0,0.000151847990038772,0,0,0,0,0,0.0012856463156616,0,0,4.04927973436725e-05,0,0,0,0.000131601591366936,0.00947531457841936,0,0,0,0,0,0,0.000313819179413462,0,0.000556775963475497,0,0,0,6.07391960155087e-05,0,0,0,0,0.000141724790702854,0,0,0,0,0,0,0,0.000111355192695099,0.00016197118937469,0,0,0,0,0,0,0,0,0,0,0.0016197118937469,0,0,0,0,0,0,0,0,0,0,0,0,0,0,0,0,0,0,0,0,0,8.0985594687345e-05,0,0,0,0,5.06159966795906e-05,0,0.000658007956834678,0,0,0.000435297571444479,0,0,0,0,0,0,0,0,0,0,0,0,0,0,0,0,0,0,0,0,0,0,0,0,0,0,0.000232833584726117,0,0,0,0,0,0,5.06159966795906e-05,0.000121478392031017,0,0,0,0,0,0,0,0,0,0,0,0.000283449581405707,0,0,0,0,0,0,0,0.000232833584726117,0,0,0,0,0,0,0,0,0,0,0,0,0,0,9.11087940232631e-05,0,0,0.000131601591366936,0,0,0,0,0,0,0,0,0,0,0,0,0,0,0,0,0,0,0,0,0,0,0,0,0,0,0,0,0,0,0,0,0,0,0,0,0,0,0,0,0,0,0,3.03695980077544e-05,0,0,0,0,0,0,0,0,0,0,0,0,0,0,"Type 2 diabetes"
"SRR11127781",0.0518545192653943,0.208612095597294,0.0829369065443587,0.13797547523833,7.5810700680401e-05,0,0.0503762106021265,0.0562894452551978,0.0877508860375642,0.0898735856566154,0.021359664916703,0.0125277182874363,0.0394784223793188,0.0278983378503876,0.00487083751871577,0.0183651422398272,0,0.000398006178572105,0.00297557000170574,0.000398006178572105,0.0225915888027595,0,0,0.00073915433163391,0.00456759471599416,0,0,0.00106134980952561,0.00280499592517484,0,0.000928681083334913,0.00756211739287,0.00221746299490173,0.000663343630953509,0,0.00235013172109243,0.00161097738945852,0,0.000587532930273108,0,0,0,0,0,0.00428330458844266,0,0,0.00390425108504065,0.000132668726190702,0,0.00161097738945852,0,0,0,0,0,0.00125087656122662,0,0.000151621401360802,0.000379053503402005,0.000777059681974111,0.00111820783503592,0.00346833955612835,0.000322195477891704,0,0.000511722229592707,3.79053503402005e-05,0,0,0.000189526751701003,0,0,0,0,0,0,0.000682296306123609,0,0,0,0,0,0,0,0,0,0.000113716051020602,0,0.000265337452381404,0,0,0,0,0,0,0,0,0,0,0,0,0,0,0,0,0,0,0,0,0,0,0,0,0,0,0,0,0,0,0.000189526751701003,0,0,0,0,0,0,0,0,0,0,0,0,0,0,0,0,0,0,0,0,0,0.000151621401360802,0,0,0,0,0,0,0,0,0,0,0,0,0,0,0,0,0,0,0,0,0,0,0,0,3.79053503402005e-05,0,0,0,0,0,0,0,0,0,0,0,0,0,0,0,0,0,0,0,0,0,0,0,0,0,0,0,0,0,0,0,0,0,0,0,0,0,0,0,5.68580255103008e-05,0,0,0,0,0,0,0,0,0,0,0,0,0,0,0,0,0,0,0,0,0,0,0,0,0,0,0,0,0,0,0,0,0,0,0,0,0,0,0,0,0,0,0,0,0,0,0,0,0,0,0,0,0,0,0,0,0,0,0,0,0,0,0,0,0,0,0,0,0,0,0,0,0,0,0,0,0,0,0,0,0,0,0,0,0,0,0,0,0,0,0,0,0,0,0,0,0,0,0,0,0,0,0,0,0,0,0,0,0,"Type 2 diabetes"
"SRR11127782",0.0422301527673428,0.150033391768929,0.0637574087987311,0.0585712496869522,0.0376805242507722,0.0888742799899825,0.0337778612572001,0.0159654395191585,0.00398614241589448,0.0266925452875866,0.0185428666833626,0.158631772268136,0.0127723516153268,0.00282786543117122,0.00228524918607563,0.00381918357124969,0.0109775440353953,0.000709575089740379,0.01044536271809,8.34794223223975e-05,0.00190959178562484,0,0.00274438600884882,0.000563486100676183,0.00277569079221972,0,0,0.00702270640287169,0.00185741714667335,0,0.000657400450788881,0.00408005676600718,0.00769054178145087,0.0211307287753569,0,0.000563486100676183,0.0189915685783454,0.000500876533934385,9.39143501126972e-05,0.0514546289339678,0,0,0,0.000406962183821688,0.00416353618832958,0.00032348276149929,3.13047833708991e-05,0.0136280156941314,0.0067096585691627,0,0,0,0,0,0,0,0.00299482427581601,0.00132523582936806,0.000156523916854495,0.000834794223223975,0.000302612905918691,4.17397111611988e-05,0.00449745387761917,9.39143501126972e-05,0,0.00373570414892729,9.39143501126972e-05,0.000615660739627682,0.000886968862175474,0.00121045162367476,0,0,0,0.000260873194757492,0.000511311461724685,0.00032348276149929,0,6.26095667417981e-05,0,0.00201394106352784,0,0,0,0,9.39143501126972e-05,0,0.000250438266967193,0,7.30444945320978e-05,0.00309917355371901,0.000375657400450789,0,0.000229568411386593,0.000135654061273896,0,0,0,0.000657400450788881,0.000135654061273896,0,0,0,0,0,0.000104349277902997,0,0,0,0,0,0,0,0,0,0,0,0,0,0,0,0.000135654061273896,0,0,0,0,0,0.000114784205693297,0,0,0,0,6.26095667417981e-05,0,0,0,0,0,0,0,5.21746389514985e-05,0,0.000135654061273896,0,0,0,0,0,0,0,4.17397111611988e-05,0,9.39143501126972e-05,0,0,0,0,0,0,0.000104349277902997,0,0,0,0,0,0,2.08698555805994e-05,0,0,0.000156523916854495,0,0.000208698555805994,0,0,0,0,0,0,0,0,0,0,0,0,0,0,0,0,0,0,0,0,0,0,0,0,0,0,0,0,0,0,0,0,0,0,0,0.000553051172885884,0,0,0,0,0,0,0,0,0,0,0,0,0,0,0,0,0,0,0,0,0,0,0,0,0,0,0,0,0,0,0,0,0,0,0,0,0,0,0,0.000198263628015694,0,0,0,0,0,0,0,0,0,0,0,0,0,0,0,0,0,0,0,0,0,0,0,0,0,0,0,0,0,0,0,0,0,0,0,0,0,0,0,0,0,0,0,0,0,0,0,0,0,0,0,0,0,0,0,0,0,0,0,0,0,0,0,0,0,0,0,0,0,"Type 2 diabetes"
"SRR11127785",0.0378225424900826,0.235360483313317,0.0487680605597409,0.111939076318375,0.0133748225788842,0,0.0305346289624049,0.0940695854714852,0.0215179968701095,0.0267405466390072,0.052525748808094,0.0195254212614186,0.0354478290934236,0.00339374749790734,0.000118280743894894,0.00198347708992976,0.00824325799759799,0.00154674818939477,0.00650544091421917,0.000245660006550933,0.00123739855151581,0.00253848673435965,0.0107544491756742,0.00813407577246424,0.00446737271172253,0.00222003857771955,0.000109182225133748,0.00191068893984059,0.00796120391600248,0.000445827419296139,0.00151945263311133,0.000200167412745205,0.00407613640499327,0.0281599155657459,0.0160406885758998,0.00182880227099028,0.00931688321141318,0.000709684463369363,0.000309349637878953,0.0030480037849838,0,0,0,0,0.00778833205954071,0.00109182225133748,0.00235651635913673,0.0101539469374386,0.00545001273792627,0,0.000764275575936238,0,0,0,0,0.000118280743894894,0.00092804891363686,0.00167412745205081,0.000163773337700622,0.00175601412090112,0.000200167412745205,0.000327546675401245,0.000263857044073225,0,0,0.00546820977544856,2.72955562834371e-05,0.00012737926265604,0,0.00108272373257634,0,0,0.00726061797139426,0.000609600756996761,0.000518615569385304,0.000145576300178331,9.09851876114569e-05,0.000282054081595516,0,0.000837063726025403,0,0,0.000100083706372603,0.000109182225133748,0.00124649707027696,0,0,0,6.36896313280198e-05,0.000391236306729264,0,0,0.000327546675401245,0.00012737926265604,0,0,0.000382137787968119,0.000427630381773847,0.000254758525312079,0,0,0,0,0,4.54925938057284e-05,0,0,0,0,0,0,0,0,0.000327546675401245,0,0,0,0,0,2.72955562834371e-05,0,0.000618699275757907,0,0.000100083706372603,0,0.000100083706372603,3.63940750445827e-05,0,0,0,0,0,0,0,0.00124649707027696,0,8.18866688503112e-05,0,7.27881500891655e-05,0.000227462969028642,0,0,0.000154674818939477,0,0,0,0,0.000145576300178331,0,0,3.63940750445827e-05,9.09851876114569e-05,0,0,3.63940750445827e-05,8.18866688503112e-05,0,0.000427630381773847,0,0,0,0,0,0,0,0,0,0,0,0,0,0,0,0,0,0,0,0,0,0,0,0,0,0,0,0,0,0,0,0,6.36896313280198e-05,0.000163773337700622,0,7.27881500891655e-05,0,9.09851876114569e-05,0,0,0,0,0,0,0,0,0,0,0,0,0,0,0,0,0,0,0,0,0,6.36896313280198e-05,0,0,0,6.36896313280198e-05,0,0,0,0,0,0,0,0,0,0,0,0,0,0,0,0,0,0,0,0,0,0,0,0,0,0,0,0,0,0,0,0,0,0,0,0,0,0,0,0,0,0,0,0,0,0,0,0,0,0,1.81970375222914e-05,0,0,0,0,0,0,0,0,0,0,0,0,0,0,0,0,0,0,0,0,0,0,0,0,0,0,0,0,0,0,0,0,0,0,0,0,0,0,0,0,0,0,0,"Type 2 diabetes"
"SRR11127790",0.136173296069409,0.141489992377834,0.0832509951161675,0.0981095145338716,0.000856317458525064,0.128419388532874,0.114069013541108,0.000225841967083533,0.0524423867731888,0.00176909540882101,0.00220195917906445,0.00584366089828642,0.0406797843209214,0.0094194920437757,0.0218972607251409,0.00284184475246779,0,0,0.00233370032652984,0.0050155736856468,0.000489324262014322,0,0.000103510901579953,0,0.00334998917840574,0,0.000583425081632461,0.000207021803159906,0.00288889516227686,1.88201639236278e-05,0.000178791557274464,0,0.039992848337709,0.00294535565404775,0.000319942786701672,0.0212761953156612,0.00272892376892603,0.00980530540421007,0,0,0.000131741147465394,0,0,0.000574014999670647,0.00136446188446301,0,0,0,0,0.000555194835747019,0.0155172251550311,1.88201639236278e-05,2.82302458854417e-05,0.000903367868334133,0,0.000141151229427208,0.000329352868663486,0,9.41008196181389e-05,0.000357583114548928,0,3.76403278472555e-05,0,0.000103510901579953,0,0.000545784753785205,0,0,0,0,0,0,0.000856317458525064,0.000244662131007161,0.000112920983541767,0,9.41008196181389e-05,0,0,0,0.000733986393021483,0,0.000254072212968975,0,0.000141151229427208,0,0.000489324262014322,0,0.00121390057307399,0,0,0,0,0,0,0,0.0010821594256086,0,0,0.00523200557076852,0,0,0,0,0,0,0,0,0,0,0,0,0,0,0,0,0,0,0,0,0,0,5.64604917708833e-05,0.000658705737326972,0,0.00163735426135562,0,0,0,0,0,0,0,0,0,0,0,0,0,0.000395223442396183,0.00256895237557519,0,0,0,0,0,0,0,0,0,0,0,7.52806556945111e-05,0,0.000658705737326972,0,0,0,0,0,0,3.76403278472555e-05,0,0,0,0,0.0017596853268592,0.000103510901579953,0,0,0,0,0,0.000150561311389022,0.000178791557274464,0,0,0,0,0,0,0,0,0,0,0,0.000470504098090694,0,0,0,0.000103510901579953,0,0,0,0,3.76403278472555e-05,0,0,0,0,0,0,0,0,0.000207021803159906,0,0,0.000357583114548928,0,0,0,0,0,0,0,0,0,0,0,0,0,0,0,0,0,0,0,0,0,0,0,0,0,0,0,0,0,0,0,0,0,0,0,0,0,0,0,0,0,0,0,0,0,0,0,0,0,0,0,0,0,0,0,0,0,0,0,0,0,0,0,0,0,0,0,0,0,0,0,0,0,0,0,0,0,0,0,0,0,0,0,0,0,0,0,0,0,0,0,0,0,0,0,0,0,0,0,0,0,0,1.88201639236278e-05,0,0,0,0,0,"Type 2 diabetes"
"SRR11127792",0.0622319945988358,0.145274893710198,0.0541120011678193,0.111444628943671,0.0836450559275952,0.0982154261628013,0.0162673576264073,0.0412112475594402,0.000191595350619492,0.0532270131197197,0.0214860500337573,0.0144973815302082,0.0264766527379888,0.013183584840246,0.00756345455540755,0.0138861011258508,0.00318413225553346,0.00218966114993705,0.00299253690491396,0.0196795795850592,0.0093425542397314,0.00478988376548729,0.00220790832618652,0.0127730233746328,0.00414210900863091,0,0.00836633031038447,0.00168786380307647,0.00610368045544952,0,0.00155100998120541,0,0.00408736747988249,0.0131653376639965,0,0.00121343722059011,0.0028556830830429,0.00400525518675985,0,0.00173348174370016,0,0,0.0251263616955276,0.00439756947612357,0.0053737934054705,0.000291954819991606,0.000127730233746328,0.00716201667791909,2.73707643742131e-05,0,0,0,6.38651168731639e-05,0.000264584055617393,0.000136853821871065,0.000501797346860573,0.00184296480119701,0.000748134226228491,0.000282831231866869,7.29887049979016e-05,4.56179406236885e-05,0,0.00023721329124318,0,4.56179406236885e-05,0.00287393025929237,0,0.000501797346860573,0,0.000556538875608999,0.00135029104246118,0,0.0017426053318249,0.000255460467492656,0,6.38651168731639e-05,0.000127730233746328,0,0,0.000218966114993705,0,0,0,0,0,0.000209842526868967,0,0,0.000437932229987409,0.000164224586245279,3.64943524989508e-05,0,0.000629527580606901,0,0.00083024651935113,0.000574786051858475,0,0,0,0,0.000392314289363721,0.00035581993686477,0,0,0,0.001113077751218,0,0.000200718938744229,0,0,0.000218966114993705,0.000100359469372115,0,0.000100359469372115,0,0.000127730233746328,0,0,0,0,0,0,0,1.82471762494754e-05,0,3.64943524989508e-05,0,0,0,0,0,0,0,0,0,5.47415287484262e-05,0,0,0,0,0,0,0,0,0,0,0,0,0.000291954819991606,0,0,0,0,0,0,7.29887049979016e-05,0,0,3.64943524989508e-05,0,0,0,0,0,0,0,0,0,0,0,0,0,0,0,0,0,0,0,0,0,0,0,0,0.000209842526868967,0,0,0,0,0,0,0,0,0,0,0,0,0,0,0,0,0,0,0,0,0,0,0,0,0,0,0,0,0,4.56179406236885e-05,0,0,1.82471762494754e-05,0,0,0,0,0,0,0,0,0,0,0,0,0,0,0,0,0,0,0,0,0,0,0,0,0,0,0,0,0,0,0,0,0,0,0,0,0,0,0,0,0,0,0,0,0,0,0,0,0,0,0,0,0,0,0,0,0,0,0,0,0,0,0,0,0,0,0,0,0,0,0,0,0,0,0,0,0,0,0,0,0,0,0,2.73707643742131e-05,0,0,0,0,0,0,0,0,0,0,0,0,0,0,0,"Type 2 diabetes"
"SRR11127793",0.0696807163739325,0.156073755208213,0.00958771667318892,0.00587003061623812,0.0942657857784121,0.077818190188992,0.055903409221703,0.0300637646463019,0.00392486360811215,0.0141916622545522,0.018588430284754,0.0381551990055478,0.0494809051357013,0.000402845238369282,0.0215234455928731,0.0039939227918326,0.0081259639511061,0.0108768214359706,0.0271287493381828,0.000126608503487489,0.0010013581639465,0,0.00620381667088695,0,0.00581248129647108,0,0.0194977095370733,0.0117170415045694,0.00761952993715614,0,0.00183006836859188,0,0.00446582721392233,0.0104049170138809,0,0.00324578163486108,0.0185999401487074,0.000184157823254529,0,0.0355884993439378,0,0,0,0.000506434013949955,0.0122004557906126,0,0,0.0047075343569439,0.00344144932206901,0,0,2.30197279068161e-05,0,0,0.000333786054648834,0.000322276190695426,0.00593908979995856,0.00166893027324417,0.0012891047627817,0.000310766326742018,0.000610022789530628,0.00103588775580673,0.00222140374300776,0,0,0.00608871803135287,5.75493197670404e-05,0.000702101701157892,0.000241707143021569,0.00169195000115099,0,0,0,0.00560530374530973,8.05690476738565e-05,0.000126608503487489,0.00095531870813287,0.000517943877903363,0,0.0011394765313874,0,0,0.00112796666743399,0,0.000886259524412422,0,0.00164591054533735,0,0.000195667687207937,0.000379825510462466,0,0,0,0,0,0,0.000782670748831749,0.000690591837204484,0.000138118367440897,0,9.20789116272646e-05,0,0,0.000253217006974978,0,0,0,0.00104739761976013,0,0,0,0,0.000149628231394305,0,0,0.000230197279068161,0,0,0,0,0,0,0,5.75493197670404e-05,0,0,0,0,0,0,0,0,0,4.60394558136323e-05,0,0,4.60394558136323e-05,0,0,0,0,0,0.000333786054648834,0,0,0,0,0,0,0,4.60394558136323e-05,0.000195667687207937,0,0,0,0,0,0,0,0,0,0,0,0,0,0.000161138095347713,0,0,0,0,0,0,0,0,0,0,0,0,0,0,0,0,0,0,0.000115098639534081,0,0,0,0,0,0,0,0,0,0,0,0,0,0,0,0,0,0,0,0,0,0,0,0,0,0,0,0,0,0,0,0,0,0,0.000115098639534081,0,0,0,0,0,0,0,0,0,0,0.000333786054648834,0,0,0,0,0,0,0.000103588775580673,0,0,0,0,0,0,0,0,0,0,0,0,0,0,0,0,0,0,0,0,0,0,0,0,0,0,0,0,0,0,0,0,0,0,0,0,0,0,0,0,0,0,0,0,0,0,0,0,0,0,0,0,0,0,0,0,4.60394558136323e-05,0,0,0,0,0,0,0,0,0,0,0,0,0,0,0,0,0,0,0,0,0,"Type 2 diabetes"
"SRR11127795",0.265400957475449,0.154811372654595,0.0365315510399963,0.0258799293013238,0.0011822129622043,0,0.0242763335011061,0.141771914833846,0.00970351035314223,0.0115529128088678,0.0021654395842356,0.00244636147624454,0.02125642316201,0.0582678824341882,0.000339447286177472,0.00510341437149579,0.0315451874568375,0.00357004904428031,0.00135778914470989,0.000269216813175237,0.00338276778294102,0.000140460946004471,0.000327742207343766,0.000234101576674119,0.0271323727365304,0.00179087706155701,5.85253941685297e-05,0.00429576393197008,0.00043308791684712,0,0.00533751594816991,0.024639190944951,0.00960986972247258,0.00300820526026243,0,0.00328912715227137,0.000421382838013414,0.0165743916285276,3.51152365011178e-05,0.00852129739093793,0,0,0.000105345709503354,0.0013811993023773,0.00203668371706483,0.000503318389849356,3.51152365011178e-05,0.00503318389849356,0,0,0,0,0,0,0.00108857233153465,0,0.00107686725270095,3.51152365011178e-05,0.000632074257020121,0.00112368756803577,0,0,0.000222396497840413,0,0,0.00092470122786277,0,0.00049161331101565,0,0,0.00958645956480517,0,0,0.000479908232181944,0.000222396497840413,0.000234101576674119,0.000117050788337059,0,0,0.00049161331101565,0,0,0.000632074257020121,0,0.000117050788337059,0,0,0,0.000128755867170765,0,0,0,0.000222396497840413,0,0.000234101576674119,0,0,0,0.000362857443844884,0,0,0,0,0,0,0,0,0,0,0,0.000140460946004471,0,8.19355518359416e-05,0,0,0.000128755867170765,0,0,0,0,0,0,0,0,0,0,0,0,0,0,0,0,0,0,0,0,0,0,0,5.85253941685297e-05,0,0,0.000117050788337059,0.000187281261339295,0,0,0,0,0,0,0,0,0,0,0,0.000222396497840413,0,0,0,0,0,0,0,0,0,0,0,0,0,0,0,0,0,0,0,0,0,0.000163871103671883,0,0,0,0,0,0,0,0,0,0,0,0,0,0,0,0,0,0,0,0,0,0,0,0.000152166024838177,0,0,0,0,0,0,0,0,0,0,0,0,0.000117050788337059,0,0,0,0,0,0,0,0,0,0,0,0,0,0,0,0,0,0,0,0,0,0,0,0,0,0,0.000163871103671883,0,0,0,0,0,0,0,0,0,0,0,0,0,0,0,0,0,0,0,0,0,0,0,0,0,0,0,0,0,0,0,0,0,0,0,0,0,0,0,0,0,0,0,0,0,0,0,0,0,0,0,0,0,0,0,0,0,0,0,0,0,0,0,0,0,0,0,0,0,0,0,0,0,0,"Type 2 diabetes"
"SRR11127800",0.122456782086653,0.0501048802918049,0.148351364477097,0.220837595709724,0.000433987414364983,0.000154995505130351,0.016481188712194,0.0208933940915713,0.00111596763693853,0.0474492906372382,0.0109633487295535,0.00584849706025192,0.0135879392830941,0.0811039813178751,3.09991010260702e-05,0.031484753608812,0.0125753019829092,0.000154995505130351,0.000609648986846048,0.000609648986846048,0.00804943323310291,0,0,0,0.00177728179216136,8.2664269402854e-05,0,0.000258325841883919,0.000991971232834248,0.00151895595027744,0.00239726381268277,0.0134329437779638,0.00924806513944429,0.0149725657955919,0.00383355549355735,0.00140529257984852,0.00426754290792234,0.00319290740568524,0,0,0,0,0,0.000516651683767837,0.0154685514120091,0.000113663370428924,0,0.0170805046653647,0.0103950318774089,0,0,0,0,0.00123996404104281,0,0,0.00120896494001674,5.16651683767837e-05,0.0003823222459882,0.0010023042665096,0,0,0.000123996404104281,0,0.000165328538805708,0.00258325841883919,0,0.000485652582741767,0.000433987414364983,0.00226293437490313,0.0118209905246081,0,0,0,0,0.000578649885819978,8.2664269402854e-05,0,0,0.0014569577482253,0,0,0,0,0,0,0,0,0.000878307862405324,0.000351323144962129,0,0,0,0,0.00148795684925137,0,0,0.000103330336753567,0,0,0.000134329437779638,0.000402988313338913,0,0,0,0,0,0.000154995505130351,0,0,0,0,0.000103330336753567,0.000743978424625686,0,0,0,0,0,0,0,0,0,0,0,0,0,0,0,0,0,0,0,0,0,0,0,0,0,0,0,0,0,0,0,0,0,0,0,0,0,0,0,0,0,0,0,0.000340990111286773,5.16651683767837e-05,0,0,0,0,0,0,2.06660673507135e-05,0,0,0,0,0.000175661572481065,0,0,0,0,0,0,0,3.09991010260702e-05,0,0,0,0,0,0,0,0,0,0,0,0,0,0,0,0,0,0,0,0,0,5.16651683767837e-05,0,0,0,0,0,0,0,0,0,0,0,0,0,0,0,0,0,0,0,0,0,0,0,0,0,0,0,0,0,0,0,0,0,0,0,0,0,0,0,0,0,0,0,0,0,0,0,0,0,0,0,0,0,0,0,0,0,0,0,0,0,0,0,0.000103330336753567,0,0,0,0,0,0,0,0,0,0,0,0,0,0,0,0,0,0,0,0,0,0,0,0,0,0,0,0,0,0,0,0,0,0,0,0,0,0,0,0,0,0,0,0,0,0,0,0,0,0,0,"Type 2 diabetes"
"SRR11127802",0.188822416330587,0.272940996578681,0.00117548118274432,0.00886867103729047,0.124381199946482,0,0.0476882203406028,0.01793803398383,0,0.027724153749116,0.0368890842714884,0.000286702727498614,0.0201552017431526,0.00658460597488484,0.0017871136680747,0,0.0187790286511592,0.0131214281618532,0.00540912479214052,0.0380358951814828,0,0.000238918939582179,0.0112387469179457,0.000296259485081901,0.00107991360691145,0,0.00887822779487375,0.00232229209273878,0.00020069190924903,0,0.000506508151914219,0,0.00520843288289149,0.00219805424415604,0.0157113094669241,0.00340220569965022,0.00874443318870773,0.00907891970412279,0,0.00173932988015826,0,0,0.00613543836847035,0.00194957854699058,0.0110762820390298,0.000430054091247921,0.00150041094057608,0.00293392457806915,0,0,0,0,0.00345954624514995,0,0,0.00142395687990978,0.00156730824365909,0.00191135151665743,0.00114681090999446,8.60108182495843e-05,0.000286702727498614,0,0.000143351363749307,0.000554291939830654,0,0.00040138381849806,0.000124237848582733,0.000143351363749307,0.00040138381849806,0.00189223800149085,0,0,0.000372713545748199,0.000248475697165466,4.77837879164357e-05,0.000525621667080793,2.86702727498614e-05,0.000258032454748753,0,0.000716756818746536,0.000219805424415604,0,0,0,4.77837879164357e-05,0,0.00116592442516103,0,9.55675758328714e-05,0,0,0,0,9.55675758328714e-05,0,0.00145262715265965,8.60108182495843e-05,0,0,0,0,0,0,0,3.82270303331486e-05,0.0032684110934842,0.00288614079015272,0,0,0,0.00053517842466408,0,0,0,0,0,0,0,0,0,0,0,0,0.000143351363749307,0,0.000219805424415604,0,0,6.689730308301e-05,0,0,0,0,0,0,0,0,0,0,0,0,0.000114681090999446,0,0,0,0,0,0,0,3.82270303331486e-05,0,0,0,0,0,0,0,0,0,0.0016342055467421,0,0,0,0,0,0,0.000105124333416159,0,0,0,0,0,0,0,0.000391827060914773,0,0,0,0,0,0,0,0,0,0,0,0,0,0,0,0,0,0,0,0,0,0,0,0,0,0,0,0,0,0,0,0,0,0,0,0,0,0,0,0,0,0,0,0,0,0,0,0,0,0,0,0,0,0,0,0,0,0,0,0,0,0,0,0,0,0,0,0,0,0,0,0,0,0,0,0,0,0,0,0,0,0,0,0,0,0,0,0,0,0,0,0,0,0,0,0,0,0,0,0,0,0,0,0,0,0,0,0,0,0,0,0,0,0,0,0,0,0,0,0,0,0,0,0,0,0,0,0,0,0,0,0,0,0,0,0,0,0,0,0,0,"Type 2 diabetes"
"SRR11127806",0.0273381424059719,0.355907263853,0.0142298306057996,0.00274547803617571,0.0282174131495837,0,0.0387955785242607,0,0.0862672265288544,0.0151808785529716,0.00540123456790123,0.00947459086993971,0.0526754952627046,0.00165984783232845,0.00013458225667528,0.00370549813379271,0.0147232988802756,0.0912916307780649,0.0424203273040482,0.000215331610680448,0.000116637955785243,0.00391185759402814,0.00379521963824289,0.000152526557565317,0.00114843525696239,0.00165087568188343,0.000493468274476026,0.00400157909847832,0.00667527993109388,0.0241350846971002,0.000143554407120299,0.00195592879701407,0.00462962962962963,0.00750968992248062,0,0.00180340223944875,0.00448607522250933,0.000645994832041344,0.00268267298306058,0,0,0,0,0,0.00958225667527993,6.28050531151306e-05,0,0.013440281366638,0.00108563020384726,0,0,0,0,0.000915159345391904,0,0,0.00174956933677864,0,0,0.00274547803617571,0.000143554407120299,0.000906187194946885,0,0.000116637955785243,0,0.00217126040769452,0,0.000780577088716624,0,0.00132787826586276,0,0,0,9.86936548952053e-05,0,7.17772035601493e-05,0.000206359460235429,0.000251220212460523,0,9.86936548952053e-05,0,0,0,3.58886017800747e-05,0.000278136663795579,0,7.17772035601493e-05,0,0.000215331610680448,0.000170470858455355,0,0,0,0.000206359460235429,0,0,0,0.00046655182314097,0,0,0.00118432385874246,0,0,0,0,0,0,3.58886017800747e-05,0,0,0,0,0,0,0,0,0,0,0,0,0,0.000278136663795579,0,1.79443008900373e-05,0,0,0,0,0,0.00449504737295435,0,0,0,0,0,0,0,0,0,6.28050531151306e-05,0,0.000278136663795579,0,0,0,0,0,0,0,0,0,2.6916451335056e-05,0,0,0,0,0,0,0,0,0,0,0,0,0,0,0,0,0,0,0,0,0,0,0,0,0,0,0,0,0,0,0,0,0,0,0,0,0,0,0,0,0,0,0,0,0,0,0,0,0,0,0,0,0,0,9.86936548952053e-05,0,0,0,0,0,0,0,0,0,0,0,0,0,0,0,0,0,0,0,0,2.6916451335056e-05,0,0,0,0,0,0,0,0,0,0,0,0,0,0,0,0,0,0,0,0,0,0,0,0,0,0,0,0,0,0,0,0,0,0,0,0,0,0,0,0,0,0,0,0,0,0,0,0,0,0,0,0,0,0,0,0,0,0,0,0,1.79443008900373e-05,0,0,0,0,0,0,0,0,0,0,0,0,0,0,0,0,0,0,0,0,0,0,1.79443008900373e-05,0,0,0,0,"Type 2 diabetes"
"SRR11127807",0.0413756045137023,0.366607814539034,0.000230290934213556,0.000399170952636831,0.0741690335457127,0.0153834344054656,0.0215705841713365,0,0.0275120902740462,0.178598295847087,0.0202963076686881,0.00451370231058571,0.0537345513164965,0,0.00173485837107546,0,0,0,0.0131112305212251,0.0331158363399094,0,0,0.00291701850003838,0.0072157826053581,0.00634067705534659,0,0,0.00036846549474169,0.020050664005527,0.0149535579949336,0.0098103937974975,0,0.00713901896062025,0.00502034236585553,0.000214938205265986,0.000184232747370845,0.0113149612343594,0,0.000598756428955247,0,0,0,0,0,0.00156597835265218,0,0,0,0.00144315652107162,0,0,0.000506640055269824,0.000199585476318416,0,0,0.00194979657634144,0.000782989176326092,0.000199585476318416,0.000307054578951409,0.00199585476318416,0.00179626928686574,0,0,0.000598756428955247,0.000291701850003838,9.21163736854226e-05,0,0,0,7.67636447378521e-05,0,0,0,0,0,0,0,9.21163736854226e-05,0,0.000153527289475704,0,0,0.00333154218162278,0.00072157826053581,0.000276349121056268,0,0,0,0,0.000782989176326092,0,0,0.000521992784217395,0.000138174560528134,0,0,0,0.000276349121056268,0.000644814615797958,0,0,0,0,0,0,0,0,0,0,0,0,0,0.000399170952636831,0,0,0,0,0,0.000122821831580563,0.000337760036846549,0,0,0,0,0,0,0.000153527289475704,0,0,0,0,0,0,0,0,0,0,0,0.000291701850003838,0,0,0,0,0,0,0,0,0.000506640055269824,0,0,0,0,0,0,0,0,0,0,0,0,0,0,0,0,0,0,0,0,0,0,0,0,0,0,0,0,0,0,6.14109157902817e-05,0,0,0,0,0,0,0,0,0,0,0,0,0,0,0,0,0,0,0,0,0,0,0,0,0,0,0,0,0,0,0,0,0,0,0,0,0,0,0,0,0,0,0,0,0,0,0,0,0,0,0,0,0,0,0,0,0,0,0,0,0,0,0,0,0,0,0,0,0,0,0,0,0,0,0,0,0,0,0,0,0,0,0,0,0,0,0,0,0,0,0,0,0,0,0,0,0,0,0,0,0,0,0,0,0,0,0,0,0,0,0,0,0,0,0,0,6.14109157902817e-05,0,0,0,0,0,0,0,0,0,0,0,0,0,0,0,0,0,0,0,0,"Type 2 diabetes"
"SRR11127808",0.00414481828170856,0.15415107723549,0.000445081157767362,0.00258703422952279,0,0.204890329220969,0.0286520995312739,0,0.0324352893722965,0,0.134553597507546,0,0.0257173456472454,0,0.0106263126416958,0.000208631792703451,0,0.00166905434162761,0.300109879410824,0.000417263585406902,0,0,0,0.000250358151244141,0,0,8.34527170813803e-05,0.000695439309011503,0.000292084509784831,0.00012517907562207,0.000264266937424371,0,0.00265657816042394,0.00012517907562207,0,0.00328247353853429,0.00458989943947592,0,0.0378179896240455,0.00207240914085428,0,0.000305993295965061,0,0,0,0.000695439309011503,0.000917979887895183,0,0.000514625088668512,0,0,0,0.00331029111089475,0.00371364591012142,0,0.00012517907562207,0,0,0.00012517907562207,0,0,0,0,0.000222540578883681,0,0,0,0,0,0,0,0,0,0,0,0,0,0,0.0290276367581401,0,0,0,0,0,0,0.000542442661028972,0,0.00104315896351725,2.78175723604601e-05,0,0,0,0,0.000556351447209202,0,0,0,0,0,0,0.000194723006523221,0,0.000208631792703451,0,0,0,0,0,0,0,0,0.00121006439768001,0,0,0,0,0,0,0,0,0,0,0,0.000208631792703451,0,0.000139087861802301,0,0,0,0,0,0,0,0,0,0,0,0,0,0,5.56351447209202e-05,0,0,0,0,0,0,0,0,0,0,0,0,0,0.000264266937424371,0,0,0,0,0,0,0,0,0,0,0,0,0,0,0,0,0,0,0,0,0,0,0,0,0,0,0,0,0,0,0,0.000180814220342991,0,0,0,0,0,0,0,0,0,0,0,0,0,0,0,0,0,0,0,0,0,0,0.000486807516308052,0,0,0,0,0,0,0,0,0,0,0,0,0,0,0,0,0,0,0,0,0,0,0,0,0,0,0,0,0.000139087861802301,0,0,0,0,0,0,0,0,0,0,0,0,0,0,0,0,0,0,0,0,0,0,0,0,0,0,0,0,0,0,0,0,0,0,0,0,0,0,0,0,0,0,0,0,0,0,0,0,0,0,0,0,0,0,0,0,0,0,0,0,0,0,0,0,0,0,0,0,0,0,0,0,0,0,0,0,0,"Type 2 diabetes"
"SRR11127812",0.0947496176098956,0.246974130478154,0.00664194985701935,0.00640919066303119,0.0441411185741837,0.0571673206091641,0.0446232626188734,0.018620735519053,0.0164843386313759,0.00762286360311232,0.0278396621666556,0.0298098024871982,0.0539585688634701,0.000241072022344883,0.000806344350601849,0,0.0151625989226574,0.00735685309569728,0.012502493848507,0.0050874509543127,0,0.0250714903238678,0.0114218261621334,0.000598523641683846,0.00287623861142515,0.00904435725211146,0.0076145507747556,0.00596861076012502,0.00924386513267274,0,0.00145474496242602,0,0.00511238943938286,0.0127269402141385,0.0241487663762719,0.00184544789519186,0.0122697346545189,0.00612655449890271,0,0.000216133537274722,0,0,0,0,0.0149215269003126,0.000390702932765844,9.97539402806411e-05,0.0173571856088315,0.000448892731262885,0,0,0,0.000174569395491122,0,0,0.000640087783467447,0.00195351466382922,0.00093934960430937,0.00313393629048347,0.00706590410321208,0.000266010507415043,0.000781405865531689,0.000232759193988163,0,0,0.00612655449890271,0,0.000282636164128483,0.000399015761122564,0.00135499102214537,0,0,0.00123029859679457,0.000108066768637361,0.000116379596994081,0.000839595664028729,8.31282835672009e-05,0,0,0.00220289951453082,0,0,0.000390702932765844,1.66256567134402e-05,0.000307574649198643,0,6.65026268537607e-05,0,0,0,0,0,0,0,0,0,5.81897984970406e-05,0.000382390104409124,0.000116379596994081,0,0,0,0,0,5.81897984970406e-05,0,0,0.000124692425350801,0,0,0.000207820708918002,0,0,0,0,0,0,0,0,0,0.000257697679058323,0.000207820708918002,0,9.1441111923921e-05,0,0,0,0,0,0,0,0,0,0,0,0,0,0,0,1.66256567134402e-05,3.32513134268804e-05,0,0.000365764447695684,0.000216133537274722,0,0,0,0,0,0,4.15641417836005e-05,0,0,0,0,1.66256567134402e-05,0,0,0,0,0,0,0,0,0,2.49384850701603e-05,0,0,0,0,0,0,0,0,0,0,0,0,0,0,0,0,0,0,0,0,0,0,0,0,0,0,0,0,0,0,0,0,0,0,0,0,0,0,0,0,0,0,0,0,0,0,0,0,0,0,0,0,0,0,0,0,0,0,0,0,0,1.66256567134402e-05,0,0,0,0,0,0,0,0,0,0,0,0,0,0,0,0,0,0,0,0,0,0,0,0,0,0,0,0,0,0,0,0,0,0,0,0,0,0,0,0,0,0,0,0,0,0,0,0,0,0,0,0,0,0,0,0,0,0,0,0,0,0,0,0,0,0,0,0,0,0,0,0,0,0,0,0,0,0,0,0,0,0,0,0,0,0,0,0,"Type 2 diabetes"
"SRR11127814",0.034155672304689,0.00921037116616663,0.0812032439372699,0.0644594966394592,0.00469034548718016,0.000851599040968465,0.00530611710141889,0.00453312720269367,0.000314436568972972,0.00962961992479725,0.0539258715788646,0.00461173634493692,0.00193902550866666,0.017647752433608,0,0.00508339119839637,0.0139924273192972,0.000851599040968465,0.000432350282337836,0.0430516069018827,0.00319677178455854,0.000327538092680179,0.00150667522632882,0.0261637428432927,0.000943309706918915,0.00205693922203152,0.000589568566824322,0.00208314226944594,0.015748031496063,0.0011005279914054,0.000759888375018015,0,0.00890903612090086,0.215624877173215,0.00956411230626122,0.000524060948288286,0.00272511693109909,0.00351120835353152,0.0147916202654369,0,0.000445451806045043,0,0,0.00119223865735585,0.00134945694184234,0,0,0.0239233822893603,0.0432481297574908,0,0,3.93045711216214e-05,0,0.00196522855608107,0.00332778702163062,0,0.000786091422432429,0.000432350282337836,0.000248928950436936,0.00377323882767566,0,0,0.00106122342028378,0,0.0413222057725313,0.00711412737301348,0,0.000681279232774772,0.00292163978670719,0.0011005279914054,0,0.0137697014162747,0,0,0,0.000445451806045043,0.000235827426729729,0,0.00510959424581079,0.00657696490101799,0.00742856394198645,0,0.000196522855608107,3.93045711216214e-05,0,0.000209624379315314,0,0,0.000301335045265764,0.00179490874788738,0.0042186906337207,0,0.016127975683572,0.000694380756481979,0.00145426913149999,0,0,0.000262030474144143,0,0,0,0,0.000170319808193693,0.00188661941383783,0.0101405793493783,0.00116603560994144,0,0,0,0.000864700564675672,0,0,0,0.0007336853276036,0,0,0.00487376681908106,0,0,0,0.00163769046340089,0,0.00174250265305855,0.000248928950436936,0,0,0.00364222359060359,0,0.00812294469846843,0,0,0,0,0,0,0,0.000222725903022522,0,0.00328848245050899,0,0,0,0.000615771614238736,0,0.000393045711216214,0,0,0,0,0,0.000524060948288286,0.000170319808193693,0,0,0,0.000117913713364864,0,0,5.24060948288286e-05,0,0,0,0,0,0.000117913713364864,0.000131015237072071,0,0,0.0023844773147117,0,0,0,0,0,0,0.000524060948288286,0,0,9.171066595045e-05,0,0.000104812189657657,0,0.00120534018106306,0,0,0,0,0,0,0,0,0,0,0,0.000445451806045043,0,0,0,0,0,0,0,0,0,0,0,0.000262030474144143,0,0,0,0,0,0,0,0,0.00167699503452251,0,0,0,0,0,0,0,0,0.000353741140094593,0,0,0,0,0,0,0,0,0,0,0,0,0,0,0,0.000301335045265764,0,0,0,0,0,0,0.000248928950436936,0.000196522855608107,0,0,0,0,0,0,0,0,0,0,0,0,0,0,0.000144116760779279,0,0.000131015237072071,0,0,0,0,0,0,0,0,0,0,0,0,0,0,0,5.24060948288286e-05,0,0,0,0,0,0,0,0,0,0,0,0,0,0,0,0,0,0,0,0,0,0,0,0,0,0,0,0,0,0,0,0,0,0,"Type 2 diabetes"
"SRR11127832",0.0129940631569221,0.192161981103745,0.00256416179629929,0.00323407794127838,0.0127746078680496,0.00152463674374552,0.023539467301162,0.0250410034881841,0.0144609485088591,0.00132828201159648,0.00974843493728199,0.000600614474808843,0.0117350828154959,0,0.0118736861558364,0,0.0166324008408603,0.19503800041581,0.000508212247915175,0.000415810021021507,4.62011134468341e-05,0.00570583751068401,0.00251796068285246,0.0504747164406662,0.0174986717179884,0,0.000254106123957587,0.000762318371872762,0.00117812839289427,5.77513918085426e-05,0.000334958072489547,0.00235625678578854,0.00391554436461919,0.000404259742659798,0,0.0150846635403913,0.0272933077687172,0.00351128462195939,0.000727667536787637,0.000334958072489547,0,0.0205710457622029,0,0.00478181524174733,0.0182840906465846,0,0.000219455288872462,0.00185959481623507,4.62011134468341e-05,0,0.000254106123957587,0,0.00503592136570491,0,0,0.00213680149691608,0.000207905010510753,0,9.24022268936681e-05,0.00085472059876643,0.000184804453787336,0,0,0,0,0.000404259742659798,0,0.000103952505255377,5.77513918085426e-05,0.000161703897063919,0,0,2.3100556723417e-05,0.00329182933308693,0,8.08519485319596e-05,0.000103952505255377,0,0,0,0,0,0,4.62011134468341e-05,0.000184804453787336,0,0,0,0.00031185751576613,6.93016701702511e-05,0,0,9.24022268936681e-05,0,0,0,0.000103952505255377,0,9.24022268936681e-05,0.000184804453787336,0.000138603340340502,0,0,4.62011134468341e-05,0,0,0,0.000115502783617085,0,0,0,0,0,0,0,0.000173254175425628,0,0,0,5.77513918085426e-05,5.77513918085426e-05,0.000184804453787336,0,0.000658365866617385,0,0,0,2.3100556723417e-05,0,0,0,0,0,0,0,0,0,0,0,0,3.46508350851256e-05,0,0,0,0,0,0,0,0,0,0,0,0,0,0,9.24022268936681e-05,0,0,0,0,0,0,0,0,0,0,5.77513918085426e-05,0,0,0,0,0,0,0,2.3100556723417e-05,0,0,0,0,0,0,9.24022268936681e-05,0,0,0,0,0,0,0,0,0,0,0,0,0,0,0,0,0,0,0,0,0,0,0,0,0,0,0,0,0,0,0,0,0,0,0,0,0,0,0,0,0,0,0,8.08519485319596e-05,0,0,0,0,0,0,0,0,0,0,0,0,0,0,0,0,0,0,0,0,0,0,0,0,0,0,0,0,0,0,0,0,0,0,0,0,0,0,0,0,0,0,0,0,0,0,0,0,0,0,0,0,0,0,0,0,0,0,0,0,0,0,0,0,0,0,0,0,0,0,4.62011134468341e-05,0,0,0,0,0,0,0,0,0,0,0,0,0,0,0,0,0,0,0,"Type 2 diabetes"
"SRR11127838",0.182770561076767,0.20728343375851,0.040652633226387,0.020120901478989,0,8.80350575162376e-05,0.0395668675170201,0.000909695594334455,0.099303544878316,0.0629548477971672,0.0109456921511855,0.0298243211518898,0.0341771656624149,0.00217153141873386,0.00751232490805227,0.0159050003912669,0.000224978480319274,0.00592769387276,0.0275843180217544,0.000195633461147195,0.00860787229047656,0,0.00855896392518976,0.00236716487988105,0.00178026449643947,0.0514418186086548,0.000948822286563894,0.00565380702715392,0.00526254010485954,0.00220087643790594,0.000449956960638548,0.000430393614523828,0.0070917129665858,0.000547773691212145,0,0.00434306283746772,0.00580053212301432,0,0.00555599029658033,5.86900383441584e-05,9.78167305735973e-05,0,0,0.000342358557007591,0.0125596682056499,0,0,0.013459582126927,0.000753188825416699,0,0.0119140777838642,3.91266922294389e-05,0,0.000410830268409109,0,0.000469520306753267,0.000586900383441584,0,0.000195633461147195,0.00102707567102277,0.00182917286172627,0.000586900383441584,0.0021128413803897,0.000234760153376634,0,0.000596682056498944,9.78167305735973e-05,0.000322795210892871,0,0.00134008920885828,0,0,0,0.000479301979810627,0,0.000205415134204554,0.000577118710384224,0.000146725095860396,0,0.000449956960638548,0,0,0,0,6.84717114015181e-05,0.000156506768917756,0,0.000645590421785742,0.000136943422803036,8.80350575162376e-05,0.00307144534001096,0.000146725095860396,0,0,0,0,0,0.000283668518663432,0.000273886845606072,0,0.000215196807261914,0,0,0,0,0,0.000410830268409109,0,0,0,0,0.000606463729556303,0,0,0,0,0,0,0,7.82533844588778e-05,0,0,0,0,0,0.000146725095860396,0,0,0,0,0,0,0,0,0,0,0,0,0,0,0,6.84717114015181e-05,4.89083652867987e-05,0,0,0,0,0,0,0,0,0,0,0,0,3.91266922294389e-05,0,0,0,0,0,0,0,0,0,0,3.91266922294389e-05,0.000313013537835511,0,8.80350575162376e-05,0,0,0,0,0,0,0,0,0,0,0,0,0,0,0,4.89083652867987e-05,0,0,0,0,0,0.000166288441975115,0,0,0,4.89083652867987e-05,0,0,0,0,0,0,0,0,0,0,0,0,0,0,0,0,0.000107598403630957,0,0,0,0,0,0,0,0,0,0,0,0,0,0,0,0,0,0,0,0,0,0,0,0,0,0,0,0,0,0,0,0,0,0,0,0,0,0,0,0,0,0,0,0,0,0,0,0,0,0,0,0,0,0,0,0,0,0,0,0,0,0,0,0,0,0,0,0,0,0,0,0,0,0,0,0,0,0,0,0,0,0,0,0,0,0,0,0,0,0,0,0,0,0,0,0,0,0,0,0,0,0,2.93450191720792e-05,"Type 2 diabetes"
"SRR11127845",0.119235663200386,0.108573559738493,0.0311197402483436,0.0775744811548418,0.192455355184064,0.16004124435084,0.0273243824316616,0.0656399455925585,0,0.00506778991707253,0.00858891667763591,0.000285200298363389,0.022432100390505,0.0289587995261287,0.00471677416524066,0.0170791101750691,0.00168926330569084,0,0.00356500372954236,0.00895090167171252,0.000394892720810846,0.0237045324908955,0.000285200298363389,0.000438769689789829,0.00626343732174981,0,0.0104756263437322,0.00346628054933965,0.000965293317537625,8.77539379579659e-05,0.00337852661138169,0,0.00332368040015796,9.87231802027116e-05,0.0271049975867667,0.00150278618753017,0.000208415602650169,0.00411346584177965,0,0,0.00107498573998508,0,0.000954324075292879,0.00315914176648677,0.00105304725549559,0,0.000197446360405423,0.000351015751831863,0,0,0,0,0,0.000175507875915932,0,0,5.48462112237287e-05,0.00136018603834847,0,8.77539379579659e-05,0,0.000109692422447457,0,0,0,6.58154534684744e-05,4.38769689789829e-05,0.000241323329384406,0,4.38769689789829e-05,0,0,0,0,0,0,0.000131630906936949,0,0,7.67846957132201e-05,0,0,0,0,0,0,0,0,0.000285200298363389,0,0,0,0,0,0,0.000800754683866439,0,0,0,0,0,0,0,0,0,0,0.00351015751831863,0,0,0,7.67846957132201e-05,0,9.87231802027116e-05,0,0,0,0,0,0,0,0,0,0,4.38769689789829e-05,0,9.87231802027116e-05,0,0,0,0,0,0,0,0,0,0,0,0,0,0,5.48462112237287e-05,0,0,0,0,0,0,0,0,0,0,0,5.48462112237287e-05,0,0,0,0,0,0,0,0,0,0,0,0,0,0,0,0,0,0,0,0,0,0,0,0,0,0,0,0,0,0,0,0,0,0,0,0,0,0,0,0,0,0,0,0,0,0,0,0,0,0,0,0,0,0,0,0,0,0,0,0,0,0,0,0,0,0,0,0,0,0,0,0,0,0,0,0,0,0,0,0,0,0,0,0,0,0,0,0,0,0,0,0,0,0,0,0,0,0,0,0,0,0,0,0,0,0,0,0,0,0,4.38769689789829e-05,0,0,0,0,0,0,0,0,0,0,0,0,0,0,0,0,0,0,0,0,0,0,0,0,0,0,0,0,0,0,0,0,0,0,0,0,0,0,0,0,0,0,0,0,0,0,0,0,0,0,0,0,"Type 2 diabetes"
"SRR11127849",0.000153319853962839,0.0029322422070393,6.70774361087421e-05,0.0033155418419464,8.6242417854097e-05,0.369357110687352,0.000402464616652453,0.195856530946654,9.58249087267744e-05,0.000507872016251904,0,0.000191649817453549,0.000843259196795615,0,0.0473375049110266,0,0,0.124323236582117,0.000143737363090162,0.000402464616652453,0.00649692881167531,0.000757016778941518,0.000153319853962839,0.000210814799198904,0.00380424887645295,0,0.000210814799198904,6.70774361087421e-05,0.000603696924978679,0.000191649817453549,6.70774361087421e-05,0,0,0.000325804689671033,0,0.0164339718466418,3.83299634907098e-05,0,0.00267351495347701,0.0509309389882806,0,0.0119206186456107,0,5.74949452360647e-05,0,0,0.000277892235307646,0.000229979780944259,0.00171526586620926,0.1066531234129,0,0,0,0.000872006669413647,0,0,5.74949452360647e-05,0,1.91649817453549e-05,0,0,0,0,0.000594114434106002,0,0,4.79124543633872e-05,0,0,0,0,0,0,0.001188228868212,0,0,0,0.000603696924978679,0.0018685857201721,2.87474726180323e-05,0,0.0288912099811225,0,0,0,0,0,0.00183025575668139,0.000354552162289065,0,0,0,0,0,0,0,0,0,0,0,0,0,1.91649817453549e-05,0,2.87474726180323e-05,0,0,0,0,0,0,3.83299634907098e-05,0,0.000459959561888517,0,0,0,0,0.00596989181367805,0,0.00100616154163113,0,0,0.000201232308326226,0,0,0,0,0,0,0,0,0,0,3.83299634907098e-05,0,0,0,6.70774361087421e-05,0,0,0,0,0,0,0,0,0,0,0,0.000105407399599452,0,0,0,0,0,0,0,0,0,0,0,0,0,0,0,3.83299634907098e-05,0,0,0,0,0.00152361604875571,0,0,0,3.83299634907098e-05,0,0,0,0,0,0,0,0,0,0,0,0,0,0,0,0,0,0,0,0,0,0.000134154872217484,0,0,0,0,0,0,0,0.000354552162289065,0,0,0,0,0,0,0,0,0,0,0,0,0,0,0,0,0,0,0,0.000105407399599452,0,0,0,0,0,0,0,0,0,0,0,0,0,0,0,0,0,0,0,0,0,0,0,0,0,5.74949452360647e-05,0,0,0,0,0,0,0,0.000105407399599452,0,0,0,0.000124572381344807,0,0,0,0,0,0,0,0,0,0,0,0,0,0,0,0,2.87474726180323e-05,0,0,0,0,0,0,0,0,0,0,0,0,0,0,0,0,0,0,0,0,0,0,0,0,0,0,0,0,0,0,0,0,0,0,0,"Type 2 diabetes"
"SRR11127850",0.0275958307227886,0.0416215754399954,0,0.000484137381101555,0.0230677222760153,8.54360084296862e-05,0.00700575269123427,0.00925556757988267,0.00014239334738281,0.0913310930113345,0.000398701372671869,0.0360682348920658,0.00778891610183972,0,0,0.00014239334738281,0.00284786694765621,0.00014239334738281,0.0252890584951871,0.0295750982514097,0.00603747792903116,0,0.000783163410605457,0.00706271003018739,0.0263000512616051,0,0,0.0011249074443242,0.0605029333029561,0.0472888306658313,0.00027054736002734,8.54360084296862e-05,0.0158199008942302,0.0788716751153386,0.000128154012644529,0.000113914677906248,0.0139118300393006,9.96753431679672e-05,0.0127442045907615,4.27180042148431e-05,0,0,0,0.00122458278749217,0.00710542803440223,0.0121176738622772,0,0.0302870649883237,0.0403257959788119,0,0,0,0,0.000711966736914051,0,0.00136697613487498,0.0111636384348123,0.000726206071652332,0.000655009397960927,0.000598052059007803,7.11966736914051e-05,0.00175143817280857,0.00343167967192573,0,0.00239220823603121,0.0193085379051091,0,0.00321808965085151,0.0108646124053084,0.00230677222760153,0,0,0,0,0.00508344250156633,0.00168024149911716,0.00259155892236715,0,0.000626530728484365,0.0278094207438628,0,0,0.000113914677906248,0.000199350686335934,0.00102523210115623,0.000583812724269522,0,0,0,0.00358831235404682,0,4.27180042148431e-05,0.0027054736002734,0.00276243093922652,0.00617987127641397,0.000384462037933588,0.000598052059007803,0.000897078088511705,0,0,0,0.000526855385316398,0,0.000897078088511705,0.00155208748647263,0,0,0.00387309904881244,0,0,0,0.00133849746539842,0,0,0,0.000370222703195307,0.00190807085492966,0,0,0,0.00227829355812496,0,0.00388733838355072,0,0,0,0.00243492624024606,0,0.000313265364242183,0,0,0.00106795010537108,0,0,0.00393005638776556,0,0.000469898046363274,0,0.000640770063222646,0.000811642080082018,0,0,0.00155208748647263,0,0,0,0,0,0,0.000213590021074215,9.96753431679672e-05,0.000213590021074215,0,0,0,0.000455658711624993,0,0.000199350686335934,0,0,0,0,0,0,0,0.000598052059007803,0,0.000484137381101555,0.000113914677906248,0,0,0,0.00121034345275389,0,0,7.11966736914051e-05,0,0,0,0,0,0,0.000455658711624993,0,0,0,0,0,0,0,0,0,0.000156632682121091,0,0,0,0.00014239334738281,0,5.69573389531241e-05,0,0,0,0,0,0,0,0,0,0,0,0,0,0,0,0,0,0,0,0,0,0,0,0,0,0,0,0,0,7.11966736914051e-05,0,0,0,0,0,0,0,0,0,0,0,0,0,0,0,0,0,0,0,0,0,0,0,0,0,0,0,0,0,0,0,0,0,0,0,0,0,0,0,0,0,0,0,0,7.11966736914051e-05,0,0,0,0,0,0,0,0,0,0,0,0,0,0,0,0,0,0,0,0,0,0,0,0,0,0,0,0,0,0,0,0,0,0,0,0,0,0,0,0,0,0,"Type 2 diabetes"
"SRR11127825",0.0967201770198806,0.356662594298114,0.0687062683149792,0.115259421268016,0.0257328127536331,0.000170868610581893,0.0417859187178019,0.0397440388213483,0.0251005988944801,0.00951738160941144,0.0290305769378636,0.00346863279481243,0.0351818469188118,0.00645029004946646,0.000264846346401934,0.00733880682449231,0.0203931686729489,0.00011106459687823,0.00199916274380815,0.00025630291587284,0.00955155533152782,0.000307563499047408,0.00254594229767021,0.00453656161094926,0.00170868610581893,0.000392997804338354,4.27171526454733e-05,0.000358824082221975,0.00253739886714111,0,0.000222129193756461,0,0.0107903527582465,0.00418628095925638,0,0.00105938538560774,0.0067151363958684,0.000162325180052798,0,0.00102521166349136,0,0,0.00199061931327905,0.00346863279481243,0.00460490905518202,5.98040137036626e-05,0.00012815145793642,0.0044682141667165,0,0,0,0.00011106459687823,0,0,0,0,0.0118753684354416,0.00156344778682432,0.000683474442327572,0.00909021008295671,0,0.000580953275978436,0,0,0,0.000777452178147613,5.12605831745679e-05,0.000213585763227366,0,0.000316106929576502,0,0.000307563499047408,0,0,2.5630291587284e-05,5.98040137036626e-05,0.000333193790634691,0.000153781749523704,0,0.000461345248571111,0,0,0.000205042332698272,0.000615126998094815,0.000392997804338354,0,0,0,0.000333193790634691,0,0,0,0.000512605831745679,0,0,0,0.000273389776931029,0,0.000683474442327572,0,0,0,0,0.00023921605481465,0,0,0,0,0,0,0,0.00011106459687823,0.000145238318994609,0,0,0,0,0,0,0,0,7.68908747618519e-05,0,0,0,0.000136694888465514,0,0,0,0,0,0,0,7.68908747618519e-05,0,0,0,0,0,0,0,0.00062367042862391,0.000145238318994609,0,0,0,0,0.000692017872856667,0,0.000230672624285556,0,0,0,0,0,0,0,0,0,0,0,0,0,0.00023921605481465,0,0,0,0,0,0,0,0,0,0,0,0,0,0,0,0,0,0,0,0,0,0,0,0,0,0,0,0,0,0,0,2.5630291587284e-05,0,0,0,0,0.000136694888465514,0,0,0,0,0,0,0,0,0,0,0,0,0,0,0,0,0,0,0,0,0,0,0,0,0,0,0,0,0,0,0,0,0,0,0,0,0,0,0,0,0,0,0,0,0,0,0,0,0,0,0,0,0,0,0,0,0,0,0,0,0,0,0,0,0,0,0,0,0,0,0,0,0,0,0,0,0,0,0,0,0,0,0,0,0,0,0,0,0,0,0,0,0,0,0,0,0,0,0,0,0,0,0,0,0,0,0,0,0,0,0,0,0,0,0,"Healthy"
"SRR11127826",0.0143248643396041,0.124163382065532,0.177248359519156,0.303726430029807,0,0.0203299522868467,0.0971514046446626,0,0.0217820917359072,0.00477131533262728,0.00222734171134088,0.00100448743844785,0.0415442902531963,0.0179825088165609,0.00111367085567044,0.0223607638471869,0.0022491783947854,0.00805773619102731,0.0218803568114075,0,0.0108637500136479,0.00124469095633755,0.00272958543056481,0.00592865955518676,0.00208540326895151,0,0,0.00210723995239603,0.0191070980139536,0,0.0013647927152824,0,0.0120647676030964,0.00275142211400932,0,0.000884385679502997,0.00192162814311762,0.00014193844238937,0,0.000480407035779406,0,0,0,0,0.00103724246361463,6.55100503335553e-05,0.000174693467556148,0.00236928015373025,0.00014193844238937,0,0.000786120604002664,0,0,0.000131020100667111,0.000240203517889703,0.000174693467556148,0.000131020100667111,0.00055683542783522,0.000786120604002664,0.00157224120800533,3.27550251667777e-05,0.000196530151000666,0.00135387437356014,0,0,0.000786120604002664,0,0.000109183417222592,0,0.000218366834445184,0,0,0.00559019096179672,0,0,0.000109183417222592,0.000207448492722925,0,0,0.000611427136446517,6.55100503335553e-05,0,0,0,0,0,0,0,8.73467337780738e-05,8.73467337780738e-05,0,0,0,0,0,0,0.000196530151000666,0,0.000272958543056481,0,0,7.64283920558146e-05,0,0,0,0,0,0,0,0,0,0.000305713568223258,0.000185611809278407,0,0,0,0,0,0,0,0,0,0,0,0,0,0,0,0,0,0,0,0,0,0,0,0,0.000109183417222592,0,0.000338468593390036,0,0,0,0,0,0,0,0,0,0,0,0,0,0,0,0,0,0,0,0,0,0,0,2.18366834445184e-05,0,0,0,0,0,0,0,0,0,0,0,0,0,0,0,0,0,0,0,0,0,0,0,0,0,0,0,0,0,0,0,0,0,0,0,0,2.18366834445184e-05,0,0,0,0,0,0,0,0,0,0,0,0,0,0,0,0,0,0,0,0,0,0,0,0,0,0,0,0,0,0,0,0,0,0,0,0,0,0,0,0,0,0,0,0,0,0,0,0,0,0,0,0,0,0,0,0,0,0,0,0,0,0,0,0,0,0,0,0,0,0,0,0,0,0,0,0,0,0,0,0,0,0,0,0,0,0,0,0,0,0,0,0,0,0,0,0,0,0,0,0,0,0,0,0,0,0,0,0,0,0,0,0,0,0,0,"Healthy"
"SRR11127827",0.11978413263603,0.109402470234784,0.0919327918103928,0.212829642817403,0,0,0.0161455435629242,0,0.018359853121175,0.00611995104039168,0.00374986091020363,0.00159118727050184,0.0221208412150885,0.0582062979859797,0.00726605096250139,0.0229219984421943,0,0.000356069878713698,0.00507399577167019,0.000500723266941137,0.0246133303660843,0,0.000645376655168577,0.00376098809391343,0.0100144653388227,0.00011127183709803,7.78902859686213e-05,0.0018359853121175,0.000901301880494047,0,5.56359185490152e-05,0.00540781128296428,0.00818960721041504,0.000545232001780349,0.0119394681206187,0.149426950038945,0.00106820963614109,0.000133526204517637,0.00421720262601536,0,0,0,0,0.00491821519973295,0.000834538778235229,0,4.45087348392122e-05,0.00132413486146656,0.000456214532101925,0,0,0.000667631022588183,0,0,0,0,0.000367197062423501,0.000178034939356849,8.90174696784244e-05,0.000667631022588183,0,0,6.67631022588183e-05,0.00172471347501947,0,0.000155780571937243,0.00178034939356849,0,0,0,0,0,0,0,0,0.000790030043396016,0,0.01468788249694,0,4.45087348392122e-05,0.00188049404695672,0,0,0.0212306665183042,0,0,0.000211416490486258,0,0.00014465338822744,0,0.00235896294647825,0,0.00076777567597641,0.000100144653388227,0,0,0,0,0.000667631022588183,0,0,0,0,0,0,0,0,0,0,0,0,0,4.45087348392122e-05,0.000267052409035273,0,0.000122399020807834,0,0,0,0.00025592522532547,0.000122399020807834,0.00011127183709803,0,0.00134638922888617,0,0,0,0,0,0,0,0,0,0.000567486369199956,0,0,0,0,0,0,4.45087348392122e-05,0,0,0,0.00186936686324691,0,0,0,0,0,0,0,0,0,0,0,0,0,0,0,0,0,0,0.00014465338822744,0,0,0,0,0,0,0,0,0.00173584065872928,0,0,0,0,0,0.000166907755647046,0,0,0,0,0,0,0,0,0,0,0,0,0,0,0,0,0.000166907755647046,0,0,0,0,6.67631022588183e-05,0,0,0,0.000667631022588183,0,0,0,0,0,0,0,0,0,0,0,0,0,0,0,0,0,0,0,0,0,0,0,0,0,0,0,0,0.00025592522532547,0,0,0,0,0,0,0,0,0,0,0,0,0,0,0,0,0,0,0,0,0,0,0,0,0,0,0.00011127183709803,0,0,0,0,0,0,0,0,0,0,0,0,0,0,0,0,0,0,0,0,0,0,0,0,0,0,0,0,0,0,0,0,0,0,0,0,0,0,0,0,0,0,0,0,0,0,0,0,0,0,0,2.22543674196061e-05,0,0,0,"Healthy"
"SRR11127828",0.0548400030069913,0.0749868444132608,0.108965845590999,0.142681735033954,0.0603778785676698,0.00885809507104017,0.0262986443481094,0.036722880697622,0.00404690906357281,0.00687849249505099,0.0437767810158619,0.0146340241060466,0.0273636204174706,0.0342170546520661,0.00221765605031699,0.0254216052321648,0.0195078557646528,0,0.00392161776129501,0.0175031949282081,0.00987295461949031,0.000626456511388979,0.002330418222367,0.00266870473851705,0.00136567519482798,0.000225524344100033,0.0173653744957025,0.00140326258551131,0.00115267998095572,0.018756107950986,0.000714160422983436,0.0123537224045907,0.00687849249505099,0.0086576289873957,0,0.00716666249028992,0.00904603202445686,0.0109379306888516,0.00281905430125041,0,0,0,0.00461071992382289,0.011426566767735,0.00339539429172827,0.000250582604555592,8.77039115944571e-05,0.00948455158242915,0.000501165209111183,0,0,0.000162878692961135,0.000263111734783371,0.000125291302277796,0.000137820432505575,0.000363344776605608,0.00280652517102263,0.00224271431077255,0.000212995213872253,0.00182925301325582,0,3.75873906833388e-05,0.000676573032300098,0.000238053474327812,0,0.00155361214824467,0,0.000939684767083469,0,0.000576339990477861,0.000977272157766808,0.00030069912546671,0,5.01165209111184e-05,0.000100233041822237,0,0.000150349562733355,0.000626456511388979,0,0.00144084997619465,0,0,0.000388403037061167,6.26456511388979e-05,0,0,0,0.000238053474327812,0.00522464730498409,0,0,0.000175407823188914,0.000100233041822237,0.00105244693913349,0.00289422908261708,0,6.26456511388979e-05,0,0.00060139825093342,0,0,0,0.000200466083644473,7.51747813666775e-05,0.000150349562733355,0.00140326258551131,0.000664043902072318,0.000150349562733355,0,0,3.75873906833388e-05,0.000739218683438996,0.000225524344100033,0,0,0,0,0,0,0,0,0.000150349562733355,0,0,0,0.000501165209111183,0.000100233041822237,0,0,0,0,0.000212995213872253,0,0,0,0,0.000187936953416694,0.000513694339338963,0,0,0.000100233041822237,0,0.000112762172050016,0,3.75873906833388e-05,0,0,7.51747813666775e-05,0,0,0,0,0,0,0,0.000187936953416694,0,5.01165209111184e-05,0,0,0,0,0,0,0,0.000112762172050016,0,0,0,0,0,0,0,0,0.000288169995238931,0,0,0,0,0,0.000100233041822237,0,0,0,0,0,0,0,0,0,0,0,0,0,0,5.01165209111184e-05,0,0,0,0,0,0,0,0,0,0,0,0,0,0,0,0,0,0,0,0,0,0,0,0,0,0,0,0,0,0,0,0,0,0,0,0,0,0,0,0,0,0,0,0,0,0,0,0,0,0,0,0,0,0,0,0,0,0,0,0,0,0,0,0,0,0,0,0,0,0,0,0,0,0,0,0,0,0,0,0,0,0,0,0,0,0,0,0,0,0,0,0,3.75873906833388e-05,0,0,0,0,0,0,0,0,0,0,0,0,0,0,0,0,0,0,0,0,0,0,0,0,0,0,0,"Healthy"
"SRR11127829",0.179504891155288,0.0716048881078391,0.0797009436933047,0.114482492406773,0,0.00224495393273265,0.0195138303383684,0.206535761811404,0.0499476854626535,0.0180002641122274,0.0214845138811292,0.0217689424336926,0.0163546417723962,0.00167609682760582,0,0.00379915280923986,0.0296313602795526,0,0.00358583139481731,0.0544375933281188,0.015298192862875,0,0.000314903040338064,0.000162530601464807,0.0104832237944801,0,0,0.000904076470647989,0.000883760145464888,0.00222463760754955,0,0,0.00906108103166299,0.00265128043639466,0.00670438731042329,0.00145261725059171,0.00283412736304257,0.00989405036417013,0.00254969881047916,0,0,0,0.00436800991436669,0.000264112227380311,0.00445943337769064,4.06326503662018e-05,0,0.00141198460022551,6.09489755493026e-05,0,0,0,0,0.00380931097183142,0,0,4.06326503662018e-05,0.000375852015887366,0.000172688764056357,0.000426642828845118,0.000396168341070467,0,3.04744877746513e-05,0,0,0.000253954064788761,0,0,0,0.000345377528112715,0,0,0,0,2.03163251831009e-05,0,0.000111739788507055,0,0,0,0,0,0,0,0,0.000132056113690156,0.000304744877746513,0,0.000314903040338064,0,0,8.12653007324035e-05,0.000121897951098605,0,0,0,0.0010666070721128,0,0,0,0.00129008664912691,0,0.000243795902197211,0,0,0,0,0,0,0,0,0,0.00127992848653536,0,0,0,0,0,0,0,0,0.000111739788507055,0,0,0,0,0.00023363773960566,0,0,0,0,0,0,0,0,3.04744877746513e-05,0,0,0,0,0.000142214276281706,0,0,0,0,0,0,0,0,0,0,0,0,0,0.000446959154028219,0,0,0,0,0,0,0,0,0,0,0,0,0,0,0,0,0,0,0,0,0,0,0,0,0,0,0,0,0,0,0,5.07908129577522e-05,0,0,0,0,0,0,0,0,0,0,0,0,0,0,0,0,0,0,0,0,0,0,0,0,0,0,0,0,0,0,0,0,0,0,0,0,0,0,0,0,0,0,0,0,0,0,0,0,0,0,0,0,0,0,0,0,0,0,0,0,0,0,0,0,0,0,6.09489755493026e-05,0,0,0,0,0,0,0,0,0,0,0,0,0,0,0,0,0,0,0,0,0,0,0,0,0,0,0,0,0,0,0,0,0,0,0,0,0,0,0,0,0,0,0,0,0,0,0,0,0,0,0,0,0,0,0,0,0,0,0,0,0,0,"Healthy"
"SRR11127830",0.0462712793092373,0.11072798382678,0.110454021576889,0.241067885956128,0,0,0.0334233944867459,0.00635781359230638,0.00879513291892607,0.0295595820658643,0.0112041113231432,0.0295784760141327,0.0245526857747463,0.096963742513273,0.00129423545638332,0.0484818712566365,0.00849282974663215,0.000425113836038317,0.00582878304079203,0.000151151586146957,0.028265346609481,0,0.00566818448051089,0.000207833430952066,0.0110151718404595,0.0228049955599222,4.72348706709241e-05,0.000330644094696469,0.0107601035388365,0,9.44697413418482e-05,0.000755757930734786,0.00674513953180796,0.00232395563700947,0,0.00150206888733539,0.00732140495399324,0.00701910178169932,4.72348706709241e-05,0,0,0,0,0.00076520490486897,0.00444952481720105,0,6.61288189392937e-05,0.00341035766244072,2.83409224025545e-05,0,0.00170990231828745,2.83409224025545e-05,0,0.000160598560281142,0,0.000623500292856198,0.00574376027358437,0,0.000358985017099023,0.00206888733538648,0.000122810663744403,0.00397717611049181,0.000321197120562284,8.50227672076634e-05,0,0.000973038335821037,0,0.000387325939501578,0,0.00025506830162299,0,0,0,0.000160598560281142,0,7.55757930734786e-05,0.00190828877510533,5.66818448051089e-05,0,0.000207833430952066,0,0,0.000207833430952066,0,0,0,0,0,0.000453454758440871,0,0,0.00148317493906702,2.83409224025545e-05,0,0,0,0,0,0,0,0,0.000122810663744403,0,0,0,0,0,9.44697413418482e-05,0,0,0,0,0,0.000188939482683696,0,0.000311750146428099,0,0,0,0,0.000141704612012772,0.000481795680843426,0,0,0,3.77878965367393e-05,0,0,0,0,0,0.0056020556615716,0,0,0,0,0,0,0,0,0,0,0.000226727379220436,0,0.000604606344587828,0,0,0,0,7.55757930734786e-05,3.77878965367393e-05,2.83409224025545e-05,0,0,0,0.00025506830162299,0,0,0,0,0,0,0,0,0,0,0,0,0,0,0,0,0,0,0,0,0,0,0,0,0,0,0,0,0,0,0,0,0,0,7.55757930734786e-05,0,0,0,0,0,0,0,0,0,0,0,0,0,0,0,0,0,0,0,0,0,0,0,0,0,0.000396772913635762,0,0,0,3.77878965367393e-05,0,0,0.000321197120562284,0,0,0,0,0,0,0,0,0,0,0,0,0,0,0,0,0,0,0,0,0,0,0,0,0,0,0,0,0,0,0,8.50227672076634e-05,0,0,0,0,0,0,0,1.88939482683696e-05,0,0,0,0,0,0,0,0,0,0,0,0,0,0,0,0,0,0,0,0,1.88939482683696e-05,0,0,0,0,4.72348706709241e-05,0,0,0,0,0,0,0,0,0,0,0,0,0,0,0,0,0,0,0,0,0,0,0,0,0,0,"Healthy"
"SRR11127831",0.0397887145106405,0.214048453451166,0.0314388744984509,0.0275382193102748,0.0483925034283102,0,0.0507491492711666,0.21155975417746,0.0316623495352735,0.00833968205597034,0.0492660876631622,0.00304738686576261,0.0414343034181523,0.0200213317080603,0.000406318248768348,0.0212606023668038,0.0215247092285032,0,0.00952816293361776,0,0.0116918076083092,0,0.00137132408959317,5.07897810960435e-05,0.00624714307481335,0.017522474478135,0.0052516633653309,0.00438823708669816,0.000639951241810148,0,0.0022144344557875,0.000965005840824826,0.00795367971964041,0.00115800700898979,0,0.0024480674488293,0.0103407994311545,0.00727309665295343,0,0,0,0,0,0.00968053227690589,0.0144141398750571,7.11056935344609e-05,0,0.00209253898115699,0,0,0,0,0,0.00333180963990045,0.000203159124384174,0,0.000416476204987557,0.00237696175529483,0.000101579562192087,0.000101579562192087,0.000172685255726548,0,0,0,0,0.00031489664279547,0,0.000274264817918635,0,0.000873584234851948,0,0,0,4.06318248768348e-05,5.07897810960435e-05,0,0,7.11056935344609e-05,0,9.14216059728783e-05,0,0,0.000172685255726548,0,0,0.00117832292142821,0,0,0,0,0,0,0.00015236934328813,0,0,0,0,0,0,0,0.00107674335923612,0,0.000223475036822591,0,0,0,0,0,0,0,0,0,0.000223475036822591,8.12636497536696e-05,0,0,0,0,0,0,0,0,0,0,0,0,0,0,0,0,0,0,0,4.06318248768348e-05,0,0,0,0,0,4.06318248768348e-05,0,0,0,0,0,0,0,2.03159124384174e-05,0,0,0,0,0,0,0,0.000101579562192087,0,0,0,0,0,0,0,0,0,0,0,0,0,0,0,0,0,0,0,0,0,0,0,0,0,0,0,0,0,0,0,0,0,0,0,0,0,0,0,0,0,0,0,0,0,0,7.11056935344609e-05,0,0,0,0,0,0,0,0,0,0,0,0,0,0,0,0,0,0,0,0,0,0,0,0,0,0,0,0,0,0,0,0,0,0,0,0,0,0,0,0,0,0,0,0,0,0,0,0,0,0,0,0,0,0,0,0,0,0,0,0,0,0,0,0,0,0,0,0,0,0,0,0,0,0,0,0,0,0,0,0,0,0,0,0,0,0,0,5.07897810960435e-05,0,0,0,0,0,0,0,0,0,0,0,0,0,0,0,0,0,0,0,0,0,0,2.03159124384174e-05,0,0,"Healthy"
"SRR11127833",0.00061458926457164,0.367090552497673,0.0516435743788581,0.0803123559556411,0.000668817729092667,0.0306661966866408,0.0101497609428522,5.42284645210271e-05,0.000216913858084108,6.32665419411983e-05,0.0666919732834431,0.0478656580172266,0.0424156973328634,0.00125629276140379,0.00421174407779977,0.00316332709705991,0.00521497067143877,0.0137198015238199,0.0192239906727041,0.000298256554865649,0.00652549189736359,0,0.000180761548403424,6.32665419411983e-05,0.0566054788825321,0,0,0.00404905868423669,0.00138282584528619,0.0886545014144591,0.000894769664596947,0,0.00329889825836248,0.00541380837468254,0,0.003009679780917,0.00519689451659843,0,0.00568495069728767,0,0,0,0,0,0.000253066167764793,3.61523096806847e-05,0,0.00135571161302568,0.002006453187278,0,0.00630857803927948,6.32665419411983e-05,0,0.000596513109731298,0,0.0011930262194626,0.000280180400025307,0.00277468976799255,0,0.000280180400025307,0.00320851748416077,0,0.000234990012924451,0.00037959925164719,0,0.000334408864546334,7.23046193613694e-05,0.000967074283958316,0.000117495006462225,0,0,0,0,0.000867655432336433,0,1.80761548403424e-05,3.61523096806847e-05,0,0.000325370787126163,0.000244028090344622,0,0,5.42284645210271e-05,3.61523096806847e-05,0,0,0.00179857740661407,0.000189799625823595,0.000135571161302568,0.00022595193550428,0,0,0,0,0,0,0.00244931898086639,0.000271142322605135,0,0,0,0,0,0,0,0,0,0,0,0,9.9418851621883e-05,0.00030729463228582,0.000632665419411983,0,0,4.51903871008559e-05,0,0,0,8.13426967815406e-05,0,0,5.42284645210271e-05,0,0,5.42284645210271e-05,0,0,0.001003226593639,0,0,0,0,0,0,0,0,0,0,2.71142322605135e-05,3.61523096806847e-05,0,0,0,0,0,0,0,0,6.32665419411983e-05,0,5.42284645210271e-05,0,0,0,0.000198837703243766,0,0,0,0,0,0,0,0,2.71142322605135e-05,0,2.71142322605135e-05,0.000289218477445478,0,0,0,0,0,0,0,0,0,0,0,0,0,0,0,0,2.71142322605135e-05,0,0,0,0,0,3.61523096806847e-05,0,0,0,0,1.80761548403424e-05,9.03807742017118e-05,0,0,0,0,0,0,0,0,0,0,0,0,0,0,0,0,1.80761548403424e-05,0,0,0,0,0,0,0,0,0,0,0,0,0,0,0,0,0,0,1.80761548403424e-05,0,0,0,0,0,0,0,0,0,0,0,0,0,0,0,0,0,0,0,0,0,0,0,0,0,0,0,0,0,0,0,0,0,0,0,0,0,0,0,0,0,0,0,0,0,0,0,0,0,0,0,0,0,0,0,0,0,0,4.51903871008559e-05,0,0,0,0,0,0,0,0,0,0,0,0,0,0,0,0,0,0,0,0,0,0,0,0,"Healthy"
"SRR11127834",0.112050063219219,0.155103151358013,0.0731422352395128,0.102591187721067,0.0239112690257838,0.229077639602439,0.0471983482978826,0.0105472063507306,0.0039692066388182,0.0101630895792321,0.010451177157856,0.0180374833949521,0.0259758966725885,0.00355308013636145,8.00243273955282e-05,0.00654598998095421,0.00555368832124966,0,0.00741025271682592,0.0274323394311871,0.00299290984459276,0.00062418975368512,0.000848257870392599,0,0.012579824266577,0.0284246410908916,0,0.000752228677517965,0.00036811190601943,0,0.00025607784766569,0.00464141098894064,0.00838654951105136,0.00457739152702422,0,0.00099230165970455,0.00379315311854804,0.00353707527088235,0,0,0,0,0.00436932827579584,0.00123237464189113,0.00585778076535267,6.40194619164226e-05,0,0.00326499255773755,0.00609785374753925,0,0,0,0.000224068116707479,0,6.40194619164226e-05,0.000208063251228373,0.000496150829852275,0.000432131367935853,0,0.000160048654791056,4.80145964373169e-05,0.000560170291768698,0.000592180022726909,0,0,0.00176053520270162,0,0.000240072982186585,0.000640194619164226,0.000352107040540324,0,0.00121636977641203,0,0,0.000800243273955282,0.000160048654791056,0,0,0,0.00128038923832845,0,0,0.000416126502456747,3.20097309582113e-05,0,0,0,0,4.80145964373169e-05,0,0,0,0,0,0,0,0,0,0,0.000448136233414958,0,0.00011203405835374,0,0,0,0,0,0,0,0,9.60291928746339e-05,0,0,0,0,0,0,0,0,0,0,0,0,0,0,0,0,0,0,0,0,0,0,0,0,0,0,0,0,0,0,0,0,0,0,0,0,0,0,0,0,0,0,0,0,0,0,0.000208063251228373,0,0,0,0,0,0,0,0,0,0,0,0,0,0,0,0,0,0,0,0.00102431139066276,4.80145964373169e-05,0,0,0,0,0,0,0,0,0,0,0,0,0,0,0,0,0,0,0,0,0,3.20097309582113e-05,0,0,0,0,0,0,0,0,0,0,0,0,0,0,0,0,0,0,0,0,0,0,0,0,0,0,0,0,0,0,0,0,0,0,0,0,0,0,0,0,0,0,0,0,0,0,0,0,0,0,0,0,0,0,0,0,0,0,0,0,0,0,0,0,0,0,0,0,0,0,0,0,0,0,0,0,0,0,0,0,0,0,0,0,0,0,0,0,0,0,0,0,0,0,0,0,0,0,0,0,0,0,0,0,0,0,0,0,0,0,0,0,0,0,0,"Healthy"
"SRR11127835",0.09312104943006,0.121604823993018,0.0518632144085055,0.283488931792336,0.0598503081113962,0.0029885483060485,0.0337996879215043,0.0124831398270345,0.00251249636349211,0.0065589378752215,0.0354923170505937,0.0167411599799,0.0430298061410701,0.0184073417788474,0.00177197111951548,0.0220041786781624,0.0145989262383962,0.00256539102377615,0.00875406627700934,0.000158683980852133,0.0116632725926318,0.000476051942556399,0.00420512549258152,0.00774906773161249,0.00415223083229748,0,0,0.000555393932982465,0.00335881092803681,0,0.00327946893761075,0.000766972574118643,0.00404644151172939,0.00518367670783634,0,0.000396709952130332,0.00637380656422734,0.00756393642061834,0,0,0.000290920631562244,0,0,0.0027505223347703,0.00502499272698421,0.00074052524397662,0,0.00359683689931501,0.00145460315781122,0,0,0.000158683980852133,0.000105789320568089,0,0,0,0.00251249636349211,0.000290920631562244,0,0.00148105048795324,0,0.000238025971278199,0,0.000343815291846288,0,0.00285631165533839,0,0.000449604612414377,0,0.000899209224828754,0,0.00105789320568089,0.000528946602840443,0.000132236650710111,7.93419904260665e-05,0,0.000132236650710111,0.000105789320568089,7.93419904260665e-05,0.00211578641136177,0,0,0,0.000423157282272355,7.93419904260665e-05,0,0.00126947184681706,0,0.000211578641136177,0.000158683980852133,0,0,7.93419904260665e-05,0,0,0,0.000846314564544709,0.000211578641136177,0,0,0,0,0,5.28946602840443e-05,7.93419904260665e-05,0,0,0,0,0,0.000238025971278199,0,0,0,0,0,0,0,0,0,0,0,0,0,0,0,0,0,0,0,0,0,0,0.000185131310994155,0,0,0,0,0,0,0,0,0,0,0,0,0,0.000132236650710111,0,0,5.28946602840443e-05,0,0,0,0,0,0,0,0,0,0,0,0,0,0,0,0,0,0,0,0,0,0,0,0,0,0,0,0,0,0,0,0,0,0,0,0,0,0,0,0,0,0,0.000105789320568089,0,0,0,0,0,0,0,0,0,0,0,0,0,0,0,0,0,0,0,0,0,0,0,0,0,0,0,0,0,0,0,0,0,0,0,0,0,0,0,0.000105789320568089,0,0,0,0,0,0,0,0,0,0,0,0,0,0,0,0,0,0,0,0,0,0,0,0,0,0,0,0,0,0,0,0,0,0,0,0,0,0,0,0,0,0,0,0,0,0,0,0,0,0,0,0,0,0,0,0,0,0,0,0,0,0,0,0,0,0,0,0,0,0,0,0,0,0,0,0,0,0,0,0,0,0,"Healthy"
"SRR11127836",0.101089761973043,0.091004684064621,0.146018545072173,0.0594111461619348,0.0047796577765032,0.139613803651659,0.0129528725743237,0.062709110027722,0.0186406653283625,0.00535321670968359,0.0103240607972469,0.00219864257719147,0.0411050568779275,0.00243762546601663,0.0857470605104674,0.0386196348341459,0.00167288022177612,0.0655769046936239,0.00195965968836631,0.00157728706624606,0.0073128763980499,0.000764745244240512,0.000286779466590192,0.00616575853168913,0.00525762355415352,0,0.00425389542108785,0.00267660835484179,0.00334576044355224,0,0.00186406653283625,0,0.00176847337730618,0.000286779466590192,0,0.0115189752413727,0.00616575853168913,0.00898575661982602,0,0.00138610075518593,0,0,0,0.000573558933180384,0.00143389733295096,0.00023898288882516,0,0.00109932128859574,0,0,0.00812541822005544,0.000573558933180384,0.00095593155530064,0.0022464391549565,0,0,0,0.000334576044355224,0,0,0,0,0,0.000621355510945416,0,0,0.000191186311060128,0.000191186311060128,0,0,0,0,0,0.00167288022177612,0,0,0,0,0,0,0,0,0,0.000669152088710448,0,0,0,0.0013383041774209,0.00181626995507122,0.000669152088710448,0.000286779466590192,0,0,0,0,0,0,0,0,0.000573558933180384,0,0,0,0,0,0.000334576044355224,0,0,0.00095593155530064,0,0,0,0,0,0,0,0,0,0,0.0011949144441258,0,0,0,0,0,0,0,0,0,0,0,0,0,0,0,0,0,0,0,0,0,0,0,0,0,0,0,0,0,0,0,0,0,0,0,0,0,0,0,0,0,0,0,0,0,0,0,0,0,0,0,0,0,0,0,0,0,0,0,0,0,0,0,0,0,0,0,0,0,0,0,0,0,0,0,0,0,0,0,0,0,0,0,0,0,0,0,0,0,0,0,0,0,0,0,0,0,0.000143389733295096,0,0,0,0,0,0,0,0,0,0,0,0,0,0,0,0,0,0,0,0,0,0,0,0,0,0,0,0,0,0,0,0,0,0,0,0,0,0,0,0,0,0,0,0,0,0,0,0,0,0,0,0,0,0,0,0,0,0,0,0,0,0,0,0,0,0,0,0,0,0,0,0,0,0,0,0,0,0,0,0,0,0,0,0,0,0,0,0,0,0,0,0,0,0,0,0,0,0,"Healthy"
"SRR11127837",0.298546106353316,0.280233545425004,0.0740678623465655,0.00994769337204792,0,0.00781978846738435,0.0453778341492049,0.000566043669220851,0.000314468705122695,0.00789316449857965,0.0138471053155693,0.00268346628371367,0.0321282193733687,0.000303986414951939,0.0197067055210222,0.00618455120074634,0.000146752062390591,0.0134278137087391,0.00181343619954088,0.0170546861078208,0.00344867346617889,0.000230610383756643,0.000283021834610426,0.000817618633319008,0.00133125085168608,0,0.0310066143250977,0.00258912567217686,0.000314468705122695,5.24114508537825e-05,0.0013731800123691,0,0.012138492017736,0.000953888405538842,0.00745290831140788,0.00634178555330769,0.0118345056027841,0.0249583328965712,0.000387844736317991,0.00462268996530362,0.000104822901707565,0,0.00663528967808887,0,0.00835438526609294,0,0,0,0,0.00020964580341513,0.0119288462143209,5.24114508537825e-05,0.000157234352561348,0,0,0,0.000765207182465225,0,0.000199163513244374,0.000733760311952955,0,0,0.00154089665510121,0.00020964580341513,0,0.000324950995293452,0,0.000146752062390591,0,0.000230610383756643,0,0,0.0116982358305643,0.00150944978458894,0.000157234352561348,0,5.24114508537825e-05,0,0,0,0,0,0.000324950995293452,0,0,0,0,0,0.000283021834610426,0,0,0,7.33760311952955e-05,0,0,0.000115305191878322,0,0,0.000398327026488747,0,0,0,0,0,0,0,0,0,2.0964580341513e-05,0,0,0,0,3.14468705122695e-05,0,0,0,0,7.33760311952955e-05,0,0,0,0,0.000146752062390591,0,0,0,0,0,0,0,0,0,0,0,0,0,0,0,0,0.00145703833373515,0,0.000188681223073617,0,0,0,0,0,5.24114508537825e-05,0,0,0,0,0,0.000534596798708582,0,0,0,0,0,0,0,0,0,0,0,0,0,0,0,0,0,0,0,0,0,0,0.000146752062390591,0,0,0,0.000230610383756643,0,0,0,0,0.0002410926739274,0,0.000220128093585887,0,0,0,0,0,0,0,0,0,0,0,0,0,0,2.0964580341513e-05,0,0,0,0,0,0,0,0,0,0,0,0,0,0,0,0,0,0,0,0,0,0,0,0,0,0,0,0,6.2893741024539e-05,0,0,0,0,0,0,0,0,0,0,0,0,0,0,0,0,0,0,0,0,0,0,0,0,0,0,0,0,0,0,0,0,0,0,0,0,0,0,0,0,0,9.43406115368086e-05,0,0,0,0,0,0,0,0,0,0,0,0,0,0,0,0,0,0,0,0,0,0,0,0,0,0,0,0,0,0,0,0,0,0,0,0,0,0,0,0,0,"Healthy"
"SRR11127839",0.117579682371858,0.160785479856385,0.063756910945175,0.0654199431705544,0.0251987929249543,0.163318575299015,0.0432057974845261,0.0730853102491244,0.000616753672988392,0.00422916804334897,0.0419392497632106,0.0232163704046345,0.0342298288508557,0.00994515297693782,0.00169607260071808,0.0112447410735919,0.0139650653098086,0.000881076675697703,0.00421815458490275,0.0268508116918875,0.00320491640785039,0.0635917090684817,0.00112337276151457,0.000550672922311064,0.000583713297649728,0,0.00395383158219344,0.000616753672988392,0.000881076675697703,0.000176215335139541,0,0,0.00490098900856847,0.00244498777506112,0,0.000308376836494196,0.00477984096566004,0.00224674552302914,0,0,0,0,0,0.001244520804423,0.00431727571091874,0,0,0.00189431485275006,0.000110134584462213,0,0,2.20269168924426e-05,0,0.000209255710478204,0,0.000121148042908434,2.20269168924426e-05,0.000803982466574154,0,0.00042952487940263,6.60807506773277e-05,0,4.40538337848851e-05,0,0,7.7094209123549e-05,0,0.000176215335139541,0.000143174959800877,0.000242296085816868,0,0,0,0.000121148042908434,0,0,0,0,3.30403753386638e-05,0.000286349919601753,0,0,0,0,0,0,0.000330403753386638,0,8.81076675697703e-05,0,0,0,0,0,0,0,0,0,0,0,0,0,9.91211260159915e-05,0,0,0,0.000297363378047975,0,0,0,7.7094209123549e-05,0,0,0,0,0,0,0,0,0,0,0,0,0,0,0,0,0,0,0,0,0,0,0,0,2.20269168924426e-05,0,0,0,0,0,0,0,0,0,0,0,0,0,0,0,0,0,0,0,0,0,0,0,0,0,0,0,0,0,0,0,0,0,0,0,0,0,0,0,0,0,0,0,0,0,0,0,0,0,0,0,0,0,0,0,0,0,0,0,0,0,0,0,0,0,0,0,0,0,0,0,0,0,0,0,0,0,0,0,0,0,0,0,0,0,0,0,0,0,0,0,0,0,0,0,0,0,0,0,0,0,0,0,0,0,0,0,0,0,0,0,0,0,0,0,0,0,0,0,0,0,0,0,0,0,0,0,0,0,0,0,0,0,0,0,0,0,0,0,0,0,0,0,0,0,0,0,0,0,0,0,0,2.20269168924426e-05,0,0,0,0,0,0,0,0,0,0,0,0,0,3.30403753386638e-05,0,0,0,0,0,0,0,0,0,0,0,0,0,"Healthy"
"SRR11127840",0.0641465437994664,0.181587856774512,0.228694423891841,0.0825429923095895,0.135467814622991,0.0248985448756754,0.054527925382839,0,0.0214120759624224,0.00680478016187978,0.0225107060379812,0.00447299387906101,0.0320956929216834,0.0182507118674469,0.00727562162283357,0.0244613349476469,0.00533620322414296,0,0.0095401448398018,0.000638999125580144,0.0056276765094953,0,0.000336315329252707,0.000190578686576534,0.00641241227775162,0.000280262774377256,5.60525548754512e-05,0.00196183942064079,0.000571736059729602,0.000123315620725993,0.000235420730476895,0,0.00215241810721733,7.84735768256317e-05,0,0.00476446716441335,0.00454025694491155,0.000717472702405776,0.000336315329252707,0.000526894015829242,0,4.4842043900361e-05,0,0.00458509898881191,0.0035649424900787,2.24210219501805e-05,0,0.001490997959687,3.36315329252707e-05,0,0,0,0,0.000840788323131768,0,0.000706262191430685,2.24210219501805e-05,0,0,0.000190578686576534,0.000582946570704693,0.000695051680455595,0,0,0,8.9684087800722e-05,0,4.4842043900361e-05,0,6.72630658505415e-05,0,0,0.000168157664626354,0.000123315620725993,0,0.000134526131701083,0,0.000235420730476895,0,0,0,0,0.00294836438644873,0,0,0,0,0,0.000201789197551624,0,0,0,0,0,0,0,0,0,0,0,0.000212999708526715,0,7.84735768256317e-05,0,0,0,0,0,0,0,0,0,0.000739893724355956,8.9684087800722e-05,0,0,0,0,0,3.36315329252707e-05,0,8.9684087800722e-05,0,0.000246631241451985,0,0.000100894598775812,0,0,0,0,0,0,0,0,0,0,6.72630658505415e-05,0,0,0,0.000145736642676173,0,0,0,0,0,0,0,0,0,0,0,0,0,0,0,0,0,0,0,0,0,0,0,0,0,0,0,0,0,0,0,0,0,0,0,0,0,0,0,0,0,0,0,0,0,0,0,0,0,0,0,0,0,0,0,0,0,0,0,0,0,0,0,0,0,0,0,0,0,0,0,0,0,0,0,0,0,0,0,0,0,0,0,0,0,0,0,0,0,0,0,0,0,0,0,0,0,0,0,0,0,0,0,0,0,0,0,0,0,0,0,0,2.24210219501805e-05,0,0,0,0,0,0,0,0,0,0,0,0,0,0,0,0,0,0,0,0,0,0,0,0,0,0,0,0,0,0,0,0,0,0,0,0,0,0,0,0,0,0,0,0,0,0,0,0,0,0,0,0,0,0,0,0,0,0,0,0,0,0,"Healthy"
"SRR11127841",0.0871826993513318,0.0886690093743696,0.0688373870669795,0.107194802161519,0.0549191553512469,0.153514592379476,0.0199484038092003,0.00859936513329016,0.000244179503784782,0.0122302081895682,0.00691134160712579,0.0142367267206693,0.0405868801290966,0.0386015945983247,0.000265412504113894,0.0154257747390995,0.0150860467338337,0,0.00887539413756861,5.30825008227788e-05,0.00967163164991029,0.162315671015893,0.00212330003291115,0.000392810506088563,0.00325926555051862,0.00264350854097438,4.2466000658223e-05,0.00042466000658223,0.00614695359527778,3.18495004936673e-05,0.000201713503126559,0,0.00280275604344272,0.00163494102534159,0.00753771511683458,0.000764388011848014,0.00562674508721455,0.000764388011848014,0,0,0,0,0,0.00330173155117684,0.00388563906022741,6.36990009873345e-05,0,0.00160309152484792,0,0,0,0,0,0,0,0.000233563003620227,8.4932001316446e-05,0,0.00179418852780992,0.000955485014810018,0,0,0.000138014502139225,0,0,0.000477742507405009,8.4932001316446e-05,0.000116781501810113,0,0.000254796003949338,0,0,0,0,0,0,8.4932001316446e-05,0,0,0.000180480502797448,0,0,0,0,0,0,0,0,8.4932001316446e-05,0,0.00145446052254414,0,0,0,0,0,0.000573291008886011,0,0.000573291008886011,0.000116781501810113,0,0,0,0,0,0,0.000435276506746786,4.2466000658223e-05,0,0,0,0,0,0,0,0,0,0,0,0,0,0,0,0,0,0,0,0,0,0,0,0,0,0,0,0,0,0,0,4.2466000658223e-05,0,0,0,0,9.55485014810018e-05,0,0,0,0,0,0,0,0,0,0,3.18495004936673e-05,0,0,0,0,0,0,0,0,0,0,0,0,0,0,0,0,0,0,0,0,0,0,0,0,0,0,0,0,0,0,0,0,0,0,0,0,0,0,0,0,0,0,0,0,0,0,0,0,0,0,0,0,0,0,0,0,0,0,7.43155011518903e-05,0,0,0,0,0,0,0,0,0,0,0,0,0,0,0,0,0,0,0,0,0,0,0,0,0,0,0,0,0,0,0,0,0,0,0,0,0,0,0,0,0,0,0,0,0,0,0,0,0,0,0,0,0,0,0,0,0,0,0,0,0,0,0,0,0,0,0,0,0,0,0,0,0,0,0,0,0,0,0,0,0,0,0,0,0,0,0,0,0,0,0,0,0,0,0,0,0,0,0,0,0,"Healthy"
"SRR11127842",0.0395752046234635,0.0794828918160393,0.207498459823393,0.264147622260686,0.00110501559734405,0.00181887523102649,0.00565220367491028,0.046733358758471,0.00732439541956367,0.0128494734062839,0.0116760055152991,0.00448851468301699,0.019293767907609,0.0532363266543453,0.0100135926697372,0.0243592376370268,0.0107372312025112,0.01663390735471,0.00287499633291284,0.00136904587281564,0.0183452146957296,0,0.00144727706554796,0.0023078201856035,0.000811648624597843,0,0.000215135780013886,0.000528060550943175,0.0036670871593276,0,0.000254251376380047,0.00231759908469504,0.00514370092215018,0.00842941101690772,0.000811648624597843,0.00113435229461867,0.0169370532265478,0.015548449555549,0,0.000293366972746208,0.000107567890006943,0,0.000889879817330165,0.00242516697470199,0.00331504679203215,5.86733945492416e-05,0,0.00605313853766343,4.88944954577014e-05,0.00034226146820391,2.93366972746208e-05,5.86733945492416e-05,0.000136904587281564,0.000234693578196967,0.000146683486373104,0,0.000899658716421705,2.93366972746208e-05,0.000811648624597843,0.000635628440950118,0,0.000840985321872464,0.00164285504737877,0,0,0.00464497706848163,4.88944954577014e-05,0.000107567890006943,0.000625849541858578,0.000322703670020829,0,0,0.00248384036925123,8.80100918238625e-05,0.000547618349126255,9.77889909154027e-05,7.82311927323222e-05,0,0,0.000557397248217796,0,0,0.00037159816547853,0,0,0,6.84522936407819e-05,0,0.000136904587281564,0,0.000430271560027772,0,5.86733945492416e-05,0,0,0,0,0,0.000400934862753151,0,0,0.00132015137735794,0,0,0,0,0,0.00072363853277398,0,0,9.77889909154027e-05,0,0,0,0,3.91155963661611e-05,0,0,0,0,0,0.000195577981830805,0,0,0,5.86733945492416e-05,0,0,0,0,0,0,0,0,0,0,8.80100918238625e-05,0,0,0.000156462385464644,0,0.000185799082739265,0.000283588073654668,0.000303145871837749,0.000136904587281564,9.77889909154027e-05,0,2.93366972746208e-05,0.000185799082739265,0,2.93366972746208e-05,0,0.000176020183647725,0.00229804128651196,4.88944954577014e-05,0,0,0,0,0,0,0,0,0,0,0,0,0,0,0,0,0,0.00036181926638699,3.91155963661611e-05,0,0,0,0,0,0,0,0,0,0,0,4.88944954577014e-05,0,0,0,0,0,0,0,0,0,0,0,0,0,0,0,0,0,0,0,0,0,0,0,0,0,0,0,0,0,0,0,0,3.91155963661611e-05,0,0,0,0,0,0,0,0,0,1.95577981830805e-05,0,0,0,0,0,0,0,0,0,0,0,0,0,0,0,0,0,0,0,0,0,0,0,0,0,0,0,0,0,0,0,0,0,0,0,0,0,0,0,0,0,0,0,1.95577981830805e-05,0,0,0,0,0,0,0,0,0,0,0,0,0,0,0,0,0,0,0,0,0,0,0,0,0,0,0,0,0,0,2.93366972746208e-05,0,0,0,0,0,0,0,0,0,0,0,0,"Healthy"
"SRR11127843",0.0655861547970606,0.0925646132362704,0.114953185449717,0.189444406290777,0,0.000137353203763478,0.0209692557745576,0,0.0217590366961976,0.0922670146281162,0.0154407893230776,0.115445367763203,0.0556852780257766,0.0252043128905982,0.00802371631984983,0.0225144793168967,0,0,0.00624957077123824,0.000103014902822608,0.0146166701004968,5.72305015681157e-05,0,0.000148799304077101,0.000549412815053911,0.000766888721012751,4.57844012544926e-05,0.000595197216308404,0.00446397912231303,0,0,0,0.0104045051850834,0.00163679234484811,0,0.00083556532289449,0.00847011423208113,0.00112171783073507,0.00201451365519767,5.72305015681157e-05,0,0.000755442620699128,0,0,0.0136323054735252,3.43383009408694e-05,0,0.00458988622576288,0,0,0.00752008790605041,4.57844012544926e-05,0.0204198429595037,0.00061808941693565,0,0,0,0,0.000343383009408694,0.000995810727285214,0.00640981617562896,0,0,0.000274706407526956,0,0.000366275210035941,0.00018313760501797,0,0,4.57844012544926e-05,0,0,0,0,0,0.000206029805645217,0.000640981617562896,0.000148799304077101,6.86766018817389e-05,0,0,0,0,0.000240368106586086,0.000160245404390724,0.000343383009408694,0,0.000125907103449855,0.000103014902822608,0,0,0,0,0,0,0,0,0,5.72305015681157e-05,0,8.0122702195362e-05,0,4.57844012544926e-05,0,0,0,0,0,0,0,0,0.000732550420071881,5.72305015681157e-05,0,0,0.000640981617562896,0,0,0,9.15688025089852e-05,8.0122702195362e-05,0.00135063983700753,0,3.43383009408694e-05,0,0,0,0,0,3.43383009408694e-05,0,0,0,3.43383009408694e-05,0,0,0,0,0,0,0,0,0,0,0,0,0,0,0,0,0,0,0,0,0,0,0,0,0,0,0,0,0,0,0,0,0,0.000171691504704347,0,0,0,0,0,0,0,0,0,0,0,0,0,0,0,0,0,0,0,0,0,0,0,0,0,0,0,0,0,0,0,0,0,0,0,0,0,0,0,0,0,0,0,0,0,0,0,0,0,0,0,0,0.000160245404390724,0,0,0,0,0,0,0,0,0,0,0,0,0,0,0,0,0,0,0,0,0,0,0,0,0,0,0,0,0,0,0,0,0,0,0,0,0,0,0,0,0,0,0,0,0,0,0,0,0,0,0,0,0,0,0,0,0,0,0,0,0,0,0,0,0,0,0,0,0,0,0,0,0,0,0,0,0,0,0,0,0,0,0,0,0,0,0,0,0,0,0,0,0,0,0,"Healthy"
"SRR11127844",0.0268489138393947,0.239687576275323,0.0220893336587747,0.0327068586770808,0.00707835001220405,0.00317305345374664,0.0427141811081279,0.0314864535025629,0.0145228215767635,0.0318525750549182,0.0040273370759092,0.0107395655357579,0.0801806199658286,0.00170856724432512,0.00219672931413229,0.00292897241884306,0.0214791310715157,0.00122040517451794,0.0302660483280449,0,0.00219672931413229,0,0.00695630949475226,0,0.0152550646814742,0.024896265560166,0,0.0019526482792287,0.00951916036123993,0.00268489138393947,0,0.109958506224066,0.00146448620942153,0.00854283622162558,0,0.00134244569196973,0.0123260922626312,0,0.00122040517451794,0,0,0,0,0.00512570173297535,0.0061020258725897,0.00158652672687332,0,0.0170856724432512,0.00219672931413229,0,0,0,0,0,0.000854283622162558,0.0113497681230168,0.00549182328533073,0,0.00183060776177691,0.00671222845984867,0.000976324139614352,0.00231876983158409,0,0,0,0.00390529655845741,0,0,0.00134244569196973,0,0,0,0,0,0,0.00512570173297535,0.0020746887966805,0,0,0.00268489138393947,0,0,0,0,0,0,0,0,0,0,0,0,0.000244081034903588,0,0,0,0.00146448620942153,0.00061020258725897,0.00146448620942153,0,0,0,0,0,0,0,0,0,0,0,0.000732243104710764,0,0,0,0,0,0,0,0,0,0,0,0,0,0,0,0,0,0,0,0,0,0,0,0,0.000366121552355382,0.000732243104710764,0,0,0,0,0,0.000366121552355382,0,0,0,0,0,0,0,0,0,0,0,0,0,0,0,0,0,0,0,0,0,0,0,0,0,0,0,0,0,0,0,0,0,0,0,0,0,0,0,0,0,0,0,0,0,0,0,0,0,0.00109836465706615,0,0,0,0,0,0,0,0,0,0,0,0,0,0,0,0,0,0,0,0,0,0,0,0,0,0,0,0,0,0,0,0,0,0,0,0,0,0,0,0,0,0,0,0,0,0,0,0,0,0,0,0,0,0,0,0,0,0,0,0,0,0,0,0,0,0,0,0,0,0,0,0,0,0,0,0,0,0,0,0,0,0,0,0,0,0,0,0,0,0,0,0,0,0,0,0,0,0,0,0,0,0,0,0,0,0,0,0,0,0,0,0,0,0,0,0,0,0,0,0,0,0,0,"Healthy"
"SRR11127846",0.194562667386385,0.08558764299209,0.0420516120995702,0.118680839578965,0.111902339776195,9.34249589968236e-05,0.06441131895281,0.0765254219693981,0.0128407415865634,0.00462972574584259,0.0385118442086906,0.00841862686071377,0.0549961591961301,0.00174393256794071,0.00442211472584965,0.00734943010775012,0.0185915668403679,0,0.0281312932090435,7.26638569975294e-05,0.0122905723835821,0,0.000363319284987647,0,0.00696534972076318,0,0.0229306371582204,0.00166088815994353,0.00362281229887682,0,0.000249133223991529,0.000197230468993294,0.00593767517179812,0.00711067743475824,0,0.00102767454896506,0.00644632217078083,0.00551207258081259,3.11416529989412e-05,0.00150517989494882,0,0,0.00570930304980588,0.00100691344696576,0.00135985218095377,8.30444079971765e-05,0,0.00234600452592024,0,0,0,0,0,0.00132871052795482,0,0,0.000238752672991882,0.000477505345983765,0.000249133223991529,0.000373699835987294,0,0.00103805509996471,0.000269894325990824,0.000114186060996118,0,0.00160898540494529,0,0.000290655427990118,8.30444079971765e-05,0.000301035978989765,0,0,0.000404841488986235,0.000103805509996471,0,2.07611019992941e-05,0.000394460937986588,0,0,0.000207611019992941,0,0,0.000757780222974235,0,0.000134947162995412,0.000809682977972471,0,0.000207611019992941,0.000716258018975647,0,0,7.26638569975294e-05,5.19027549982353e-05,0,0,0,6.22833059978824e-05,3.11416529989412e-05,0.000280274876990471,0,4.15222039985882e-05,0.00155708264994706,0,0,0,0,0,0.000103805509996471,0,0,0,0,0.000280274876990471,3.11416529989412e-05,0,9.34249589968236e-05,0,0,0,0,0,3.11416529989412e-05,0,0,0,0,0,0,0,0,0,0,0,0,0,0,0,0.000134947162995412,0,0,0,0,5.19027549982353e-05,0,0,0,0,0,0,0,3.11416529989412e-05,0,0,0,0,0.000197230468993294,0,3.11416529989412e-05,0,0,0,0,0,0,0,0,0,0,0,0,0,0,0,0,0.000114186060996118,0,0,0,0,0,0,0,0,0,0.000114186060996118,0,0,0,0,0,0,0,0,0,0,0,0,0,0,0,0,0,0,0,0,0,0,0,0,0,0,0,0,0,0,0,0,0,0,0,0,0,2.07611019992941e-05,0,0,0,0,0,0,0,0,0,0,0,0,0,0,0,0,0,0,0,0,0,0,0,0,0,0,0,0,0,0,0,0,0,0,0,0,0,0,0,0,0,0,0,0,0,0,0,0,0,0,0,0,0,0,0,0,0,0,0,0,0,0,0,0,0,0,0,0,0,0,0,0,0,0,0,0,0,0,0,0,0,0,0,0,0,0,0,0,0,0,0,0,0,"Healthy"
"SRR11127847",0,0.106615349784922,0.00020828616708173,0.00383971021055015,0.000326013131084446,0.202617160968983,0.00588634820013584,0.0992257188136744,4.52796015395065e-05,0.0120081503282771,0.000380348652931854,0.00063391442155309,0.042291147837899,0,0.00318768394838125,0,0,0.0559021960606747,9.05592030790129e-05,0.000371292732623953,0.000470907856010867,0,0.000262621688929137,7.24473624632103e-05,0.214435136970795,7.24473624632103e-05,0.000307901290468644,0,0.00536110482227756,0.000217342087389631,0.00035318089200815,0,0.00100520715417704,0.000144894724926421,0,0.002110029431741,0.00117726964002717,0,0.200624858501245,0.000642970341860992,0,0,0,0.0021190853520489,0.000289789449852841,6.3391442155309e-05,0,0.00603124292506226,0.000416572334163459,0.00224586823635952,0.00731718360878424,0.000452796015395065,0,0.000706361784016301,0,0,0,0,7.24473624632103e-05,0,0.00314240434684175,0,0.000298845370160743,0.000271677609237039,3.62236812316052e-05,0,0.000153950645234322,0.00172062485850125,0,4.52796015395065e-05,0,0.000326013131084446,4.52796015395065e-05,0.00020828616708173,0,0,0,7.24473624632103e-05,0.000126782884310618,0,0,0.000344124971700249,0,0.00020828616708173,0,0,0,0.00145800316957211,0.000262621688929137,1.81118406158026e-05,0,0,0,0,0,0,0,0.000135838804618519,0,0.00167534525696174,0.000190174326465927,0,0,0,0,0,0,0,0,0,0,0,0,0,0,0,9.05592030790129e-05,0,0,9.05592030790129e-05,0,0,0,7.24473624632103e-05,0,0.00020828616708173,0,0,6.3391442155309e-05,0,0,0,0,1.81118406158026e-05,0,3.62236812316052e-05,0,0,3.62236812316052e-05,0,0,0,0,0,0,0,0,0,0,0,0,0,0,0,0,0.000670138102784695,0,0,0,0,0,0,0,0,0,0,9.96151233869142e-05,0,2.71677609237039e-05,0,0,2.71677609237039e-05,0,0,0,0,0,0,0,0,0,0,0,0,0,0,0,0,0,0,0,0,0,0,0,0,0,0,0,0,0,0,0,0,0,0.000190174326465927,0,0,0,0,0,0,0,0,0,0,0,0,0,0,0,0,0,0,0,0,0,0,9.05592030790129e-05,0,0,0,0,0,0,0,0,1.81118406158026e-05,0,0,0,0,0,0,0,0,0,0,0,0,0,0,0,0,0,0,0,0,0,0,0,0,0,0,0,0,0,0,0,0,0,0,0,0,0,0,0,0,0,0,3.62236812316052e-05,0,0,0,0,0,0,0,0,0,0,0,0,0,0,0,0,0,0,0,0,0,0,0,0,0,0,0,0,0,0,0,0,0,0,0,"Healthy"
"SRR11127848",0.129688370914619,0.217116797567773,0.0044084114517355,0.0335951355459843,0.219751710159615,0.000273625538383583,0.0314466683557132,0.0622143400050671,0.0104889789713707,0.000435774005573854,0.0150696731694958,0.000425639726374462,0.0153737015454776,0.000111477071193311,0.000334431213579934,0.00241195844945528,0.0258930833544464,0,0.00865467443628072,0.000273625538383582,0.00210793007347352,0,0.000374968330377502,0,0.00268558398783887,0.0838206232581708,0.0747605776539144,0.00157081327590575,0.00256397263744616,6.08056751963517e-05,0.000891816569546491,0,0.00121611350392703,0.000749936660755004,0,0.00413478591335191,0.000456042563972637,0.000141879908791487,0.000192551304788447,0.000243222700785407,0,0,0,0,0.00637446161641753,0,2.02685583987839e-05,0.000172282746389663,8.10742335951355e-05,0.00221940714466684,0.000526982518368381,0,9.12085127945275e-05,0.00624271598682544,0,0.000121611350392703,0.000192551304788447,0.000445908284773246,0,0.000222954142386623,0,8.10742335951355e-05,0,0,0,9.12085127945275e-05,0,9.12085127945275e-05,0.000233088421586015,0,0,0,0,2.02685583987839e-05,0,3.04028375981758e-05,0,3.04028375981758e-05,0,0.00142893336711426,0,0,0.000344565492779326,0,5.06713959969597e-05,4.05371167975678e-05,0,9.12085127945275e-05,6.08056751963517e-05,4.05371167975678e-05,0,0,0,0,0,0,0.000456042563972637,0.000263491259184191,0,0,0.000476311122371421,0,0.000212819863187231,5.06713959969597e-05,0,0,0,0,0,0,0,9.12085127945275e-05,0.000192551304788447,0,0,0,0,0,0,0,0,8.10742335951355e-05,0,0.000344565492779326,0,9.12085127945275e-05,0,0,0,0,0,0,0,0,0,0,0,0,0,0.000263491259184191,0,0.000131745629592095,0,0,0,0,0,0,0.00275652394223461,0,0,0,0,0,0,5.06713959969597e-05,0,0,0,0,0,0,0,0,0,0,0,0,0,0,0,0,0,0,0,0,0,0,0,0,0,0,0,0,0,0,0,0,0,0,0,0,0,0,0,0,0,0,0,0,0,0,0,0,0,0,0,0,0,0,0,0,0,0,0,0,0,0,0,0,0,0,0,0,0,0,0,0,0,0,0,0,0,0,0,0,0,0,0,0,0,0,0,0,0,0,0,0,0,0,0,0,0,0,0,0,0,0,8.10742335951355e-05,0,0,0,0,0,0,0,0,0,0,0,0,0,0,0,0,0,0,0,0,0,0,0,0,0,0,0,0,0,0,0,0,0,0,0,0,0,0,0,0,0,0,0,0,0,0,0,0,0,0,0,0,0,0,0,0,0,"Healthy"
"SRR11127865",0.0291107730604342,0.12175751229824,0.0115079913862931,0.0230159827725863,0.140980303060237,0.000385246063575479,0.0193808404291048,0.017434853902839,0.00784321473022897,0.0112709168856313,0.0100657881739337,0.0151233775213861,0.0641977991583855,0.00361538613509295,8.89029377481874e-05,0.00364502044767568,0.00898907481676117,0,0.00941383329711362,0.000177805875496375,0.00354623940573325,0,0.00107671335717249,0.00358575182251022,0.0173163166525081,0.00561076318233005,0.00022719639646759,0.000276586917438805,0.0122784835134441,0,0.00111622577394946,0.000484027105517909,0.0249718474030464,0.117756880099571,0,0.00353636130153901,0.0040401446154454,0.000138293458719403,0.000829760752316415,0,0,0,0,0.000385246063575479,0.00722089416599166,0.00344745836379082,0,0.0673785487089318,0.035116660410534,0,0,0,9.87810419424304e-05,0.000187683979690618,0,0.000958176106841575,0.0110634766975522,0.00146195942074797,0.000148171562913646,0.00145208131655373,0.000276586917438805,0.00354623940573325,0.000118537250330916,0,0.00341782405120809,0.0195586463046012,9.87810419424304e-05,0.000948298002647332,0.00314123713376929,0.00090878558587036,0,0.00359562992670447,0,0,0.00459331845032301,0.000296343125827291,0.000335855542604263,0.000138293458719403,0,0.00827785131477567,0,0,0.000385246063575479,0,0.00159037477527313,0,0,0.000217318292273347,0.000701345397791256,5.92686251654582e-05,0.00281525969535927,0.000385246063575479,0.0022719639646759,0,0.00175830254657526,0,6.91467293597013e-05,0.000819882648122172,0.000592686251654582,0,0,0.00286465021633048,0,0,0.000158049667107889,0,0,0,0,0.000108659146136673,0,0.000108659146136673,0,0.000207440188079104,0,7.90248335539443e-05,0,0,0,1.97562083884861e-05,0.000395124167769722,0,0,9.87810419424304e-05,0,0.000148171562913646,0.000108659146136673,0,0,0,0,7.90248335539443e-05,0,0,0,0,0.000207440188079104,0,0,0.000750735918762471,0,0,0.000158049667107889,0,0,0,0,0,0,0.000246952604856076,3.95124167769722e-05,5.92686251654582e-05,0,0,0,0.000543295730683367,0,0,0,0,0,0,0,0,9.87810419424304e-05,0.000197562083884861,0,0,0.000444514688740937,0,0,0,0,0,0,0,0,0,0,0,0,0,0,0,0,0,0,0,0,0.000108659146136673,0,0,6.91467293597013e-05,0.000493905209712152,0,0,0,0,9.87810419424304e-05,0,0,3.95124167769722e-05,0,0.000187683979690618,0,0,0.000207440188079104,0,0,0,0,0,0,7.90248335539443e-05,0,0,0,0,0,0,0,0,0,0,0,0,0,0,0,0,9.87810419424304e-05,0,0,0,0,0,0,0,0,0,0,0,0,0,0,0,0,0,0,0,0,0,0,0,0,0,0,0,0,0,0,0,0,0,0,0,9.87810419424304e-05,0,0,0,0,0,0,0,0,0,0,0,0,0,0,0,0,0,0,0,0,0,0,0,0,0,0,0,0,0,0,0,0,0,0,0,0,0,0,0,0,0,0,0,0,0,0,0,0,0,"Healthy"
"SRR11127866",0.0725326463533801,0.166163276183708,0,0.00124367060495692,0.27820467264813,0.000444168073198898,0.0896553255751976,0.000355334458559119,0.00837256817979924,0.12501110420183,0.00324242693435196,0.00513014124544728,0.124766811761571,0.00135471262325664,0.0132362085813272,0,0.00775073287732078,0.00106600337567736,0.00188771431109532,4.44168073198898e-05,0.000222084036599449,0.0026205916318735,0.000244292440259394,0.0107044505640935,0.00732877320778182,0,0,0.00175446388913565,0.00450830594296882,8.88336146397797e-05,0.000577418495158568,0,0.000866127742737852,0.000222084036599449,0,0.00184329750377543,0.00697343874922271,0,0.000821710935417962,0,0,0,0,0,0.00299813449409256,8.88336146397797e-05,0.00111042018299725,0,0.000577418495158568,0,0.000577418495158568,0,0,0,0,0.00932752953717687,0.00333126054899174,0.000577418495158568,0.000155458825619614,0.000954961357377632,0.000333126054899174,0.000199875632939504,0.000799502531758017,0.000266500843919339,0,0.00175446388913565,0,0.000155458825619614,0,0.000466376476858843,0,0,0,0.000244292440259394,0.00013325042195967,0,0.000866127742737852,0,0,0,0,0,0.000755085724438127,0,0,0,0,0,8.88336146397797e-05,0.000155458825619614,0,0,0.000155458825619614,0,0,0,0,0,0,0,0,0,0,0,0,0,0,0,0,0,0,0,0,0,0,0.000244292440259394,0,0,0,0.00013325042195967,0,0,0,0,0,0,0,0,0,0,0,0,0,0,0,0,0,0,0,0,0.000111042018299725,0.000310917651239229,0,0,0,0,0,0,0,0,0,0,0,0,0,0,0,0,0,0,0,0,0,0,0,0,0,0,4.44168073198898e-05,0,0,0,0,0,0,0,0,0,0,0,0,0,0,0,0,0,0,0,0,0,0,0,0,0,0,0,0,0,0,0,0,0,0,0,0,0,0,0,0,0,0,0,0,0,0,0,0,0,0,0,0,0,0,0,0,0,0,0,0,0,0,0,0,0,0,0,0,0,0,0,0,0,0,0,0,0,0,0,0,0,0,0,0,0,0,0,0,0,0,0,0,0,0,0,0,0,0,0,0,0,0,0,0,0,0,0,0,0,0,0,0,0,0,0,0,0,0,0,0,0,0,0,0,0,0,0,0,0,0,0,0,0,0,0,0,0,0,0,0,0,0,0,0,0,0,0,"Healthy"
"SRR11127867",0.0288456847343514,0.0872078840805972,0.00251256281407035,0.0092208615895009,0,0,0.0191369468702737,0.00487876274576767,0.0712909206225301,0.0503854222569156,0.00584231838805679,0.0561057715763282,0.0234912426208713,0.00137825047567937,0.00141484119627263,0.00142703810313704,0.0115138800800117,0,0.0228326096501927,0,0.0118797872859443,0,0.00379323803483437,0.00831829048153388,0.00978191930526419,0,0,0.00150021954432356,0.0613870322486217,0.0170268819827292,0.0780236132116895,0,0.00440308337805533,0.0328096794652876,0.000121969068644192,0.000878177294238181,0.00683026784407474,0.00321998341220666,0.0112821388495877,0,0,0,0,0.00029272576474606,0.00278089476508757,0.00014636288237303,0.00679367712348149,0.00876957603551739,0.126774649948773,0,0.000792798946187247,0.000463482460847929,3.65907205932575e-05,0.000853783480509343,0.000414694833390252,0.00170756696101869,0.00231741230423964,0.00119529687271308,0.00151241645118798,0.00872078840805972,0.000683026784407474,9.75752549153535e-05,0.000268331951017222,0.000109772161779773,3.65907205932575e-05,0.0118919841928087,4.87876274576767e-05,9.75752549153535e-05,0.00197589891203591,0.000121969068644192,0,9.75752549153535e-05,0,4.87876274576767e-05,0.00912328633458555,0.00214665560813778,0.000231741230423964,6.09845343220959e-05,0,0.00379323803483437,0,0,0.00192711128457823,0.00380543494169879,0.00190271747084939,0.000243938137288384,0.000134165975508611,0.000134165975508611,0.00074401131872957,0.0106844904132312,0,6.09845343220959e-05,0.0202712592086647,0,0,0,0.000158559789237449,0.00473239986339464,0,0.000280528857881641,0,0.000329316485339318,0.000109772161779773,0.0015246133580524,0.00175635458847636,0,0,0.000256135044152803,0,0.00236619993169732,0,0.000756208225593989,0.000731814411865151,0,0,0,0,0,0,0.00074401131872957,0.000329316485339318,0.000646436063814217,0.000231741230423964,9.75752549153535e-05,0,0,0,0,0,0,0,0,0,0,0,0,0.00059764843635654,0.00167097624042543,0.00175635458847636,0.000317119578474899,0,0,0.000487876274576767,0,0,0,0,0.0012074937795775,0,0.00045128555398351,0.00485436893203884,0.00153681026491682,0,0,0,0,0,0,0.000158559789237449,0,0,0,0,0.000670829877543055,7.31814411865151e-05,8.53783480509343e-05,0,0,0.00211006488754452,0,0.000121969068644192,0,0,0.000134165975508611,0,0.000121969068644192,0,0,0.00214665560813778,0,0,0,0,0,0,0,0.000121969068644192,0,0,0,0,0,0,0,0,0.000426891740254671,0.00030492267161048,0,0,0,0,0,0,0,0,0,0.000231741230423964,0,0,0,6.09845343220959e-05,0,0,0,0,0,0,0,0,0,0,0,0,0,0,0,0,0,0,0,0,0,0,0,0.000109772161779773,0,0,0.00014636288237303,0,0,0,0,0,0,0,0,0,0,3.65907205932575e-05,0,0,0,0,0,0,0,0,0,0,0,0,0,0,0,0,0,0,0.000121969068644192,0.000121969068644192,0,0,0,0,0,0,0,0,0,0,0,0,0,0,0,0,0,0,0,0,0,0,3.65907205932575e-05,0,0,0,0,0,0,0,0,0,0,0,0,0,0,0,0,0,0,0,0,0,0,0,0,"Healthy"
"SRR11127868",0.14437770377517,0.173923417675557,0.0511240442770741,0.0574626788252259,0.0643511458300914,0.0401896403265797,0.0403867500752129,0.0368076520079259,0.00265579450789995,0.0139844179556607,0.0222734015955515,0.0186113099498926,0.0532403805255568,0.000529084062120693,0.0210388721172699,0.0024898073511562,0.0166609608581536,0.000165987156743747,0.00238606537819136,0.0112145072774994,0.00148351021339724,0.0586972083035075,0.00374508522403079,0,0.00628676356166942,0,0.00509373087257373,0.00263504611330698,0.00633863454815184,0,0.00185698131607067,0.000601703443196083,0.00463726619152843,0.0013797682404324,0.00591329245899598,0.00246905895656324,0.00558131814550849,0.0073449316859108,5.18709864824209e-05,3.11225918894526e-05,0,0,0.0220244208604359,0.00151463280528669,0.00929528077764983,0.000114116170261326,0,0.00542570518606123,0,0,0,3.11225918894526e-05,0,0,0.00162874897554802,0,0.000300851721598041,0.000705445416160925,0.000155612959447263,0.000176361354040231,0,0.000176361354040231,0.000114116170261326,0,7.26193810753893e-05,0.000518709864824209,0,9.33677756683577e-05,0.000497961470231241,0.00185698131607067,0.000456464681045304,0,0,0.000508335667527725,3.11225918894526e-05,0.00255205253493511,0.000207483945929684,0.000134864564854294,0,0.000103741972964842,0.0101148423640721,0,0,0,0,0,0,0,0.000881806770201156,0,0,0,0.00012449036755781,0,5.18709864824209e-05,0.000612077640492567,0,0,0.000643200232382019,0,0,0,0,0,2.07483945929684e-05,0.00101667133505545,0.000331974313487494,0,0,0,0,0,0,0.000103741972964842,0,0,0,0,0,0,0.000103741972964842,0,0,0,0,0.000207483945929684,0,0,0,0,0,0,0,6.22451837789051e-05,0,0,7.26193810753893e-05,0.000103741972964842,0,2.07483945929684e-05,6.22451837789051e-05,0,3.11225918894526e-05,0,0,0,0,0,0,0.00012449036755781,0,0,0,0,0,0,0,0,0,0,0,0,0,0,0,0,0,0,0,0,0,0,0,0,8.29935783718735e-05,0,0,0,2.07483945929684e-05,0,0,0,0,0,0,6.22451837789051e-05,0,0,0,0,0,0,0,0,0,0,0,0,0,0,9.33677756683577e-05,7.26193810753893e-05,0,0,0,0,0,0,0,0,0,0,0,0,0,0,0,0,0,0,0,0,0,0,0,0,0,0,0,0,0,0,0,0,0,0,0,0,0,0,0,0,0,0,0,0,0,0,0,0,0,0,0,0,0,0,0,0,0,0,0,0,0,0,0,0,0,0,0,0,0,0,0,0,0,0,0,0,0,0,0,0,0,0,0,0,0,0,0,0,0,0,0,0,0,0,0,0,0,0,0,0,0,0,0,0,0,0,0,0,0,0,0,0,0,0,"Healthy"
"SRR11127869",0.0472083210676087,0.277548817584143,0.0176626435089785,0.0393778824452949,0,0.315503875968992,0.0589441664213522,0,0.00570110882150917,0.0477480129526052,0.00426847218133647,0.0221568050240408,0.0341674026101462,0.0167206358551663,0.0027671474830733,0.00226670591698558,0,0,0.0355902266705917,9.81257972721028e-05,0.0030517122951624,0,0.0186831518006084,0,0.00168776371308017,0,0,0.00621136296732411,0.00523010499460308,0.00197232852516927,0,0.000569129624178196,0.0016190756549897,0.00107938376999313,0,0.000304189971543519,0.011245216367383,5.88754783632617e-05,0.00070650574035914,0,0,0.0015307624374448,0,0,0.00195270336571485,4.90628986360514e-05,0,0.000166813855362575,2.94377391816309e-05,0,0.000107938376999313,0,0,0,0,0.000853694436267295,0.00033362771072515,0,0.000117750956726523,0.000255127072907467,9.81257972721028e-05,2.94377391816309e-05,0.000264939652634678,9.81257972721028e-05,0,0.000245314493180257,4.90628986360514e-05,0,0,0.000804631537631243,0,0,0,0.000235501913453047,0,4.90628986360514e-05,0.000314002551270729,0,0,3.92503189088411e-05,0,0,0,0,7.85006378176823e-05,0,0,0,0.000304189971543519,0,0,0.000176626435089785,0,0,0,0,5.88754783632617e-05,0,4.90628986360514e-05,0.00182513982926111,0,0,0,0,0,0,0,0,0,0,0,0,0,0,0,0,0,0,0,0,0.000107938376999313,0,0,0,0,0,0,0,0,0,4.90628986360514e-05,0,0,0,0,0.00102050829162987,0,0,0,0,0,0,0,0,0,0,0,0,0,0,2.94377391816309e-05,0,0,0,0,0,0,0,0,0,0,0,0,0,0,0,0,0,0,0,0,0,0,0,2.94377391816309e-05,0,0,0,0,0,0,0,0,0,7.85006378176823e-05,0,0,0,0,0,0,0,0,0,0,0,0,0,0,0,0,0,0,0,0,0,0,0,0,0,0,0,0,0,0,0,0,0,0,0,0,0,0,0,0,0,0,0,0,0,0,0,0,0,0,0,0,0,0,0,0,0,0,0,0,0,0,0,0,0,0,0,0,0,0,0,0,0,0,0,0,0,0,0,0,0,0,0,0,0,0,0,0,0,0,0,0,0,0,0,0,0,0,0,0,0,0,0,0,0,0,0,0,0,0,0,0,0,0,0,0,0,0,0,0,0,0,0,0,0,0,0,0,0,0,0,"Healthy"
"SRR11127870",0.0218226190926634,0.193811721972076,0.121675053918045,0.15681637595066,0.0300900525937417,0.00184456468273487,0.0424249877029021,0.0657327178478187,0.0437114533277839,0.0510329562223315,0.0146051685648341,0.0145578720345075,0.0429830867607552,0.0121362896817889,0.00298914071663703,0.0136497786522381,0.0025540126376329,0,0.00279995459533089,0.000236482651632676,0.00849445684664573,0.00288508834991865,0.00427560634151879,0.000113511672783685,0.02664686518597,0,6.62151424571493e-05,0.0112092776873889,0.0036229142230126,0,0.00172159370388588,0.00189186121306141,0.0020148321919104,0.000728366567028643,0.00516478111165765,0.00145673313405729,0.00428506564758409,0.00166483786749404,0,0,0,0,0,0.000879715464073556,0.00349994324416361,0.000170267509175527,0,0.00365129214120852,0,0,0,0,0.000359453630481668,0,0.000274319875893904,0.000860796851942941,0.000520261833591888,0.00143781452192667,6.62151424571493e-05,0.00127700631881645,0.000179726815240834,0.00244050096484922,0.00135268076733891,0.000104052366718378,0,0.000785122403420485,4.72965303265352e-05,0,0,0.00137159937946952,0,0,0,0.000208104733436755,0.000104052366718378,0.00123916909455522,0.000151348897044913,0.00016080820311022,0,0,0.00848499754058042,0,0.000302697794089826,0,0,0,0,0.000198645427371448,0,7.56744485224564e-05,0,0.000113511672783685,7.56744485224564e-05,0,0,0,0,0,0.000444587385069431,0,0,0,0,0,0,0,0,2.83779181959211e-05,0,0,0,5.67558363918423e-05,0,0.000368912936546975,0,0.000293238488024519,0,0,0,0,0,0,0,9.45930606530705e-05,0,0.00016080820311022,0,0,0,0,0,0,0,0,0,0,0,0,0,0,2.83779181959211e-05,0,0,0,0,0,0,0,0,0,0,0,0,0,0,0,0,0,5.67558363918423e-05,0,0,0,0,0,3.78372242612282e-05,0,4.72965303265352e-05,0,0,0,0,0,4.72965303265352e-05,0,0,0,0,0,0,0,0,0,0,0,0,0,0,0,0,0,0,0,0,0,0,0,0,0,0,0,0,2.83779181959211e-05,0,0,0,0,0,0,0,0,0,0,0,0,0.000104052366718378,0,0,0,0,1.89186121306141e-05,0,0,0,0,0,0,0,0,0,0,0,0,0,0,0,0,0,0,0,0,0,2.83779181959211e-05,0,0,0,0,0,0,0,0,0,0,0,0,0,0,0,0,0,0,0,0,0,0,0,0,0,0,0,0,0,0,0,0,0,0,0,0,0,0,0,0,0,0,0,0,0,0,0,0,0,0,0,0,0,0,0,0,0,0,0,0,0,0,0,0,0,0,0,0,0,0,0,0,0,0,"Healthy"
"SRR11127871",0.0846754998413202,0.228419549349413,0.0436766105998096,0.0640570453824183,0.0430914788955887,0,0.0480601396382101,0.0225027768962234,0.00732902253252936,0.0186448746429705,0.0406220247540463,0.00634719136781974,0.0536635195176135,0.000773563947953031,0.0637099333544906,0.00273722627737226,0.0168398920977467,0,0.0210845763249762,0.000981831164709616,0.00672405585528404,0.000485956839098699,0.00177523008568708,0.00748770231672485,0.00791415423675024,0,0.0315177721358299,0.00184465249127261,0.00436369406537607,0,0.00197357981593145,0.000604966677245319,0.00704141542367502,0.0156200412567439,0.0106712154871469,0.00332235798159315,0.0171770866391622,0.000952078705172961,0.000158679784195493,0.000307442081878769,0,0.000109092351634402,0.00428435417327832,0.00158679784195493,0.00836044112980006,0.000228102189781022,0.000158679784195493,0.00479014598540146,0,0,0,0,0.000793398920977467,0,0.000228102189781022,0.000257854649317677,0.00241986670898128,0.00541494763567122,0.000218184703268804,0.00342153284671533,0.00201324976198032,0.000396699460488734,0.00152729292288162,0.000485956839098699,0,0.0044331164709616,0,0,0.00017851475721993,0.00126943827356395,0,0,0,0,0.000208267216756585,0.000376864487464297,0.000148762297683275,0,0,0.00035702951443986,0,0,0,4.95874325610917e-05,0.000466121866074262,0,0,0,0.00120001586797842,9.91748651221834e-05,0,0.000386781973976515,0.000158679784195493,5.95049190733101e-05,0,0,0.00153721040939384,0.000267772135829895,9.91748651221834e-05,0.000267772135829895,0,0,0,0,0,0,0.000168597270707712,0,0,0,0,0,0.00017851475721993,7.93398920977467e-05,0,0,0,0,0,0,0,0,0,0.000228102189781022,0,0,0,1.98349730244367e-05,0,0,0,0,0,0,0,0,0,0,0,0,0.000109092351634402,0,0,0,0,0,0,1.98349730244367e-05,0,0,0,0,0,0,0,7.93398920977467e-05,0,0.000128927324658838,0,0,0,0,0,0,0,0,4.95874325610917e-05,0,0,0,0,0,0,0,0,0,0,0,0,0,0,2.9752459536655e-05,0,0,7.93398920977467e-05,0,0,0,0,0,0,0,0,0,0,0,0,0,0,0,0,0,0,0,0,0.000525626785147572,0,0,0,0,0,0,0,0,0,0,0,0,0,0,0,0,0,0,0,0,0,0,0,0,0,0,0.000128927324658838,0,0,0,0,0,0,0,0,4.95874325610917e-05,0,0,0,0,0,0,0,0,0,0,0,0,0,0,0,0,0,0,0,0,0,0,0,0,0,0,0,0,0,0,0,0,0,0,0,0,0,0,0,0,0,0,0,0,0,0,0,0,0,0,0,0,0,0,0,0,0,0,0,0,0,0,0,0,0,0,0,0,0,0,0,0,0,0,"Healthy"
"SRR11127874",0.0985136217126198,0.207651563366113,0.0506374591964524,0.0642694368597179,0.0181691268554066,0.0887515654191217,0.0485947155556468,0.0517050237122503,0.000410601736845347,0.0335153667700014,0.00889979264612289,0.0127594489724692,0.0514689277135642,0.023650660042292,0.00459873945266789,0.0284547003633825,0.00166293703422365,0.00218645424870147,0.00341825945923751,0.020889363362007,0.00904350325401876,0.0300868422673428,0.00129339547106284,0.000492722084214416,0.0115379088053542,0.00131392555790511,0.0111786322856146,0.00476298014740602,0.00487589562503849,0,0.00359276519739679,0.00780143300006159,0.00755507195795438,0.000790408343427293,0,0.00242255024738755,0.00476298014740602,0.00430105319345501,0,0.000872528690796362,8.21203473690694e-05,0,0.0182204520725123,0.00442423371450861,0.00938224968691618,5.13252171056684e-05,0.000153975651317005,0.00684678396189616,0,0,0,0,0,0,0.00019503582500154,0.00376727093555606,0,0.00110862468948244,5.13252171056684e-05,7.18553039479357e-05,0,0,0,0.000256626085528342,0,0.000605637561846887,6.1590260526802e-05,0.000451661910529882,0,0.000123180521053604,0,0,0.00278182676712722,0.00011291547763247,0.00019503582500154,0.000215565911843807,0,0.000708287996058223,0,0.00030795130263401,0,0,0,2.05300868422673e-05,0.000215565911843807,0,2.05300868422673e-05,0.000184770781580406,6.1590260526802e-05,3.0795130263401e-05,0,0,9.2385390790203e-05,0,0,0,0,4.10601736845347e-05,0.000461926953951015,0,0,0,0,0,0,0,0,0,0,0,0,0,0.000841733560532961,0.000400336693424213,0,0.000133445564474738,0,0,0,0,0,0,0,0.000153975651317005,0,0.00030795130263401,0,0,0,0,0,0,0,0,0,0,0,0,0,0,0,0,0,0,0,0,0,0,0,0,0,0,0,0,0.000441396867108748,0,0,0,0,0,0,0,0,0,0,0,4.10601736845347e-05,0,0,0,0,0,0,0,8.21203473690694e-05,0,0,0,0,0,0,0,0,0,0,0,0,0,0,0,0,0,0,0,0,0,0,0,0,0,0,0,0,0,0,0,0,0,0,0,0,0,0,0,2.05300868422673e-05,0,0,0,0,0,0,0,0,0,0,0,0,0,0,0,0,0,0,0,0,0,0,0,0,0,0,0,0,0,0,0,0,0,0,0,0,0,0,0,0,0,0,0,0,0,0,0,0,0,0,0,0,0,0,0,0,0,0,0,0,0,0,0,0,0,0,0,0,0,0,0,0,0,0,0,0,0,0,0,0,0,0,0,0,0,0,0,0,0,0,0,0,0,0,0,0,0,0,0,0,0,"Healthy"
"SRR11127875",0.0725043692813817,0.0900585997738254,0.0616325691374525,0.0721959494191426,0.0990284774339467,0.0425362393338131,0.06368870155238,0.0765652308008636,0.00275007710496556,0.0338490798807443,0.0251105171173024,0.0888763236352421,0.0563380281690141,0.00120797779376992,0.0650508892772695,0.00542304924437134,0.00395805489873548,0,0.00241595558753984,0.00149069600082245,0.00303279531201809,0.000848154621157603,0.000565436414105068,0.000179911586306158,0.00118227613858332,0.0365991569857099,7.7104965559782e-05,0.00113087282821014,0.000668243034851444,0,0.000411226482985504,0,0.00398375655392207,0.000102806620746376,7.7104965559782e-05,0.0132620540762825,0.00447208800246736,0.00552585586511771,5.1403310373188e-05,0.000334121517425722,0,0.00146499434563586,0.0110517117302354,0.00490901614063946,0.00179911586306158,0.000154209931119564,0.000796751310784415,0.000539734758918474,0.00208183407011412,0,0,0.000154209931119564,0,0.000462629793358692,0,0.000359823172612316,0.00228744731160687,0,0,0.000282718207052534,7.7104965559782e-05,0,0,0.000745348000411226,0,0.000154209931119564,0,0,0,0,0,0.000616839724478256,0.00077104965559782,0.00102806620746376,5.1403310373188e-05,0.000334121517425722,0,0.000231314896679346,0,0,0,0,0,7.7104965559782e-05,0,0,0.000154209931119564,0.00110517117302354,0.00218464069086049,0,0,0,0,0,0,0,0,0,0,0,0,0,0,7.7104965559782e-05,0.00012850827593297,0,0.00339261848463041,0,0,0,0,0.000205613241492752,0,0.000179911586306158,0,0,0,0,0,0.000411226482985504,0,0,0,0,0,0,0,5.1403310373188e-05,0,0.000308419862239128,0,0,0,0,0,0,0,0,0,0,0,0,0,0,0,0,0,0,0,0,0,0,0,0,0,0,0,0,0,0,0,0,0,0,0,0,0.00012850827593297,0,0,0,0,0,0,0,0,0,0,0,0,0,0,0,0,0,0,0,0,0,0,0,0,0,0,0,0,0,0,0,0,0,0,0,0,0,0.000102806620746376,0,7.7104965559782e-05,0,0,0,0,0,0,0,0,0,0,0,0,0,0,0,0,0,0,0,0,0,0,0,0,0,0,0,0,0,0,0,0,0,0,0,0,0,0,0,0,0,0,0,0,0,0,0,0,0,0,0,0,0,0,0,0,0,0,0,0,0,0,0,0,0,0,0,0,0,0,0,0,0,0,0,0,0,0,0,0,0,0,0,0,0,0,0,0,0,0,0,0,0,0,0,0,0,0,0,0,0,0,0,0,0,0,0,0,0,"Healthy"
"SRR11127876",0,0.0148592656093728,0.0277658713149498,0.193075201219222,0,0.0194789731866457,0.0123350954898319,0,0.169548030671048,0,0.0329570891079678,0.125065485545554,0.047530599609468,0,0.00333380959184645,0,0,0,0.24470162404153,0,0.00152402724198695,0,0,0,0.0195742248892699,0,9.52517026241844e-05,0,0.00104776872886603,0,0,0,0.000476258513120922,0,0,0.00223841501166833,0.01343049007001,0.0012382721341144,0.00390531980759156,0,0,0,0,0,0,0,0,0,0.000190503405248369,0,0.00171453064723532,0,0,0,0,0,0.034100109539458,0,0.000381006810496738,0.000381006810496738,0.000904891174929752,0,0,0.000285755107872553,0,0,0,0.000666761918369291,0,0,0,0.0091441634519217,0,0,0,0,0,0,0,0,0,0,0.000762013620993475,0,0,0,0,0.000238129256560461,0.000333380959184645,0,0,0.00085726532361766,0,0,0,0,0,0,0,0,0,0,0,0.000238129256560461,0,0,0,0,0,0,0,0,0,0,0,0.000285755107872553,0,0,0,0,0,0,0,0.000190503405248369,0,0,0,0,0,0,0,0,0,0,0,0,0,0,0,0,0,0,0,0,0,0,0,0,0,0,0,0,0,0,0,0,0,0,0,0,0,0,0,0,0,0,0,0.000333380959184645,0,0,0,0,0,0,0,0,0,0,0,0,0,0,0,0,0,0,0,0,0,0,0.000333380959184645,0,0,0,0,0,0,0,0,0,0,0,0,0,0,0,0,0,0.000285755107872553,0,0,0,0,0,0,0,0,0,0,0,0,0,0,0,0,0,0,0,0,0,0,0,0,0,0,0,0,0,0,0,0,0,0,0,0,0,0,0,0,0,0,0,0,0,0,0,0,0,0,0,0,0,0.000523884364433014,0,0,0,0,0,0,0,0,0,0,0,0,0,0,0,0,0,0,0,0,0,0,0,0,0,0,0,0,0,0,0,0,0,0,0,0,0,0,0,0,0,0,0,0,0,0,0,0,0,0,0,0,0,"Healthy"
"SRR11127878",0.125284282345013,0.229931772237197,0.122915262803235,0.0796306435309973,0.00129506401617251,0.000547506738544474,0.0462011455525606,0.00242166442048518,0.00287441037735849,0.0901280323450135,0.0371462264150943,0.00319027964959569,0.0396100067385445,0.00837053571428571,0.000147405660377358,0.0195417789757412,0.00729658018867925,0.000263224393530997,0.0402838611859838,0.000252695417789757,0.00858111522911051,0,0.014308878032345,0,0.00936025943396226,0,0.0108764319407008,0.0123189016172507,0.00344297506738544,0,0.000916020889487871,0,0.00616997978436658,0.00526448787061995,0,0.00351667789757412,0.00702282681940701,0.00410630053908356,0,0,0,0,0,0.0016109332884097,0.0103605121293801,9.4760781671159e-05,0,0.000368514150943396,0,0.000189521563342318,0.00221108490566038,2.10579514824798e-05,0,0,0,4.21159029649596e-05,9.4760781671159e-05,0,0.000621209568733154,7.37028301886792e-05,0.00188468665768194,0,0,0,0,0.00376937331536388,0,0.0016109332884097,0.000136876684636119,0.00361143867924528,0,0,0,5.26448787061995e-05,3.15869272237197e-05,0,0.000600151617250674,0,0,0.000494861859838275,0,0,0,0,0.00101078167115903,0,0.00205315026954178,0,0.000284282345013477,0,0,7.37028301886793e-05,0,0,0,0.00324292452830189,0,8.42318059299191e-05,0,0,0,0,0,0,0,0,0.000136876684636119,4.21159029649596e-05,0,0,0,0,0,2.10579514824798e-05,0,0.000368514150943396,0,0,0,0,0,0,0,0,0,0,0,0,0,0,0,5.26448787061995e-05,0,0,0,0,3.15869272237197e-05,0,0,0,0.000105289757412399,0,0.000315869272237197,0,0,0,0,0,0,0,0,0,0,0,0,0,0,0,0,0,0,0,0,0,0,0,0,0.000273753369272237,0,0,0,0,0,0,0,0,0,0,0,0,0,0,0,0,0,0,0,0.00102131064690027,0,0,0,0,0,0,0,0,0,0,0,0,0,0,0,0,0,0,0,0,0,0,0,0,0,0,0,0,0,0,0.000126347708894879,0,0,0,0,0,0,0,0,0,0,0,0,0,0,0,0,0,0,0,0,0,0,0,0,0,0,0,0,0,0,0,0,0,0,0,0,0,0,0,0,0,0,0,0,0,0,0,0,0,0,0,0,0,0,0,0,0,0,0,0,0,0,0,0,0,0,0,0,0,0,0,0,0,0,0,0,0,0,0,0,0,0,0,0,0,0,0,0,0,0,0,0,0,0,0,0,0,"Healthy"
"SRR11127879",0.0978157726747296,0.262305688307655,0.104596193992512,0.0445040630768965,0.0528976380669761,0.00193233381066579,0.0687445006124808,0,0.00977381342626939,0.0736270940805024,0.00810027432238919,0.00275185038215352,0.0680630078846121,0.0112575697451735,0.012068459826435,0.0064871206500923,0.0118786770414589,0,0.00343334311002226,0.000672866237642553,0.0111195459015545,0.000129397353392799,0.000672866237642553,0,0.0152775141905764,0,0.0291575369645106,0.00546919480340229,0.00106105829782095,0,0.00280360932351064,0,0.0104984386052691,0.00200134573247529,0.0233346560618347,0.00251893514604648,0.00179430996704681,0.00521040009661669,0,6.90119218094926e-05,5.17589413571194e-05,0,0,0.000741878159452045,0.00552095374475941,0.000103517882714239,5.17589413571194e-05,0.0112748227256259,0,0,0,0,3.45059609047463e-05,0.000457203981987888,6.90119218094926e-05,0.000388192060178396,8.62649022618657e-05,0,0.000457203981987888,0,0,0.000388192060178396,0.000310553648142717,0.00110419074895188,0,0.00032780662859509,0,0.000388192060178396,0.00202722520315384,0.000172529804523731,0,0,0,0.000284674177464157,0.000198409275202291,0.000284674177464157,0,0,0,0.000224288745880851,0,0,9.48913924880523e-05,0,0,6.0385431583306e-05,0,0.000241541726333224,0.000621107296285433,0.000224288745880851,0,0.000232915236107038,0.00156139473093977,0,0,0,8.62649022618657e-05,0.000414071530856956,0.000103517882714239,0.00177705698659443,6.90119218094926e-05,0,0.000129397353392799,0,0,0,0,6.90119218094926e-05,0,0,0,0,0,0,0,0,0,0,0,0,0,0,0,6.0385431583306e-05,0,0.000388192060178396,0,0,0,0,0,0,0,0,0,0,0,0,0,0,6.90119218094926e-05,0.00030192715791653,0,0,0.000457203981987888,0,0,0,0,0,0,1.72529804523731e-05,0,0,0,0,0,9.48913924880523e-05,0,0,0,0,0,0,0,0,1.72529804523731e-05,0,0,0,0,0,0,0,0,0,0,0,0,0,0,0,0,0,0,0,0,0,0,0,0,0,0,0,0,0,0,0,0,0,0,0,0,0,3.45059609047463e-05,0,6.0385431583306e-05,0,0,0,0,0,0,0,0,0,0,0,0,0,0,0,0,0,0,0,0,0,0,0,0,0,0,0,0,0,0,0,0,0,0,0,0,0,0,0,0,0,0,0,0,0,0,0,0,0,0,0,0,0,0,0,0,0,0,0,0,0,0,0,0,0,0,0,0,0,0,0,0,0,0,0,0,0,0,0,0,0,0,0,0,0,0,0,0,0,0,0,0,0,0,0,0,0,0,0,0,0,0,0,0,0,0,0,0,0,"Healthy"
"SRR11127880",0.0419056379179742,0.0379693756087004,0.00488312953143599,0.0219673195541608,0,0.000148793420625473,0.00891407856292609,0.261768206904015,0.0838112758359485,0.0307461313710637,0.00271886159506547,0.00739909100746672,0.0140406882372038,0.00892760523752841,0.0266204956173574,0.00240774807921221,0.0700952277892003,0.0104155394437831,0.000987447245969051,0.000216426793637052,0.00246185477762147,0,0.00227248133318905,0.155421491180608,0.00186668109511958,0,0.00554593658694946,0.00426090249972947,0.00106860729358295,0,0.0146764419435126,0.00258359484904231,0.00131208743642463,0.000459906936478736,0.010023265880316,0.0196136781733579,0.00208310788875663,0.00560004328535873,0.00201547451574505,0.000486960285683368,0,0,0,0.00208310788875663,0.00169083432528947,0.000202900119034736,0.0150551888323774,0.00865707174548209,0.000175846769830105,0,0,2.70533492046315e-05,0.000202900119034736,0.000257006817444,0,0.00148793420625473,0.000216426793637052,0.000243480142841684,0,0,0.000419326912671789,5.41066984092631e-05,0,0.000216426793637052,0.000257006817444,0.000405800238069473,0.000229953468239368,0.000148793420625473,0,0.000148793420625473,0,0,0.000108213396818526,0.00121740071420842,0.00493723622984526,8.11600476138946e-05,8.11600476138946e-05,8.11600476138946e-05,0,5.41066984092631e-05,0,0,9.46867222162104e-05,0,0,0,0,0,0.00611405692024673,6.76333730115788e-05,0.00802131803917325,0,0.00344930202359052,0,0,0,0.00127150741261768,0.000459906936478736,0,0,0,0,0,0,0,0,0,0,0,0,0,0,0,0,0,0,0,0,0,0,0,0,0,0.000135266746023158,0,0,0,0,0,0,0,0,0,0,0,0,0,0,0,0,5.41066984092631e-05,0.000148793420625473,4.05800238069473e-05,0,0,0,0,0,0,0,0,0,0,0,0,0,0,0,0.000189373444432421,0,0,0,0,0,9.46867222162104e-05,0,6.76333730115788e-05,0,0,0,0,0,0,0,0,0,0,0,0,0,0,8.11600476138946e-05,0,0,0,0,0,0,0.000554593658694946,0,0,0,0,0,0,0,0.000148793420625473,0,0,0,0,0,0,0,0,0,0,0,0,0,0,0,0,0,0,0,0,0.000175846769830105,0,0,0,0,0,0,0,0,0,0,0,0,0,0,0,0,0,0,0,0,0,0,0,0,0,0,0,0,0,0,0,0,0,0,0,0,0,0,0,0,0,0,0,0,0,0,0,0,0,0,0,0,0,0,0,0,0,0,0,0,0,0,0,0,0,0,0,8.11600476138946e-05,0,0,0,0,0,0,0,0,0,0,0,0,0,0,0,0,0,0,0,0,0,0,0,0,0,0,0,0,2.70533492046315e-05,0,"Healthy"
"SRR11127881",0.0747959136073145,0.107207165181695,0.0447357372766712,0.0352008210104026,0.0187619536315716,0.00222045995241872,0.0579745300181928,0.013602649624481,0.0637216028362178,0.025441992816159,0.013528012315156,0.0122964967112936,0.0399589494798712,0.000270560246303121,0.0116527499183654,0.000886318048234361,0.00785557680645613,0.000867658720903111,0.00550450156271866,5.59779819937491e-05,0.000681065447590614,0,0.0227830386714559,0.000223911927974996,0.0108130801884592,0,6.5307645659374e-05,0.00746373093249988,0.0461258571628493,0,0.0985212483089985,0.0148061762373466,0.00342398656528432,0.013975836171106,5.59779819937491e-05,0.000783691747912488,0.0146382422913654,0.0016886691234781,1.86593273312497e-05,0,0,0,0,0,0.00250034986238746,0.00378784344824369,0.000270560246303121,0.00526193030741242,0.00148341652283435,0,0,0,5.59779819937491e-05,0.000102626300321873,0.000718384102253114,0.00334934925595932,0.00111955963987498,0.00164202080514997,0.00151140551383123,0.0160003731865466,8.39669729906237e-05,0,0.00111022997620936,0.000139944954984373,0.00790222512478425,0.00866725754536549,4.66483183281243e-05,0.00065307645659374,0.000205252600643747,0.000494472174278117,0,0,0,0,0.000391845873956244,0.00141810887717498,0.000158604282315623,0,0,0.000998274012221859,0,0,0.00096095535755936,0,0.000531790828940617,0,0,0,0,0.000121285627653123,0,0.000158604282315623,0.00030787890096562,0,0,0,0,0.00034519755562812,0,0,0,0.000158604282315623,0,0,0,0,0,0.000111955963987498,0,0,0.00034519755562812,0.000606428138265616,0.000186593273312497,0,0,0,0,0,0,0,0.00061575780193124,0.000279889909968746,5.59779819937491e-05,0,0,0,0,0,0,0,0,0,0,0,0,0.000121285627653123,8.39669729906237e-05,0,0,0,0,0,0,0,0,0,0,0,0,8.39669729906237e-05,0,3.73186546624994e-05,0,0,0,0,0,0,0,0,0,0,0,0,0.000279889909968746,6.5307645659374e-05,0,0,0.000139944954984373,0,0,0,0,7.46373093249988e-05,0,0,0,0,0,0,0,0,0,0,0,0,0,0,0,0,0,0,3.73186546624994e-05,2.79889909968746e-05,0,0,8.39669729906237e-05,0,0.000167933945981247,0,0,0,0,0.000317208564631245,0,0,0,0,0,0,0,0,0,0,0,0,0,0,0,0,0,0,0,0,0,0,0,0,7.46373093249988e-05,0,0,0,7.46373093249988e-05,0,0,0,0,0,0,0,0,0,0,0,0,0,0,0,0,0,0,0,0,0,0,0,0,0,0,0,0,0,0,0,0,0,0,0,0,0,0,0,0,0,0,0,0,0,0,0,0,0,0,0,0,0,0,0,0,0,0,0,0,0,0,0,0,0,0,0,0,0,0,0,0,0,0,0,0,0,0,0,0,0,0,0,"Healthy"
"SRR11127882",0.0928108265636953,0.13904775782303,0.104258496958216,0.141734363046884,0.00560999599286001,0.0199628428836837,0.0352810462278241,0.0575662088812794,0.0178682015227132,0.0801974427161123,0.00779570871735092,0.00984481439656115,0.020627663837383,0.0100633856690102,0.00281410513278205,0.0172762376598302,0.00432588976722159,0.000846963680740228,0.00385231867691523,0.000218571272449091,0.0147717751630177,0.000910713635204546,0.00121124913482205,0.000938035044260683,0.0127864194382718,0,0.00782303012640705,0.00261374813303705,0.00323303340497614,0,0.0124585625295982,0.000391606863137955,0.0052274962660741,0.00989945721467342,0.00295071217806273,0.00122035627117409,0.0107919565771739,0.00453535390331864,0.00469928235765546,0.000136607045280682,0,0,0.00329678335944046,0.00179410586135296,0.00384321154056319,0.00107464208954136,0.000245892681505228,0.00775017303559069,0.0065298167644166,0,0,0,0.000291428363265455,0.00179410586135296,4.55356817602273e-05,0,0.00254999817857273,0.000701249499107501,0.000118392772576591,0.00197624858839387,1.82142727040909e-05,0.00109285636224546,0.000254999817857273,0,0,0.00344249754107319,0,0.000209464136097046,0.000382499726785909,0.000373392590433864,0.012212669848093,0,0.000318749772321591,0,7.28570908163637e-05,0.000254999817857273,0.000163928454336818,0,0,0.00484499653928819,0,0,0.000774106589923864,1.82142727040909e-05,0.00040071399949,0.000309642635969546,0,0,0.000136607045280682,0.000455356817602273,0,0,0.000528213908418637,9.10713635204546e-05,0.000209464136097046,0,0,0.000118392772576591,0.000701249499107501,0,0.000218571272449091,0.000428035408546137,5.46428181122728e-05,4.55356817602273e-05,0.000109285636224546,0,0,0.000555535317474773,0,0,6.37499544643182e-05,0,0.000473571090306364,3.64285454081819e-05,0,0,0,0,4.55356817602273e-05,0,0.000546428181122728,0,0,0.0001001784998725,0,0,0,6.37499544643182e-05,0,0,0,8.19642271684092e-05,0,2.73214090561364e-05,0,0,0.000127499908928636,0,5.46428181122728e-05,0,0,0.000182142727040909,0,0,0,0,0,0,0,6.37499544643182e-05,0,3.64285454081819e-05,0,0.000254999817857273,0,6.37499544643182e-05,0,0.000355178317729773,0,0,0,0,0,0,5.46428181122728e-05,0,0,0,0,0,0,0,0,0,0,0,0,0.000109285636224546,0,0,0,0,0,0.000118392772576591,0,0,0,0,0,0,0,0,0,0,0,0,0,0,0,0,9.10713635204546e-05,0,0,0,0,0,0,0,0,0,0.000145714181632727,0,0,0,0,0,0,0,0,0,0,0,0,0,0,0,0,0,0,0,0,0,0,0,0,0,0,0,0,0,0,0,0,0,0,0,0,0,0,0,0,0,0,0,0,0,0,0,0,0,0,0,0,0,0,0,0,0,0,0,0,0,0,0,0,0,0,0,0,0,0,0,0,0,0,0,0,0,0,0,0,0,0,0,0,0,0,0,0,0,0,0,0,0,0,0,0,0,0,0,0,0,0,0,0,0,"Healthy"
"SRR11127884",0.00189155639624729,0.200699200310756,0.03699512755339,0.0999822666587852,0,0.00288800128355613,0.0248773443899308,0,0.093572930476858,0.0826964811984361,0.0447386865505274,0.0490115773384788,0.0756960336426816,0.0091115596051376,0.00187466749985222,0.0196671198520533,0.0126328945035087,0,0.0301551245133887,0.000430666858074159,0.00925511522449566,0,0.0181640080728925,0.000836000371555721,0.00826711478538435,0,0.000422222409876627,0.000819111475160656,0.00310755693669197,0,0.00415466851318601,0,0.00551422467298874,0.00259244559664249,0,0.00352133489837107,0.00341155707180314,0.000380000168888964,0.000287111238716106,0,0,0,0,0.00676400300622356,0.00447555754469224,0,0,0.00978711546094021,2.53333445925976e-05,0,0.00300622355832158,3.37777927901301e-05,0,0,0,0.00362266827674146,0.00423911299516133,0,0.000363111272493899,0.00173111188049417,2.53333445925976e-05,0,0.000118222274765455,0,0,0.00276977900879067,0,0.000726222544987798,0,0,0,0,0,0.000270222342321041,0.000126666722962988,0.00446711309649471,0.000143555619358053,8.44444819753253e-05,0.000109777826567923,0.000608000270222342,0.0080475591322485,0,0.00177333412148183,4.22222409876627e-05,0,0,0.000253333445925976,0.000287111238716106,5.06666891851952e-05,0.000261777894123509,0,0.00869778164345851,0,0,0,0,0,0.000726222544987798,0.000202666756740781,0,0,0,0,0,0,0,0,0.000109777826567923,0,0,0,0.000751555889580395,0.000304000135111171,7.60000337777928e-05,0,9.28889301728579e-05,0,0,0,0,5.91111373827277e-05,0,0,0.000287111238716106,0.00500755778113679,8.44444819753253e-05,5.06666891851952e-05,0,0,2.53333445925976e-05,0,0,0,2.53333445925976e-05,0,0,0,0,6.75555855802603e-05,0,5.91111373827277e-05,0,6.75555855802603e-05,0,0,0,0,0,8.44444819753253e-05,0,0,2.53333445925976e-05,0,0,0,9.28889301728579e-05,0,0,0,0,0.00194222308543248,0,0,0,0,0,3.37777927901301e-05,0.000109777826567923,0,0,0,0,0,0.000228000101333378,0,0,0,0,0,0,0,0,0,0,5.91111373827277e-05,4.22222409876627e-05,0,0,0,0,0,0,5.06666891851952e-05,0,0,0,0,0,0,0,0,0,0,0,0,0,0,0,0.00059955582202481,0,0,0,0,0,0,0,0,0,0,0,0,0,0,0,0,0,0,0,0,0.00010133337837039,0,0,0,0,0,0,0,0,0,0,0,0,0,0,0,0,0,0,0,0,0,0,0,0,0,0,0,0,0,0,0,0,0,0,0,0,0,0,0,0,0,0,0,0,0,0,0,0,0,0,0,5.91111373827277e-05,0,0,0,0,0,0,0,0,0,0,0,0,0,0,0,0,0,0,0,0,0,0,0,0,0,0,0,0,0,0,0,0,0,0,"Healthy"
"SRR11127885",0.0919862702380766,0.295189881353541,0.0440653260818457,0.223053774900867,0.00527404667492124,0.0257197937401063,0.0474429102079839,0.0218563390436186,0.0134476435277338,0.00571289751265614,0.012569941852264,0.0105089102393304,0.0220444179740765,0.00318166857357804,0.000125385953638544,0.00318950519568045,0.0105245834835353,0.000117549331536135,0.015195210256571,0.000141059197843362,0.00271930786953592,0,0.00196699214770465,7.83662210240898e-05,0.00315815870727082,0,3.91831105120449e-05,0.000172405686252998,0.00705295989216808,1.5673244204818e-05,0.000650439634499945,0.00191213579298779,0.00394182091751172,0.00652790621130668,0,0.00115982007115653,0.00257041204959014,0.00452956757519239,0,0.000172405686252998,0,0.00038399448301804,0,0.00662194567653559,0.00476466623826466,0.000148895819945771,0,0.00195131890349984,0.00107361722803003,0,0,2.35098663072269e-05,0.000760152343933671,0.000235098663072269,3.91831105120449e-05,0.000352647994608404,0.00260959516010219,0.000940394652289077,0.000203752174662633,0.000485870570349357,0.000203752174662633,0.000720969233421626,0.000172405686252998,0,0,0.00101092425121076,8.62028431264988e-05,0,0,0.000642603012397536,0,0,0,0.000235098663072269,3.91831105120449e-05,0.000101876087331317,0.000407504349325267,0,0,0.00223343729918656,0,0,0.000125385953638544,0,0.000877701675469805,0,0,0,7.05295989216808e-05,4.70197326144539e-05,0,5.48563547168628e-05,0.000250771907277087,0,0,0,9.40394652289077e-05,0.000109712709433726,0.00177891321724684,0,0,0.000587746657680673,0,0.000203752174662633,0,0,0,0,0,0,0,0,0.000141059197843362,5.48563547168628e-05,0,0,0,0,0,0,0.000180242308355406,0.000164569064150589,0,0,0,8.62028431264988e-05,0,0,0,0,0,0,0,0,0,0,2.35098663072269e-05,0,0,0.000117549331536135,5.48563547168628e-05,0,0,0,0,0,0,0,0,0.00022726204096986,6.26929768192718e-05,2.35098663072269e-05,0,0,0,0,0,0,0,0,0,0,0,0,0,0,0,0,0,0,0,0,0,0,3.13464884096359e-05,0,0,0,0,0,0,0,0,0,0,0,0,0,0,0,0,0,0,0,0,0,0,0,0,0,0,0,0,0,0,0,0,0,0,0,0,0,0,6.26929768192718e-05,0,0,0,0,0,0,0,0,0,0,0,0,0,0,0,0,0,0,0,0,0,0,0,0,0,0,0,0,0,0,0,0,0,0,0,0,0,0,0,0,0,0,0,0,0,0,0,0,0,0,0,0,0,0,0,0,0,0,0,0,0,0,0,0,0,0,0,0,0,0,0,0,0,0,0,0,0,0,0,0,0,0,0,0,0,0,0,0,0,0,0,0,0,0,0,0,0,0,0,0,0,0,"Healthy"
"SRR11127887",0.000117635735597643,0.3303104514004,0.222834165695281,0.0390122875872911,4.27766311264156e-05,0.00380712017025099,0.00714369739811141,0,0,0.0355794629393962,0.0124693879733502,0.0240939374819536,0.134757082205991,0.0100204258413629,0.0140735116405907,0.0103840272059374,0,0,0.0129613192313039,8.55532622528313e-05,0.013635051171545,0.000171106524505663,0.00526152562854912,0.000128329893379247,0.0100525083147077,0,0.0174849479729224,0.00068442609802265,0.0222866248168625,0,0.000278048102321702,0.000181800682287266,0.000299436417884909,0,0,0.00142232298495332,0.00594595172657177,0,0.00177523019174625,0.000449154626827364,0,0.0038285084858142,0,0,0.0106299928349143,7.48591044712274e-05,0.000235271471195286,0.000267353944540098,0,0.000139024051160851,0.00073789688693067,0,0.0161695665657851,0.00265215112983777,0,0.00808478328289255,0,0,0,0.000609566993551423,0.000844838464746709,0,0,0.000598872835769819,0,0,0,0.000160412366724059,0.000395683837919345,0.00108010993594199,0,0,0.000106941577816039,0.000256659786758494,0,4.27766311264156e-05,0.0016362061405854,0.000235271471195286,0.000181800682287266,0,0,0,0.000363601364574533,0,0,0.00129399309157407,0,0.000620261151333027,0.000171106524505663,0,0,0.00112288656706841,0,0,0,0,0,2.13883155632078e-05,0,0,0.000278048102321702,0,0,4.27766311264156e-05,0,0,0,0,5.34707889080195e-05,0,0,0,6.41649466896235e-05,0.000598872835769819,0,0,0,0,0.00146509961607974,0,0,0,0,4.27766311264156e-05,0,0.000278048102321702,0,0,0,0,0,0,0,0,0,0,4.27766311264156e-05,0,0,0,0,6.41649466896235e-05,0,0,0,0,0,0,0,0,0,0,0,0,8.55532622528313e-05,0,0,0,0,0,0,0,0,0,0,0,0,0,0,0,0,0,0,0,0,0,0,0,0,0,0,0,0,0,0,0,0.000213883155632078,0,0,0,0,0,0,0,0,0,0,0,0,0,0,0,0,0,0,0,0,0,0,0,0,0,0,0,0,0,0,0,0,0,0,0,0,0,0,0.000149718208942455,0,0,0,0,0,0,0,0,0,0,0,0,0,0,0,0,0,0,0,0,0,0,0,0,0,0,0,0,0,0,0,0,0,0,0,0,0,0,0,0,0,0,0,0.000106941577816039,0,0,0,0,0,0,0,0,0,0,0,0,0,0,0,0,0,0,0,0,0,0,0,0,0,0,0,4.27766311264156e-05,0,0,0,0,0,0,0,0,0,0,0,0,0,0,0,0,0,0,"Healthy"
"SRR11127888",0.0590484569572279,0.303634271792095,0.00358689767190038,0.0136708175419599,0,0,0.0872022198159177,0.00632782891174878,0.036376556578235,0.00764753654574986,0.0698429886302112,0.0116404981050352,0.106557931781267,0.00213183540877098,0.013704656199242,0.00101515971846237,0.0145844612885761,0,0.0120804006497022,0.00138738494856524,0.000947482403898213,0,0.00135354629128316,0.000372225230102869,0.0035530590146183,0,0.000575257173795344,0.00101515971846237,0.0315376285868977,0.00213183540877098,0.00267325392528424,0,0.0136031402273958,0.00818895506226313,0,0.00378992961559285,0.00818895506226313,0.000541418516513265,0.00883188955062263,0,0,0,0,0.00216567406605306,0.00764753654574986,0.000473741201949107,0.000304547915538711,0.00585408770979967,0.0511640498105035,0,0,6.76773145641581e-05,0,0,0,0,0.00236870600974553,0,0.00165809420682187,0.00392528424472117,0.00121819166215485,0,0,0.000406063887384949,0,0.00602328099621007,0,0.000135354629128316,0,0.00148890092041148,0,0,0.000507579859231186,0.000304547915538711,0,0,0.000236870600974553,0,0.000778289117487818,0.00033838657282079,0,0,0.000270709258256632,6.76773145641581e-05,0.000609095831077423,0,0,0.000845966432051976,0.000236870600974553,0.00118435300487277,0.00131970763400108,0.000507579859231186,0,0,0,0,0,0.00568489442338928,0.000270709258256632,0,0,0,0,0.000236870600974553,0.000101515971846237,0,0,0,0,0,0,0,0,0,0,0,0,0,0,0,0,0,0,0.000270709258256632,0,0.000372225230102869,0,0,0,0,0,0,0,0,0,0,0,0,0,0.000270709258256632,6.76773145641581e-05,0,0,0,0,0,0,0,0,0,0,0.000981321061180292,0,0,0,0,0,0,0,0,0,0,0,0,0,0,0,0,0.000778289117487818,0,0,0,0,0,0,0,0,0,0,0,0,0,0,0,0,0,0,0,0,0,0,0,0,0,0,0,0,0,0,0,0,0,0,0,0,0,0.000609095831077423,0,0,0,0,0,0,0,0,0,0,0,0,0,0,0,0,0,0,0,0,0,0,0,0,0,0,0,0,0,0,0,0,0,0,0,0,0,0,0,0,0,0,0,0,0,0,0,0,0,0,0,0,0,0,0.000406063887384949,0,0.000372225230102869,0,0,0,0,0,0,0.00033838657282079,0.00033838657282079,0,0,0,0.000304547915538711,0,0,0,0,0,0,0,0,0,0,0,0,0,0,0,0,0,0,0,0,0,0,0,0,0,0,0,0,0.000101515971846237,0,0,0,0,0,0,0,0,0,0,6.76773145641581e-05,"Healthy"
"SRR11127889",0.0994048908278928,0.104458677558093,0.0435760182348876,0.182709861072434,0.008034489515971,0,0.0191837618738204,0.0813659663562198,0.0320038780077766,0.00571387316026692,0.0313437915777097,0.019451921986035,0.0207927225471085,0.00796229256268243,0.000866363439462855,0.00883896985261508,0.00849861278711181,0.0219066183978465,0.00582732551543468,0.000113452355167755,0.0125622698722114,0,0.00278473962684489,0.00944748703033303,0.0092721515723465,0.000113452355167755,6.18831028187753e-05,0.0114071186195943,0.00789009560939385,0.0175644873500624,0.000288787813154285,0.000556947925368978,0.00642552884268284,0.00659055045019957,0.00812731417019916,0.00123766205637551,0.0092927792732861,0.00121703435543591,0.000103138504697959,0.000907618841342038,0,0.000113452355167755,0,0.00215559474818734,0.00333137370174407,0.00178429613127469,0.000464123271140815,0.0129748238910032,0.00108295429932857,0,0,0,0.000144393906577142,0.00163990222469755,0.000299101663624081,0.00304258588858979,0.00440401415060284,0,0,0.000670400280536733,0.000103138504697959,0,0.00307352743999918,9.2824654228163e-05,0,0.00348608145879101,3.09415514093877e-05,0,0.00105201274791918,0.00092824654228163,0,0,8.25108037583671e-05,0,0,0,0.000412554018791836,0.000319729364563673,0,0.00344482605691183,5.15692523489794e-05,0,0,0,0.000412554018791836,0.000123766205637551,0,0.000113452355167755,0.000257846261744897,8.25108037583671e-05,0.00035067091597306,4.12554018791836e-05,0,0,0,0,4.12554018791836e-05,0.000948874243221222,0.000309415514093877,0,0.00183586538362367,8.25108037583671e-05,0,0,0,0,0,0,0,0,0.000288787813154285,0.000113452355167755,0.000165021607516734,0,0,0.000340357065503264,0,0,0,0,0,0.0007529110842951,0,0.000195963158926122,0,0,0,0,0,0,0,0,0,4.12554018791836e-05,0,5.15692523489794e-05,0.000391926317852244,0,0,0,0,0,0.000422867869261631,0,0,0,0,0,0,0,0,0,0,0,0.000464123271140815,9.2824654228163e-05,0,0,3.09415514093877e-05,0,0,0,0,0,0,0.000154707757046938,0,0,0,0,0,0,0,0,0,0,0,0,0,0,0.000660086430066937,0,0,0,0,0,0,0,0,0,0.000330043215033468,0,0,0,0,0,0,0,0,0,0,0,0,0,0,0,4.12554018791836e-05,0.000185649308456326,0,0,0,0,0,6.18831028187753e-05,0,0,0,0,0,0,0,0,0,0,0,0,0,0,0,0,0,0,0,0,0,0,5.15692523489794e-05,0,0,0,0,0,0,0,0,0,0,0,0,0,0,0,0,0,0,0,0,0,0,0,0,0,0,0,0,0,0,0,0,0,0,0,0,0,0,0,0,0,0,0,5.15692523489794e-05,0,0,0,0,0,0,0,0,0,0,0,0,0,0,0,0,0,0,0,0,0,0,0,0,0,0,0,0,0,0,0,0,0,0,0,"Healthy"
