"","Kingdom","Phylum","Class","Order","Family","Genus"
"ASV1","Bacteria","Actinobacteriota","Coriobacteriia","Coriobacteriales","Coriobacteriaceae","Collinsella"
"ASV2","Bacteria","Firmicutes","Clostridia","Lachnospirales","Lachnospiraceae","Blautia"
"ASV3","Bacteria","Firmicutes","Clostridia","Peptostreptococcales-Tissierellales","Peptostreptococcaceae","Romboutsia"
"ASV4","Bacteria","Firmicutes","Clostridia","Clostridiales","Clostridiaceae","Clostridium sensu stricto 1"
"ASV5","Bacteria","Firmicutes","Bacilli","Erysipelotrichales","Erysipelatoclostridiaceae","Catenibacterium"
"ASV6","Bacteria","Firmicutes","Clostridia","Clostridiales","Clostridiaceae","Clostridium sensu stricto 1"
"ASV7","Bacteria","Firmicutes","Clostridia","Lachnospirales","Lachnospiraceae","Blautia"
"ASV8","Bacteria","Firmicutes","Clostridia","Lachnospirales","Lachnospiraceae","Blautia"
"ASV9","Bacteria","Actinobacteriota","Actinobacteria","Bifidobacteriales","Bifidobacteriaceae","Bifidobacterium"
"ASV10","Bacteria","Firmicutes","Clostridia","Lachnospirales","Lachnospiraceae","Dorea"
"ASV11","Bacteria","Firmicutes","Bacilli","Erysipelotrichales","Erysipelotrichaceae","Holdemanella"
"ASV12","Bacteria","Firmicutes","Bacilli","Erysipelotrichales","Erysipelatoclostridiaceae","Erysipelotrichaceae UCG-003"
"ASV13","Bacteria","Firmicutes","Clostridia","Oscillospirales","Ruminococcaceae","Subdoligranulum"
"ASV14","Bacteria","Firmicutes","Clostridia","Lachnospirales","Lachnospiraceae","[Ruminococcus] torques group"
"ASV15","Bacteria","Firmicutes","Clostridia","Oscillospirales","Ruminococcaceae","Ruminococcus"
"ASV16","Bacteria","Actinobacteriota","Actinobacteria","Bifidobacteriales","Bifidobacteriaceae","Bifidobacterium"
"ASV17","Bacteria","Firmicutes","Clostridia","Lachnospirales","Lachnospiraceae","[Eubacterium] hallii group"
"ASV18","Bacteria","Firmicutes","Bacilli","Erysipelotrichales","Erysipelotrichaceae","Turicibacter"
"ASV19","Bacteria","Firmicutes","Clostridia","Lachnospirales","Lachnospiraceae","[Eubacterium] hallii group"
"ASV20","Bacteria","Firmicutes","Clostridia","Lachnospirales","Lachnospiraceae","Blautia"
"ASV21","Bacteria","Firmicutes","Bacilli","Erysipelotrichales","Erysipelotrichaceae","Holdemanella"
"ASV22","Bacteria","Firmicutes","Clostridia","Lachnospirales","Lachnospiraceae","Dorea"
"ASV23","Bacteria","Firmicutes","Bacilli","Lactobacillales","Streptococcaceae","Streptococcus"
"ASV24","Bacteria","Firmicutes","Clostridia","Peptostreptococcales-Tissierellales","Peptostreptococcaceae","Terrisporobacter"
"ASV25","Bacteria","Actinobacteriota","Coriobacteriia","Coriobacteriales","Eggerthellaceae","Senegalimassilia"
"ASV27","Bacteria","Firmicutes","Clostridia","Clostridiales","Clostridiaceae","Clostridium sensu stricto 1"
"ASV28","Bacteria","Firmicutes","Bacilli","Lactobacillales","Enterococcaceae","Enterococcus"
"ASV29","Bacteria","Firmicutes","Clostridia","Lachnospirales","Lachnospiraceae","Anaerostipes"
"ASV30","Bacteria","Firmicutes","Clostridia","Lachnospirales","Lachnospiraceae","Blautia"
"ASV31","Bacteria","Firmicutes","Clostridia","Peptostreptococcales-Tissierellales","Anaerovoracaceae","Mogibacterium"
"ASV32","Bacteria","Actinobacteriota","Actinobacteria","Bifidobacteriales","Bifidobacteriaceae","Bifidobacterium"
"ASV33","Bacteria","Firmicutes","Clostridia","Oscillospirales","Ruminococcaceae","Subdoligranulum"
"ASV34","Bacteria","Firmicutes","Clostridia","Peptostreptococcales-Tissierellales","Peptostreptococcaceae","Intestinibacter"
"ASV35","Bacteria","Firmicutes","Bacilli","Lactobacillales","Lactobacillaceae","Ligilactobacillus"
"ASV37","Bacteria","Firmicutes","Clostridia","Lachnospirales","Lachnospiraceae","Agathobacter"
"ASV38","Bacteria","Proteobacteria","Gammaproteobacteria","Enterobacterales","Enterobacteriaceae","Escherichia-Shigella"
"ASV39","Bacteria","Firmicutes","Clostridia","Lachnospirales","Lachnospiraceae","[Ruminococcus] gauvreauii group"
"ASV40","Bacteria","Firmicutes","Clostridia","Lachnospirales","Lachnospiraceae","[Ruminococcus] gauvreauii group"
"ASV41","Bacteria","Firmicutes","Clostridia","Clostridiales","Clostridiaceae","Sarcina"
"ASV42","Bacteria","Firmicutes","Bacilli","Erysipelotrichales","Erysipelotrichaceae","Holdemanella"
"ASV43","Bacteria","Firmicutes","Clostridia","Lachnospirales","Lachnospiraceae","Blautia"
"ASV44","Bacteria","Firmicutes","Bacilli","Erysipelotrichales","Erysipelotrichaceae","Solobacterium"
"ASV45","Bacteria","Firmicutes","Clostridia","Oscillospirales","Ruminococcaceae","Ruminococcus"
"ASV46","Bacteria","Firmicutes","Clostridia","Lachnospirales","Lachnospiraceae","[Eubacterium] hallii group"
"ASV47","Bacteria","Firmicutes","Clostridia","Lachnospirales","Lachnospiraceae","Fusicatenibacter"
"ASV48","Bacteria","Firmicutes","Clostridia","Lachnospirales","Lachnospiraceae","Blautia"
"ASV49","Bacteria","Firmicutes","Clostridia","Oscillospirales","Ruminococcaceae","Faecalibacterium"
"ASV50","Bacteria","Verrucomicrobiota","Verrucomicrobiae","Verrucomicrobiales","Akkermansiaceae","Akkermansia"
"ASV51","Bacteria","Bacteroidota","Bacteroidia","Bacteroidales","Prevotellaceae","Prevotella_9"
"ASV52","Bacteria","Firmicutes","Clostridia","Oscillospirales","Ruminococcaceae","CAG-352"
"ASV53","Bacteria","Firmicutes","Clostridia","Peptostreptococcales-Tissierellales","Anaerovoracaceae","Family XIII AD3011 group"
"ASV54","Bacteria","Firmicutes","Clostridia","Oscillospirales","Ruminococcaceae",NA
"ASV55","Bacteria","Firmicutes","Clostridia","Oscillospirales","Ruminococcaceae","Faecalibacterium"
"ASV56","Bacteria","Firmicutes","Clostridia","Lachnospirales","Lachnospiraceae","[Eubacterium] hallii group"
"ASV57","Bacteria","Firmicutes","Clostridia","Oscillospirales","Oscillospiraceae","UCG-002"
"ASV58","Bacteria","Bacteroidota","Bacteroidia","Bacteroidales","Prevotellaceae","Prevotella_9"
"ASV59","Bacteria","Firmicutes","Bacilli","Lactobacillales","Streptococcaceae","Streptococcus"
"ASV60","Bacteria","Firmicutes","Clostridia","Peptococcales","Peptococcaceae","Peptococcus"
"ASV61","Bacteria","Actinobacteriota","Actinobacteria","Actinomycetales","Actinomycetaceae","Actinomyces"
"ASV62","Bacteria","Firmicutes","Clostridia","Oscillospirales","Ruminococcaceae","Subdoligranulum"
"ASV63","Bacteria","Firmicutes","Clostridia","Lachnospirales","Lachnospiraceae",NA
"ASV64","Bacteria","Firmicutes","Clostridia","Lachnospirales","Lachnospiraceae","Coprococcus"
"ASV65","Bacteria","Actinobacteriota","Coriobacteriia","Coriobacteriales","Eggerthellaceae","Enterorhabdus"
"ASV66","Bacteria","Firmicutes","Bacilli","Erysipelotrichales","Erysipelatoclostridiaceae","Erysipelatoclostridium"
"ASV67","Bacteria","Firmicutes","Bacilli","Lactobacillales","Lactobacillaceae","Weissella"
"ASV68","Bacteria","Firmicutes","Clostridia","Lachnospirales","Lachnospiraceae","Coprococcus"
"ASV69","Bacteria","Firmicutes","Clostridia","Lachnospirales","Lachnospiraceae","Anaerostipes"
"ASV70","Bacteria","Firmicutes","Clostridia","Peptostreptococcales-Tissierellales","Peptostreptococcaceae","Paraclostridium"
"ASV71","Bacteria","Firmicutes","Clostridia","Oscillospirales","Ruminococcaceae","Subdoligranulum"
"ASV72","Bacteria","Firmicutes","Bacilli","Lactobacillales","Lactobacillaceae","Limosilactobacillus"
"ASV73","Bacteria","Firmicutes","Clostridia","Lachnospirales","Lachnospiraceae","Dorea"
"ASV74","Bacteria","Actinobacteriota","Coriobacteriia","Coriobacteriales","Atopobiaceae","Libanicoccus"
"ASV75","Bacteria","Firmicutes","Bacilli","Lactobacillales","Streptococcaceae","Streptococcus"
"ASV76","Bacteria","Firmicutes","Clostridia","Lachnospirales","Lachnospiraceae","[Ruminococcus] torques group"
"ASV77","Bacteria","Firmicutes","Clostridia","Lachnospirales","Lachnospiraceae","[Ruminococcus] torques group"
"ASV78","Bacteria","Firmicutes","Clostridia","Clostridiales","Clostridiaceae","Clostridium sensu stricto 1"
"ASV79","Bacteria","Actinobacteriota","Coriobacteriia","Coriobacteriales","Eggerthellaceae","Slackia"
"ASV80","Bacteria","Firmicutes","Clostridia","Lachnospirales","Lachnospiraceae","Marvinbryantia"
"ASV81","Bacteria","Actinobacteriota","Coriobacteriia","Coriobacteriales","Eggerthellaceae",NA
"ASV82","Bacteria","Firmicutes","Clostridia","Lachnospirales","Lachnospiraceae","Marvinbryantia"
"ASV83","Bacteria","Firmicutes","Clostridia","Lachnospirales","Lachnospiraceae","Marvinbryantia"
"ASV84","Bacteria","Actinobacteriota","Actinobacteria","Bifidobacteriales","Bifidobacteriaceae","Bifidobacterium"
"ASV85","Bacteria","Firmicutes","Bacilli","Erysipelotrichales","Erysipelatoclostridiaceae","Catenibacterium"
"ASV86","Bacteria","Firmicutes","Clostridia","Oscillospirales","Ruminococcaceae","Subdoligranulum"
"ASV87","Bacteria","Firmicutes","Clostridia","Lachnospirales","Lachnospiraceae","Blautia"
"ASV88","Bacteria","Actinobacteriota","Actinobacteria","Actinomycetales","Actinomycetaceae","Actinomyces"
"ASV89","Bacteria","Firmicutes","Clostridia","Oscillospirales","Oscillospiraceae","UCG-002"
"ASV90","Bacteria","Firmicutes","Bacilli","Erysipelotrichales","Erysipelotrichaceae","Holdemanella"
"ASV91","Bacteria","Firmicutes","Negativicutes","Veillonellales-Selenomonadales","Veillonellaceae","Dialister"
"ASV92","Bacteria","Firmicutes","Clostridia","Oscillospirales","[Eubacterium] coprostanoligenes group",NA
"ASV93","Bacteria","Proteobacteria","Gammaproteobacteria","Enterobacterales","Enterobacteriaceae","Klebsiella"
"ASV94","Bacteria","Firmicutes","Clostridia","Peptostreptococcales-Tissierellales","Anaerovoracaceae","Family XIII AD3011 group"
"ASV95","Bacteria","Firmicutes","Clostridia","Christensenellales","Christensenellaceae","Christensenellaceae R-7 group"
"ASV96","Bacteria","Bacteroidota","Bacteroidia","Bacteroidales","Bacteroidaceae","Bacteroides"
"ASV97","Bacteria","Cyanobacteria","Vampirivibrionia","Gastranaerophilales",NA,NA
"ASV98","Bacteria","Firmicutes","Clostridia","Lachnospirales","Lachnospiraceae","Blautia"
"ASV99","Bacteria","Firmicutes","Bacilli","Erysipelotrichales","Erysipelotrichaceae","Turicibacter"
"ASV100","Bacteria","Firmicutes","Bacilli","Lactobacillales","Lactobacillaceae","Lactiplantibacillus"
"ASV101","Bacteria","Firmicutes","Clostridia","Oscillospirales","Oscillospiraceae","UCG-002"
"ASV102","Bacteria","Firmicutes","Clostridia","Lachnospirales","Lachnospiraceae",NA
"ASV103","Bacteria","Firmicutes","Clostridia","Oscillospirales","Butyricicoccaceae",NA
"ASV104","Bacteria","Actinobacteriota","Coriobacteriia","Coriobacteriales","Atopobiaceae",NA
"ASV105","Bacteria","Firmicutes","Bacilli","Lactobacillales","Lactobacillaceae","Ligilactobacillus"
"ASV106","Bacteria","Actinobacteriota","Coriobacteriia","Coriobacteriales","Eggerthellaceae","Eggerthella"
"ASV107","Bacteria","Firmicutes","Clostridia","Peptostreptococcales-Tissierellales","Peptostreptococcaceae","Romboutsia"
"ASV108","Bacteria","Firmicutes","Bacilli","Erysipelotrichales","Erysipelatoclostridiaceae","Catenibacterium"
"ASV109","Bacteria","Firmicutes","Clostridia","Peptostreptococcales-Tissierellales","Family XI","Anaerococcus"
"ASV110","Bacteria","Firmicutes","Clostridia","Christensenellales","Christensenellaceae","Christensenellaceae R-7 group"
"ASV111","Bacteria","Actinobacteriota","Coriobacteriia","Coriobacteriales",NA,NA
"ASV112","Bacteria","Firmicutes","Clostridia","Lachnospirales","Lachnospiraceae","Agathobacter"
"ASV114","Bacteria","Firmicutes","Bacilli","Lactobacillales","Lactobacillaceae","Lactobacillus"
"ASV115","Bacteria","Firmicutes","Clostridia","Oscillospirales","Oscillospiraceae","UCG-002"
"ASV116","Bacteria","Firmicutes","Clostridia","Peptostreptococcales-Tissierellales","Anaerovoracaceae","Family XIII AD3011 group"
"ASV117","Bacteria","Actinobacteriota","Coriobacteriia","Coriobacteriales","Coriobacteriaceae","Collinsella"
"ASV118","Bacteria","Bacteroidota","Bacteroidia","Bacteroidales","Bacteroidaceae","Bacteroides"
"ASV119","Bacteria","Firmicutes","Clostridia","Christensenellales","Christensenellaceae",NA
"ASV120","Bacteria","Firmicutes","Clostridia","Lachnospirales","Lachnospiraceae","Coprococcus"
"ASV121","Bacteria","Firmicutes","Bacilli","Bacillales","Bacillaceae","Bacillus"
"ASV122","Bacteria","Firmicutes","Clostridia","Oscillospirales","Ruminococcaceae","Ruminococcus"
"ASV123","Bacteria","Cyanobacteria","Vampirivibrionia","Gastranaerophilales",NA,NA
"ASV124","Bacteria","Firmicutes","Bacilli","Erysipelotrichales","Erysipelatoclostridiaceae","Catenibacterium"
"ASV125","Bacteria","Firmicutes","Bacilli","RF39",NA,NA
"ASV126","Bacteria","Firmicutes","Bacilli","Lactobacillales","Streptococcaceae","Streptococcus"
"ASV127","Bacteria","Firmicutes","Clostridia","Oscillospirales","Oscillospiraceae","UCG-002"
"ASV128","Bacteria","Firmicutes","Clostridia","Clostridia UCG-014",NA,NA
"ASV129","Bacteria","Proteobacteria","Gammaproteobacteria","Enterobacterales","Succinivibrionaceae","Succinivibrio"
"ASV130","Bacteria","Firmicutes","Clostridia","Clostridiales","Clostridiaceae","Clostridium sensu stricto 1"
"ASV131","Bacteria","Firmicutes","Bacilli","Lactobacillales","Streptococcaceae","Streptococcus"
"ASV132","Bacteria","Firmicutes","Clostridia","Oscillospirales","Ruminococcaceae","Subdoligranulum"
"ASV133","Bacteria","Firmicutes","Clostridia","Oscillospirales","Butyricicoccaceae","Butyricicoccus"
"ASV134","Bacteria","Firmicutes","Clostridia","Lachnospirales","Lachnospiraceae","[Eubacterium] hallii group"
"ASV135","Bacteria","Firmicutes","Clostridia","Oscillospirales","[Eubacterium] coprostanoligenes group",NA
"ASV136","Bacteria","Firmicutes","Clostridia","Lachnospirales","Lachnospiraceae","Marvinbryantia"
"ASV137","Bacteria","Firmicutes","Bacilli","Lactobacillales","Streptococcaceae","Streptococcus"
"ASV138","Bacteria","Firmicutes","Clostridia","Christensenellales","Christensenellaceae",NA
"ASV139","Bacteria","Firmicutes","Clostridia","Monoglobales","Monoglobaceae","Monoglobus"
"ASV140","Bacteria","Firmicutes","Clostridia","Lachnospirales","Lachnospiraceae","Coprococcus"
"ASV141","Bacteria","Firmicutes","Clostridia","Oscillospirales","Ruminococcaceae","Subdoligranulum"
"ASV142","Bacteria","Firmicutes","Clostridia","Lachnospirales","Lachnospiraceae","Coprococcus"
"ASV143","Bacteria","Firmicutes","Clostridia","Lachnospirales","Lachnospiraceae","Howardella"
"ASV144","Bacteria","Firmicutes","Clostridia","Lachnospirales","Lachnospiraceae","Blautia"
"ASV145","Bacteria","Firmicutes","Bacilli","Erysipelotrichales","Erysipelotrichaceae","Solobacterium"
"ASV146","Bacteria","Firmicutes","Clostridia","Lachnospirales","Lachnospiraceae","Lachnospiraceae NK4A136 group"
"ASV147","Bacteria","Firmicutes","Clostridia","Lachnospirales","Lachnospiraceae","Roseburia"
"ASV148","Bacteria","Firmicutes","Bacilli","Lactobacillales","Enterococcaceae","Enterococcus"
"ASV149","Bacteria","Actinobacteriota","Coriobacteriia","Coriobacteriales","Coriobacteriales Incertae Sedis",NA
"ASV150","Bacteria","Actinobacteriota","Coriobacteriia","Coriobacteriales","Eggerthellaceae","Gordonibacter"
"ASV151","Bacteria","Firmicutes","Clostridia","Lachnospirales","Lachnospiraceae","[Eubacterium] ruminantium group"
"ASV152","Bacteria","Firmicutes","Clostridia","Clostridia UCG-014",NA,NA
"ASV153","Bacteria","Firmicutes","Clostridia","Christensenellales","Christensenellaceae","Christensenellaceae R-7 group"
"ASV154","Bacteria","Firmicutes","Clostridia","Lachnospirales","Lachnospiraceae","Blautia"
"ASV155","Bacteria","Firmicutes","Clostridia","Clostridia UCG-014",NA,NA
"ASV156","Bacteria","Firmicutes","Clostridia","Oscillospirales","Ruminococcaceae",NA
"ASV157","Bacteria","Firmicutes","Clostridia","Oscillospirales","[Eubacterium] coprostanoligenes group",NA
"ASV158","Bacteria","Actinobacteriota","Coriobacteriia","Coriobacteriales","Eggerthellaceae","Enterorhabdus"
"ASV159","Bacteria","Firmicutes","Clostridia","Oscillospirales","Ruminococcaceae","Ruminococcus"
"ASV160","Bacteria","Firmicutes","Bacilli","Lactobacillales","Streptococcaceae","Streptococcus"
"ASV161","Bacteria","Firmicutes","Clostridia","Oscillospirales","Ruminococcaceae","Faecalibacterium"
"ASV162","Bacteria","Firmicutes","Clostridia","Christensenellales","Christensenellaceae","Christensenellaceae R-7 group"
"ASV163","Bacteria","Firmicutes","Bacilli","RF39",NA,NA
"ASV164","Bacteria","Firmicutes","Bacilli","RF39",NA,NA
"ASV165","Bacteria","Firmicutes","Clostridia","Oscillospirales","[Eubacterium] coprostanoligenes group",NA
"ASV166","Bacteria","Firmicutes","Clostridia","Lachnospirales","Lachnospiraceae","Blautia"
"ASV167","Bacteria","Firmicutes","Clostridia","Lachnospirales","Lachnospiraceae","[Ruminococcus] torques group"
"ASV168","Bacteria","Firmicutes","Clostridia","Lachnospirales","Lachnospiraceae","[Ruminococcus] torques group"
"ASV169","Bacteria","Firmicutes","Clostridia","Clostridia UCG-014",NA,NA
"ASV170","Bacteria","Firmicutes","Clostridia","Oscillospirales","Ruminococcaceae","Faecalibacterium"
"ASV171","Bacteria","Firmicutes","Bacilli","Erysipelotrichales","Erysipelatoclostridiaceae","Catenibacterium"
"ASV172","Bacteria","Firmicutes","Clostridia","Oscillospirales","Ruminococcaceae","[Eubacterium] siraeum group"
"ASV173","Bacteria","Firmicutes","Clostridia","Clostridiales","Clostridiaceae","Clostridium sensu stricto 1"
"ASV174","Bacteria","Firmicutes","Bacilli","Staphylococcales","Gemellaceae","Gemella"
"ASV175","Bacteria","Firmicutes","Bacilli","Erysipelotrichales","Erysipelotrichaceae",NA
"ASV176","Bacteria","Firmicutes","Clostridia","Lachnospirales","Lachnospiraceae","Dorea"
"ASV177","Bacteria","Firmicutes","Bacilli","RF39",NA,NA
"ASV178","Bacteria","Firmicutes","Clostridia","Clostridia UCG-014",NA,NA
"ASV179","Bacteria","Firmicutes","Bacilli","Lactobacillales","Lactobacillaceae","Ligilactobacillus"
"ASV180","Bacteria","Bacteroidota","Bacteroidia","Bacteroidales","Prevotellaceae","Prevotella_7"
"ASV181","Bacteria","Firmicutes","Clostridia","Oscillospirales","Oscillospiraceae","UCG-005"
"ASV182","Bacteria","Firmicutes","Clostridia","Clostridia UCG-014",NA,NA
"ASV183","Bacteria","Bacteroidota","Bacteroidia","Bacteroidales","Prevotellaceae","Prevotella_9"
"ASV184","Bacteria","Firmicutes","Clostridia","Oscillospirales","Ruminococcaceae","Subdoligranulum"
"ASV185","Bacteria","Firmicutes","Clostridia","Oscillospirales","Oscillospiraceae","UCG-002"
"ASV186","Bacteria","Firmicutes","Clostridia","Christensenellales","Christensenellaceae","Christensenellaceae R-7 group"
"ASV187","Bacteria","Firmicutes","Clostridia","Christensenellales","Christensenellaceae","Christensenellaceae R-7 group"
"ASV188","Bacteria","Firmicutes","Clostridia","Peptostreptococcales-Tissierellales","Family XI","Parvimonas"
"ASV189","Bacteria","Firmicutes","Clostridia","Oscillospirales","Ruminococcaceae","Ruminococcus"
"ASV190","Bacteria","Firmicutes","Clostridia","Oscillospirales","Ruminococcaceae","Incertae Sedis"
"ASV191","Bacteria","Firmicutes","Clostridia","Oscillospirales","Ruminococcaceae",NA
"ASV192","Bacteria","Firmicutes","Bacilli","RF39",NA,NA
"ASV193","Bacteria","Firmicutes","Clostridia","Oscillospirales","Oscillospiraceae","UCG-002"
"ASV194","Bacteria","Firmicutes","Bacilli","Lactobacillales","Enterococcaceae","Enterococcus"
"ASV195","Bacteria","Firmicutes","Clostridia","Lachnospirales","Lachnospiraceae","[Eubacterium] hallii group"
"ASV196","Bacteria","Firmicutes","Clostridia","Clostridia UCG-014",NA,NA
"ASV197","Bacteria","Firmicutes","Clostridia","Lachnospirales","Lachnospiraceae",NA
"ASV198","Bacteria","Firmicutes","Clostridia","Oscillospirales","Oscillospiraceae","UCG-002"
"ASV199","Bacteria","Firmicutes","Clostridia","Clostridiales","Clostridiaceae","Sarcina"
"ASV200","Bacteria","Actinobacteriota","Actinobacteria","Bifidobacteriales","Bifidobacteriaceae","Bifidobacterium"
"ASV201","Bacteria","Bacteroidota","Bacteroidia","Bacteroidales","Prevotellaceae","Prevotella_9"
"ASV202","Bacteria","Firmicutes","Bacilli","Lactobacillales","Streptococcaceae","Streptococcus"
"ASV203","Bacteria","Firmicutes","Clostridia","Lachnospirales","Lachnospiraceae","Coprococcus"
"ASV204","Bacteria","Firmicutes","Bacilli","Erysipelotrichales","Erysipelotrichaceae","Holdemanella"
"ASV205","Bacteria","Firmicutes","Clostridia","Oscillospirales","Oscillospiraceae","Intestinimonas"
"ASV206","Bacteria","Firmicutes","Clostridia","Oscillospirales","Ruminococcaceae",NA
"ASV207","Bacteria","Firmicutes","Clostridia","Lachnospirales","Lachnospiraceae","Marvinbryantia"
"ASV208","Bacteria","Firmicutes","Clostridia","Lachnospirales","Lachnospiraceae",NA
"ASV209","Bacteria","Firmicutes","Bacilli","RF39",NA,NA
"ASV210","Bacteria","Actinobacteriota","Coriobacteriia","Coriobacteriales","Coriobacteriales Incertae Sedis",NA
"ASV211","Bacteria","Firmicutes","Clostridia","Lachnospirales","Lachnospiraceae","Lachnospiraceae FCS020 group"
"ASV212","Bacteria","Firmicutes","Clostridia","Oscillospirales","[Eubacterium] coprostanoligenes group",NA
"ASV214","Bacteria","Firmicutes","Clostridia","Lachnospirales","Lachnospiraceae","[Eubacterium] hallii group"
"ASV215","Bacteria","Firmicutes","Clostridia","Peptococcales","Peptococcaceae","Peptococcus"
"ASV216","Bacteria","Firmicutes","Clostridia","Christensenellales","Christensenellaceae","Christensenellaceae R-7 group"
"ASV217","Bacteria","Firmicutes","Clostridia","Clostridiales","Clostridiaceae","Clostridium sensu stricto 1"
"ASV218","Bacteria","Firmicutes","Clostridia","Oscillospirales","Butyricicoccaceae","Butyricicoccus"
"ASV219","Bacteria","Firmicutes","Bacilli","RF39",NA,NA
"ASV220","Bacteria","Firmicutes","Clostridia","Lachnospirales","Lachnospiraceae","Blautia"
"ASV221","Bacteria","Firmicutes","Clostridia","Lachnospirales","Lachnospiraceae","[Eubacterium] hallii group"
"ASV222","Bacteria","Firmicutes","Clostridia","Oscillospirales","Oscillospiraceae","UCG-005"
"ASV223","Bacteria","Firmicutes","Clostridia","Lachnospirales","Lachnospiraceae","Blautia"
"ASV224","Bacteria","Firmicutes","Clostridia","Peptostreptococcales-Tissierellales","Anaerovoracaceae","Family XIII AD3011 group"
"ASV225","Bacteria","Firmicutes","Clostridia","Oscillospirales","Oscillospiraceae","UCG-005"
"ASV226","Bacteria","Firmicutes","Clostridia","Peptostreptococcales-Tissierellales","Anaerovoracaceae","Mogibacterium"
"ASV227","Bacteria","Firmicutes","Clostridia","Oscillospirales","Oscillospiraceae","UCG-002"
"ASV228","Bacteria","Firmicutes","Clostridia","Christensenellales","Christensenellaceae","Christensenellaceae R-7 group"
"ASV229","Bacteria","Firmicutes","Clostridia","Christensenellales","Christensenellaceae","Christensenellaceae R-7 group"
"ASV230","Bacteria","Spirochaetota","Spirochaetia","Spirochaetales","Spirochaetaceae","Treponema"
"ASV231","Bacteria","Firmicutes","Clostridia","Lachnospirales","Lachnospiraceae","[Ruminococcus] gnavus group"
"ASV232","Bacteria","Firmicutes","Clostridia","Lachnospirales","Lachnospiraceae","Blautia"
"ASV233","Bacteria","Firmicutes","Bacilli","Lactobacillales","Streptococcaceae","Lactococcus"
"ASV234","Bacteria","Cyanobacteria","Vampirivibrionia","Gastranaerophilales",NA,NA
"ASV235","Bacteria","Actinobacteriota","Actinobacteria","Micrococcales","Micrococcaceae","Rothia"
"ASV236","Bacteria","Bacteroidota","Bacteroidia","Bacteroidales","Prevotellaceae","Alloprevotella"
"ASV237","Bacteria","Firmicutes","Clostridia","Oscillospirales","[Eubacterium] coprostanoligenes group",NA
"ASV238","Bacteria","Bacteroidota","Bacteroidia","Bacteroidales","Muribaculaceae",NA
"ASV239","Bacteria","Firmicutes","Clostridia","Oscillospirales","Oscillospiraceae","Colidextribacter"
"ASV240","Bacteria","Firmicutes","Clostridia","Lachnospirales","Lachnospiraceae","Lachnospiraceae ND3007 group"
"ASV241","Bacteria","Firmicutes","Bacilli","Erysipelotrichales","Erysipelatoclostridiaceae","Erysipelatoclostridium"
"ASV242","Bacteria","Firmicutes","Clostridia","Clostridiales","Clostridiaceae","Clostridium sensu stricto 1"
"ASV243","Bacteria","Firmicutes","Clostridia","Lachnospirales","Lachnospiraceae","Blautia"
"ASV244","Bacteria","Firmicutes","Clostridia","Christensenellales","Christensenellaceae","Christensenellaceae R-7 group"
"ASV245","Bacteria","Firmicutes","Clostridia","Peptostreptococcales-Tissierellales","Peptostreptococcaceae","Peptostreptococcus"
"ASV246","Bacteria","Bacteroidota","Bacteroidia","Bacteroidales","Prevotellaceae","Prevotella_9"
"ASV247","Bacteria","Firmicutes","Clostridia","Oscillospirales","[Eubacterium] coprostanoligenes group",NA
"ASV248","Bacteria","Actinobacteriota","Actinobacteria","Actinomycetales","Actinomycetaceae","Actinomyces"
"ASV249","Bacteria","Firmicutes","Clostridia","Peptococcales","Peptococcaceae","Peptococcus"
"ASV250","Bacteria","Firmicutes","Bacilli","Erysipelotrichales","Erysipelotrichaceae","[Clostridium] innocuum group"
"ASV251","Bacteria","Cyanobacteria","Vampirivibrionia","Gastranaerophilales",NA,NA
"ASV252","Bacteria","Firmicutes","Clostridia","Oscillospirales","Oscillospiraceae","NK4A214 group"
"ASV253","Bacteria","Firmicutes","Bacilli","Erysipelotrichales","Erysipelotrichaceae","Catenisphaera"
"ASV254","Bacteria","Actinobacteriota","Actinobacteria","Actinomycetales","Actinomycetaceae","Actinomyces"
"ASV255","Bacteria","Firmicutes","Clostridia","Lachnospirales","Lachnospiraceae","Dorea"
"ASV256","Bacteria","Firmicutes","Clostridia","Peptostreptococcales-Tissierellales","Anaerovoracaceae","Mogibacterium"
"ASV257","Bacteria","Firmicutes","Clostridia","Clostridia UCG-014",NA,NA
"ASV258","Bacteria","Firmicutes","Clostridia","Lachnospirales","Lachnospiraceae","Lachnospiraceae FCS020 group"
"ASV259","Bacteria","Firmicutes","Clostridia","Oscillospirales","Ruminococcaceae",NA
"ASV260","Bacteria","Firmicutes","Clostridia","Oscillospirales","[Eubacterium] coprostanoligenes group",NA
"ASV261","Bacteria","Firmicutes","Clostridia","Oscillospirales","[Eubacterium] coprostanoligenes group",NA
"ASV262","Bacteria","Firmicutes","Clostridia","Peptostreptococcales-Tissierellales","Anaerovoracaceae","Mogibacterium"
"ASV263","Bacteria","Firmicutes","Clostridia","Lachnospirales","Lachnospiraceae","Robinsoniella"
"ASV264","Bacteria","Actinobacteriota","Coriobacteriia","Coriobacteriales","Coriobacteriales Incertae Sedis",NA
"ASV265","Bacteria","Firmicutes","Bacilli","RF39",NA,NA
"ASV266","Bacteria","Firmicutes","Bacilli","RF39",NA,NA
"ASV267","Bacteria","Firmicutes","Clostridia","Clostridia UCG-014",NA,NA
"ASV268","Bacteria","Firmicutes","Clostridia","Clostridia UCG-014",NA,NA
"ASV269","Bacteria","Actinobacteriota","Coriobacteriia","Coriobacteriales","Eggerthellaceae","Senegalimassilia"
"ASV270","Bacteria","Firmicutes","Clostridia","Lachnospirales","Lachnospiraceae","Blautia"
"ASV271","Bacteria","Bacteroidota","Bacteroidia","Bacteroidales","Prevotellaceae","Prevotella_9"
"ASV272","Bacteria","Firmicutes","Clostridia","Clostridia UCG-014",NA,NA
"ASV273","Bacteria","Firmicutes","Clostridia","Lachnospirales","Lachnospiraceae","[Eubacterium] eligens group"
"ASV274","Bacteria","Bacteroidota","Bacteroidia","Bacteroidales","Bacteroidaceae","Bacteroides"
"ASV275","Bacteria","Firmicutes","Clostridia","Lachnospirales","Lachnospiraceae","Roseburia"
"ASV276","Bacteria","Firmicutes","Bacilli","Lactobacillales","Lactobacillaceae","Weissella"
"ASV277","Bacteria","Firmicutes","Clostridia","Lachnospirales","Lachnospiraceae","Coprococcus"
"ASV278","Bacteria","Firmicutes","Clostridia","Oscillospirales","Ruminococcaceae","Ruminococcus"
"ASV279","Bacteria","Firmicutes","Clostridia","Lachnospirales","Lachnospiraceae",NA
"ASV280","Bacteria","Firmicutes","Clostridia","Oscillospirales","Ruminococcaceae","CAG-352"
"ASV281","Bacteria","Firmicutes","Clostridia","Peptostreptococcales-Tissierellales","Family XI","Peptoniphilus"
"ASV282","Bacteria","Bacteroidota","Bacteroidia","Bacteroidales","Prevotellaceae","Alloprevotella"
"ASV283","Bacteria","Firmicutes","Clostridia","Lachnospirales","Lachnospiraceae",NA
"ASV284","Bacteria","Firmicutes","Clostridia","Clostridiales","Clostridiaceae","Sarcina"
"ASV285","Bacteria","Firmicutes","Clostridia","Oscillospirales","Oscillospiraceae","UCG-003"
"ASV286","Bacteria","Firmicutes","Bacilli","Bacillales","Planococcaceae","Chungangia"
"ASV287","Bacteria","Cyanobacteria","Vampirivibrionia","Gastranaerophilales",NA,NA
"ASV288","Bacteria","Firmicutes","Bacilli","RF39",NA,NA
"ASV289","Bacteria","Firmicutes","Clostridia","Lachnospirales","Lachnospiraceae",NA
"ASV290","Bacteria","Firmicutes","Bacilli","Lactobacillales","Enterococcaceae","Enterococcus"
"ASV291","Bacteria","Firmicutes","Clostridia","Oscillospirales","Ruminococcaceae","Ruminococcus"
"ASV292","Bacteria","Firmicutes","Clostridia","Christensenellales","Christensenellaceae","Christensenellaceae R-7 group"
"ASV293","Bacteria","Firmicutes","Clostridia","Peptococcales","Peptococcaceae",NA
"ASV294","Bacteria","Firmicutes","Bacilli","Lactobacillales","Streptococcaceae","Lactococcus"
"ASV295","Bacteria","Firmicutes","Clostridia","Lachnospirales","Lachnospiraceae","Agathobacter"
"ASV296","Bacteria","Actinobacteriota","Coriobacteriia","Coriobacteriales","Eggerthellaceae","Slackia"
"ASV297","Bacteria","Cyanobacteria","Vampirivibrionia","Gastranaerophilales",NA,NA
"ASV298","Bacteria","Firmicutes","Bacilli","RF39",NA,NA
"ASV299","Bacteria","Firmicutes","Clostridia","Eubacteriales","Eubacteriaceae","Eubacterium"
"ASV300","Bacteria","Firmicutes","Clostridia","Clostridiales","Clostridiaceae","Sarcina"
"ASV301","Bacteria","Firmicutes","Clostridia","Clostridia UCG-014",NA,NA
"ASV302","Bacteria","Firmicutes","Bacilli","Lactobacillales","Carnobacteriaceae","Granulicatella"
"ASV303","Bacteria","Firmicutes","Clostridia","Oscillospirales","[Eubacterium] coprostanoligenes group",NA
"ASV304","Bacteria","Firmicutes","Clostridia","Clostridiales","Clostridiaceae","Sarcina"
"ASV305","Bacteria","Firmicutes","Clostridia","Oscillospirales","Oscillospiraceae","NK4A214 group"
"ASV306","Bacteria","Firmicutes","Bacilli","Erysipelotrichales","Erysipelatoclostridiaceae","Catenibacterium"
"ASV307","Bacteria","Firmicutes","Clostridia","Oscillospirales","Oscillospiraceae","UCG-005"
"ASV308","Bacteria","Firmicutes","Bacilli","RF39",NA,NA
"ASV309","Bacteria","Firmicutes","Clostridia","Oscillospirales","Oscillospiraceae","UCG-005"
"ASV310","Bacteria","Firmicutes","Bacilli","RF39",NA,NA
"ASV311","Bacteria","Firmicutes","Bacilli","Erysipelotrichales","Erysipelotrichaceae","Holdemanella"
"ASV312","Bacteria","Actinobacteriota","Actinobacteria","Corynebacteriales","Corynebacteriaceae","Corynebacterium"
"ASV313","Bacteria","Firmicutes","Clostridia","Lachnospirales","Lachnospiraceae","Marvinbryantia"
"ASV314","Bacteria","Firmicutes","Bacilli","Erysipelotrichales","Erysipelotrichaceae","Turicibacter"
"ASV315","Bacteria","Bacteroidota","Bacteroidia","Bacteroidales","Tannerellaceae","Parabacteroides"
"ASV316","Bacteria","Firmicutes","Clostridia","Lachnospirales","Lachnospiraceae","Roseburia"
"ASV317","Bacteria","Actinobacteriota","Coriobacteriia","Coriobacteriales","Eggerthellaceae","CHKCI002"
"ASV318","Bacteria","Actinobacteriota","Coriobacteriia","Coriobacteriales","Atopobiaceae",NA
"ASV319","Bacteria","Spirochaetota","Spirochaetia","Spirochaetales","Spirochaetaceae","Treponema"
"ASV320","Bacteria","Firmicutes","Clostridia","Oscillospirales","[Eubacterium] coprostanoligenes group",NA
"ASV321","Bacteria","Actinobacteriota","Actinobacteria","Actinomycetales","Actinomycetaceae","Actinomyces"
"ASV322","Bacteria","Firmicutes","Clostridia","Lachnospirales","Lachnospiraceae",NA
"ASV323","Bacteria","Firmicutes","Bacilli","RF39",NA,NA
"ASV324","Bacteria","Firmicutes","Bacilli","Erysipelotrichales","Erysipelotrichaceae","Holdemanella"
"ASV325","Bacteria","Firmicutes","Clostridia","Christensenellales","Christensenellaceae","Christensenellaceae R-7 group"
"ASV326","Bacteria","Firmicutes","Clostridia","Lachnospirales","Lachnospiraceae","Blautia"
"ASV327","Bacteria","Firmicutes","Clostridia","Clostridiales","Clostridiaceae","Clostridium sensu stricto 1"
"ASV328","Bacteria","Firmicutes","Clostridia","Lachnospirales","Lachnospiraceae",NA
"ASV329","Bacteria","Firmicutes","Clostridia","Clostridiales","Clostridiaceae","Clostridium sensu stricto 1"
"ASV330","Bacteria","Firmicutes","Clostridia","Lachnospirales","Lachnospiraceae","[Eubacterium] ventriosum group"
"ASV331","Bacteria","Bacteroidota","Bacteroidia","Bacteroidales","Prevotellaceae","Prevotella"
"ASV332","Bacteria","Firmicutes","Clostridia","Peptostreptococcales-Tissierellales","Peptostreptococcaceae","Peptostreptococcus"
"ASV333","Bacteria","Cyanobacteria","Vampirivibrionia","Gastranaerophilales",NA,NA
"ASV334","Bacteria","Firmicutes","Clostridia","Peptostreptococcales-Tissierellales","Anaerovoracaceae","Mogibacterium"
"ASV335","Bacteria","Firmicutes","Bacilli","Erysipelotrichales","Erysipelatoclostridiaceae","Catenibacterium"
"ASV336","Bacteria","Firmicutes","Clostridia","Lachnospirales","Lachnospiraceae","Blautia"
"ASV337","Bacteria","Firmicutes","Clostridia","Lachnospirales","Lachnospiraceae",NA
"ASV338","Bacteria","Bacteroidota","Bacteroidia","Bacteroidales","Prevotellaceae",NA
"ASV340","Bacteria","Firmicutes","Bacilli","Erysipelotrichales","Erysipelatoclostridiaceae","Catenibacterium"
"ASV341","Bacteria","Bacteroidota","Bacteroidia","Bacteroidales","Prevotellaceae","Alloprevotella"
"ASV342","Bacteria","Actinobacteriota","Coriobacteriia","Coriobacteriales","Coriobacteriales Incertae Sedis",NA
"ASV343","Bacteria","Firmicutes","Clostridia","Clostridia UCG-014",NA,NA
"ASV344","Bacteria","Firmicutes","Clostridia","Clostridia UCG-014",NA,NA
"ASV345","Bacteria","Firmicutes","Bacilli","Bacillales","Bacillaceae","Bacillus"
"ASV346","Bacteria","Firmicutes","Clostridia","Clostridiales","Clostridiaceae","Clostridium sensu stricto 1"
"ASV347","Bacteria","Firmicutes","Bacilli","Lactobacillales","Enterococcaceae","Enterococcus"
"ASV348","Bacteria","Firmicutes","Bacilli","Erysipelotrichales","Erysipelotrichaceae","Holdemanella"
"ASV349","Bacteria","Firmicutes","Bacilli","RF39",NA,NA
"ASV350","Bacteria","Actinobacteriota","Actinobacteria","Bifidobacteriales","Bifidobacteriaceae","Bifidobacterium"
"ASV351","Bacteria","Firmicutes","Clostridia","Lachnospirales","Lachnospiraceae","Agathobacter"
"ASV352","Bacteria","Actinobacteriota","Actinobacteria","Corynebacteriales","Corynebacteriaceae","Corynebacterium"
"ASV353","Bacteria","Firmicutes","Clostridia","Lachnospirales","Lachnospiraceae","CAG-56"
"ASV354","Bacteria","Firmicutes","Clostridia","Oscillospirales","Ruminococcaceae","Subdoligranulum"
"ASV355","Bacteria","Bacteroidota","Bacteroidia","Bacteroidales","Rikenellaceae","Rikenellaceae RC9 gut group"
"ASV356","Bacteria","Firmicutes","Bacilli","RF39",NA,NA
"ASV357","Bacteria","Firmicutes","Bacilli","Erysipelotrichales","Erysipelotrichaceae","Solobacterium"
"ASV358","Bacteria","Firmicutes","Bacilli","Erysipelotrichales","Erysipelatoclostridiaceae","Catenibacterium"
"ASV359","Bacteria","Firmicutes","Clostridia","Oscillospirales","Ruminococcaceae","CAG-352"
"ASV360","Bacteria","Firmicutes","Clostridia","Clostridia UCG-014",NA,NA
"ASV361","Bacteria","Firmicutes","Bacilli","RF39",NA,NA
"ASV362","Bacteria","Firmicutes","Clostridia","Peptostreptococcales-Tissierellales","Peptostreptococcaceae","Romboutsia"
"ASV363","Bacteria","Cyanobacteria","Vampirivibrionia","Gastranaerophilales",NA,NA
"ASV364","Bacteria","Firmicutes","Clostridia","Oscillospirales","[Eubacterium] coprostanoligenes group",NA
"ASV365","Bacteria","Firmicutes","Bacilli","RF39",NA,NA
"ASV366","Bacteria","Firmicutes","Clostridia","Oscillospirales","Ruminococcaceae",NA
"ASV367","Bacteria","Actinobacteriota","Coriobacteriia","Coriobacteriales","Atopobiaceae","Libanicoccus"
"ASV368","Bacteria","Firmicutes","Clostridia","Clostridia UCG-014",NA,NA
"ASV369","Bacteria","Firmicutes","Bacilli","Erysipelotrichales","Erysipelotrichaceae","Erysipelotrichaceae UCG-006"
"ASV370","Bacteria","Firmicutes","Clostridia","Lachnospirales","Lachnospiraceae",NA
"ASV371","Bacteria","Actinobacteriota","Coriobacteriia","Coriobacteriales","Coriobacteriales Incertae Sedis","Raoultibacter"
"ASV372","Bacteria","Firmicutes","Bacilli","Erysipelotrichales","Erysipelatoclostridiaceae","Erysipelatoclostridium"
"ASV373","Bacteria","Firmicutes","Clostridia","Oscillospirales","Ruminococcaceae","Faecalibacterium"
"ASV374","Bacteria","Firmicutes","Clostridia","Oscillospirales","Oscillospiraceae","UCG-005"
"ASV375","Bacteria","Firmicutes","Clostridia","Clostridia UCG-014",NA,NA
"ASV376","Bacteria","Firmicutes","Bacilli","Erysipelotrichales","Erysipelotrichaceae",NA
"ASV377","Bacteria","Firmicutes","Clostridia","Lachnospirales","Lachnospiraceae",NA
"ASV378","Bacteria","Firmicutes","Clostridia","Lachnospirales","Lachnospiraceae","Blautia"
"ASV379","Bacteria","Firmicutes","Bacilli","Erysipelotrichales","Erysipelatoclostridiaceae","Catenibacterium"
"ASV380","Bacteria","Firmicutes","Clostridia","Christensenellales","Christensenellaceae",NA
"ASV381","Bacteria","Bacteroidota","Bacteroidia","Bacteroidales","Prevotellaceae","Prevotella_7"
"ASV382","Bacteria","Firmicutes","Clostridia","Lachnospirales","Lachnospiraceae",NA
"ASV383","Bacteria","Bacteroidota","Bacteroidia","Bacteroidales","Bacteroidaceae","Bacteroides"
"ASV384","Bacteria","Cyanobacteria","Vampirivibrionia","Gastranaerophilales",NA,NA
"ASV385","Bacteria","Bacteroidota","Bacteroidia","Bacteroidales","Prevotellaceae","Prevotella"
"ASV386","Bacteria","Firmicutes","Clostridia","Oscillospirales","UCG-010",NA
"ASV387","Bacteria","Bacteroidota","Bacteroidia","Bacteroidales","Prevotellaceae","Prevotella"
"ASV388","Bacteria","Firmicutes","Clostridia","Oscillospirales","Ruminococcaceae","Ruminococcus"
"ASV389","Bacteria","Firmicutes","Clostridia","Peptostreptococcales-Tissierellales","Family XI","Peptoniphilus"
"ASV390","Bacteria","Firmicutes","Bacilli","RF39",NA,NA
"ASV391","Bacteria","Firmicutes","Clostridia","Lachnospirales","Lachnospiraceae","[Eubacterium] hallii group"
"ASV392","Bacteria","Firmicutes","Clostridia","Clostridia UCG-014",NA,NA
"ASV393","Bacteria","Firmicutes","Clostridia","Lachnospirales","Lachnospiraceae","Blautia"
"ASV394","Bacteria","Bacteroidota","Bacteroidia","Bacteroidales","Prevotellaceae","Prevotella"
"ASV395","Bacteria","Firmicutes","Clostridia","Oscillospirales","[Eubacterium] coprostanoligenes group",NA
"ASV396","Bacteria","Firmicutes","Clostridia","Oscillospirales","Ruminococcaceae","Subdoligranulum"
"ASV397","Bacteria","Bacteroidota","Bacteroidia","Bacteroidales","Rikenellaceae","Alistipes"
"ASV398","Bacteria","Firmicutes","Clostridia","Lachnospirales","Lachnospiraceae","[Eubacterium] hallii group"
"ASV399","Bacteria","Firmicutes","Clostridia","Oscillospirales","Ruminococcaceae","Subdoligranulum"
"ASV400","Bacteria","Firmicutes","Clostridia","Lachnospirales","Lachnospiraceae","Lachnospiraceae UCG-001"
"ASV401","Bacteria","Firmicutes","Bacilli","RF39",NA,NA
"ASV402","Bacteria","Actinobacteriota","Coriobacteriia","Coriobacteriales","Coriobacteriaceae","Collinsella"
"ASV403","Bacteria","Actinobacteriota","Coriobacteriia","Coriobacteriales","Eggerthellaceae","Adlercreutzia"
"ASV404","Bacteria","Actinobacteriota","Coriobacteriia","Coriobacteriales","Eggerthellaceae","Enterorhabdus"
"ASV405","Bacteria","Firmicutes","Clostridia","Clostridiales","Clostridiaceae","Clostridium sensu stricto 1"
"ASV406","Bacteria","Firmicutes","Bacilli","RF39",NA,NA
"ASV407","Bacteria","Firmicutes","Clostridia","Oscillospirales","Ruminococcaceae","Faecalibacterium"
"ASV408","Bacteria","Firmicutes","Clostridia","Clostridiales","Clostridiaceae","Clostridium sensu stricto 1"
"ASV409","Bacteria","Bacteroidota","Bacteroidia","Bacteroidales","Prevotellaceae","Prevotella"
"ASV410","Bacteria","Actinobacteriota","Actinobacteria","Micrococcales","Micrococcaceae","Rothia"
"ASV411","Bacteria","Firmicutes","Clostridia","Lachnospirales","Lachnospiraceae","[Eubacterium] hallii group"
"ASV412","Bacteria","Bacteroidota","Bacteroidia","Bacteroidales","Bacteroidaceae","Bacteroides"
"ASV413","Bacteria","Firmicutes","Bacilli","Bacillales","Bacillaceae","Ureibacillus"
"ASV414","Bacteria","Firmicutes","Clostridia","Oscillospirales","Butyricicoccaceae","UCG-009"
"ASV415","Bacteria","Firmicutes","Clostridia","Oscillospirales","Ruminococcaceae","Faecalibacterium"
"ASV416","Bacteria","Firmicutes","Bacilli","Brevibacillales","Brevibacillaceae","Brevibacillus"
"ASV417","Bacteria","Verrucomicrobiota","Verrucomicrobiae","Verrucomicrobiales","Akkermansiaceae","Akkermansia"
"ASV418","Bacteria","Firmicutes","Negativicutes","Acidaminococcales","Acidaminococcaceae","Phascolarctobacterium"
"ASV419","Bacteria","Firmicutes","Clostridia","Monoglobales","Monoglobaceae","Monoglobus"
"ASV420","Bacteria","Firmicutes","Clostridia","Clostridia UCG-014",NA,NA
"ASV421","Bacteria","Desulfobacterota","Desulfovibrionia","Desulfovibrionales","Desulfovibrionaceae","Desulfovibrio"
"ASV422","Bacteria","Firmicutes","Bacilli","RF39",NA,NA
"ASV423","Bacteria","Firmicutes","Clostridia","Oscillospirales","Oscillospiraceae","NK4A214 group"
"ASV424","Bacteria","Actinobacteriota","Coriobacteriia","Coriobacteriales","Atopobiaceae","Libanicoccus"
"ASV425","Bacteria","Firmicutes","Clostridia","Lachnospirales","Lachnospiraceae","[Eubacterium] hallii group"
"ASV426","Bacteria","Firmicutes","Clostridia","Lachnospirales","Lachnospiraceae","Lachnospiraceae NK3A20 group"
"ASV427","Bacteria","Firmicutes","Clostridia","Oscillospirales","Ruminococcaceae","Faecalibacterium"
"ASV428","Bacteria","Actinobacteriota","Actinobacteria","Micrococcales","Micrococcaceae","Rothia"
"ASV429","Bacteria","Bacteroidota","Bacteroidia","Bacteroidales","Prevotellaceae","Prevotella"
"ASV430","Bacteria","Firmicutes","Clostridia","Oscillospirales","Oscillospiraceae","NK4A214 group"
"ASV431","Bacteria","Actinobacteriota","Coriobacteriia","Coriobacteriales","Atopobiaceae","Olsenella"
"ASV432","Bacteria","Actinobacteriota","Coriobacteriia","Coriobacteriales","Eggerthellaceae","Enterorhabdus"
"ASV433","Bacteria","Firmicutes","Clostridia","Lachnospirales","Lachnospiraceae","Lachnospiraceae AC2044 group"
"ASV434","Bacteria","Firmicutes","Clostridia","Clostridiales","Clostridiaceae","Clostridium sensu stricto 1"
"ASV435","Bacteria","Bacteroidota","Bacteroidia","Bacteroidales","Prevotellaceae",NA
"ASV436","Bacteria","Firmicutes","Bacilli","Erysipelotrichales","Erysipelatoclostridiaceae","Catenibacterium"
"ASV437","Bacteria","Proteobacteria","Gammaproteobacteria","Enterobacterales","Pasteurellaceae","Haemophilus"
"ASV438","Bacteria","Firmicutes","Clostridia","Lachnospirales","Lachnospiraceae","Blautia"
"ASV439","Bacteria","Firmicutes","Bacilli","Lactobacillales","Streptococcaceae","Streptococcus"
"ASV440","Bacteria","Actinobacteriota","Coriobacteriia","Coriobacteriales","Eggerthellaceae",NA
"ASV441","Bacteria","Firmicutes","Clostridia","Lachnospirales","Lachnospiraceae","Roseburia"
"ASV442","Bacteria","Bacteroidota","Bacteroidia","Bacteroidales","Muribaculaceae",NA
"ASV443","Bacteria","Firmicutes","Clostridia","Christensenellales","Christensenellaceae","Christensenellaceae R-7 group"
"ASV444","Bacteria","Firmicutes","Bacilli","Erysipelotrichales","Erysipelatoclostridiaceae","Catenibacterium"
"ASV445","Bacteria","Firmicutes","Clostridia","Christensenellales","Christensenellaceae","Christensenellaceae R-7 group"
"ASV447","Bacteria","Firmicutes","Clostridia","Oscillospirales","Ruminococcaceae","Ruminococcus"
"ASV448","Bacteria","Bacteroidota","Bacteroidia","Bacteroidales","Prevotellaceae",NA
"ASV449","Bacteria","Bacteroidota","Bacteroidia","Bacteroidales","Prevotellaceae","Prevotella_9"
"ASV450","Bacteria","Firmicutes","Clostridia","Oscillospirales","Ruminococcaceae",NA
"ASV451","Bacteria","Fusobacteriota","Fusobacteriia","Fusobacteriales","Fusobacteriaceae","Fusobacterium"
"ASV452","Bacteria","Firmicutes","Clostridia","Lachnospirales","Lachnospiraceae","Dorea"
"ASV453","Bacteria","Firmicutes","Clostridia","Clostridia UCG-014",NA,NA
"ASV454","Bacteria","Firmicutes","Clostridia","Lachnospirales","Lachnospiraceae","Dorea"
"ASV456","Bacteria","Firmicutes","Bacilli","Erysipelotrichales","Erysipelatoclostridiaceae","Erysipelotrichaceae UCG-003"
"ASV457","Bacteria","Firmicutes","Bacilli","Erysipelotrichales","Erysipelotrichaceae","Catenisphaera"
"ASV458","Bacteria","Bacteroidota","Bacteroidia","Bacteroidales","Rikenellaceae","Rikenellaceae RC9 gut group"
"ASV459","Bacteria","Firmicutes","Bacilli","RF39",NA,NA
"ASV460","Bacteria","Firmicutes","Bacilli","Erysipelotrichales","Erysipelatoclostridiaceae","Catenibacterium"
"ASV461","Bacteria","Firmicutes","Bacilli","RF39",NA,NA
"ASV462","Bacteria","Firmicutes","Bacilli","Erysipelotrichales","Erysipelatoclostridiaceae","Catenibacterium"
"ASV463","Bacteria","Bacteroidota","Bacteroidia","Bacteroidales","Bacteroidaceae","Bacteroides"
"ASV464","Bacteria","Firmicutes","Clostridia","Lachnospirales","Lachnospiraceae",NA
"ASV465","Bacteria","Verrucomicrobiota","Verrucomicrobiae","Verrucomicrobiales","Akkermansiaceae","Akkermansia"
"ASV466","Bacteria","Firmicutes","Negativicutes","Veillonellales-Selenomonadales","Selenomonadaceae","Mitsuokella"
"ASV467","Bacteria","Actinobacteriota","Coriobacteriia","Coriobacteriales",NA,NA
"ASV468","Bacteria","Firmicutes","Clostridia","Clostridiales","Clostridiaceae","Clostridium sensu stricto 1"
"ASV469","Bacteria","Firmicutes","Clostridia","Lachnospirales","Lachnospiraceae",NA
"ASV470","Bacteria","Firmicutes","Clostridia","Lachnospirales","Lachnospiraceae","Lachnoclostridium"
"ASV471","Bacteria","Firmicutes","Clostridia","Clostridia UCG-014",NA,NA
"ASV472","Bacteria","Firmicutes","Clostridia",NA,NA,NA
"ASV473","Bacteria","Firmicutes","Bacilli","Lactobacillales","Streptococcaceae","Streptococcus"
"ASV474","Bacteria","Firmicutes","Clostridia","Oscillospirales","Oscillospiraceae","NK4A214 group"
"ASV475","Bacteria","Bacteroidota","Bacteroidia","Bacteroidales","Prevotellaceae","Prevotella_9"
"ASV476","Bacteria","Firmicutes","Clostridia","Oscillospirales","Ruminococcaceae","Subdoligranulum"
"ASV477","Bacteria","Firmicutes","Clostridia","Lachnospirales","Lachnospiraceae","Roseburia"
"ASV478","Bacteria","Firmicutes","Clostridia","Lachnospirales","Lachnospiraceae","Lachnospira"
"ASV479","Bacteria","Actinobacteriota","Coriobacteriia","Coriobacteriales","Eggerthellaceae","Eggerthella"
"ASV480","Bacteria","Firmicutes","Bacilli","Erysipelotrichales","Erysipelatoclostridiaceae","Erysipelotrichaceae UCG-003"
"ASV481","Bacteria","Firmicutes","Clostridia","Oscillospirales","Ruminococcaceae","CAG-352"
"ASV482","Bacteria","Firmicutes","Clostridia","Clostridia UCG-014",NA,NA
"ASV483","Bacteria","Firmicutes","Bacilli","Erysipelotrichales","Erysipelatoclostridiaceae","Catenibacterium"
"ASV484","Bacteria","Firmicutes","Clostridia","Peptostreptococcales-Tissierellales","Peptostreptococcaceae","Romboutsia"
"ASV485","Bacteria","Firmicutes","Bacilli","RF39",NA,NA
"ASV486","Bacteria","Firmicutes","Clostridia","Lachnospirales","Lachnospiraceae","Agathobacter"
"ASV487","Bacteria","Firmicutes","Clostridia","Lachnospirales","Lachnospiraceae","Oribacterium"
"ASV488","Bacteria","Firmicutes","Clostridia","Clostridia UCG-014",NA,NA
"ASV489","Bacteria","Firmicutes","Clostridia","Oscillospirales","Oscillospiraceae","UCG-002"
"ASV490","Bacteria","Firmicutes","Clostridia","Oscillospirales","[Eubacterium] coprostanoligenes group",NA
"ASV491","Bacteria","Actinobacteriota","Coriobacteriia","Coriobacteriales","Coriobacteriaceae","Collinsella"
"ASV492","Bacteria","Firmicutes","Clostridia","Christensenellales","Christensenellaceae","Christensenellaceae R-7 group"
"ASV493","Bacteria","Firmicutes","Bacilli","Erysipelotrichales","Erysipelatoclostridiaceae","Catenibacterium"
"ASV494","Bacteria","Firmicutes","Clostridia","Peptostreptococcales-Tissierellales","Peptostreptococcaceae","Romboutsia"
"ASV495","Bacteria","Firmicutes","Clostridia","Oscillospirales","Oscillospiraceae","UCG-005"
"ASV497","Bacteria","Actinobacteriota","Actinobacteria","Actinomycetales","Actinomycetaceae","Actinomyces"
"ASV498","Bacteria","Firmicutes","Clostridia","Oscillospirales","Ruminococcaceae","Ruminococcus"
"ASV499","Bacteria","Firmicutes","Clostridia","Clostridiales","Clostridiaceae","Clostridium sensu stricto 1"
"ASV500","Bacteria","Firmicutes","Clostridia","Lachnospirales","Lachnospiraceae","[Ruminococcus] torques group"
"ASV501","Bacteria","Firmicutes","Clostridia","Monoglobales","Monoglobaceae","Monoglobus"
"ASV502","Bacteria","Bacteroidota","Bacteroidia","Bacteroidales","Prevotellaceae","Prevotella"
"ASV503","Bacteria","Bacteroidota","Bacteroidia","Bacteroidales","Prevotellaceae","Prevotella_9"
"ASV504","Bacteria","Firmicutes","Bacilli","Erysipelotrichales","Erysipelotrichaceae","Holdemanella"
"ASV505","Bacteria","Firmicutes","Clostridia","Peptostreptococcales-Tissierellales","Peptostreptococcaceae","Romboutsia"
"ASV506","Bacteria","Firmicutes","Bacilli","Lactobacillales","Lactobacillaceae","Ligilactobacillus"
"ASV507","Bacteria","Bacteroidota","Bacteroidia","Bacteroidales","Prevotellaceae","Alloprevotella"
"ASV508","Bacteria","Firmicutes","Clostridia","Clostridia UCG-014",NA,NA
"ASV509","Bacteria","Firmicutes","Bacilli","Lactobacillales","Lactobacillaceae","Limosilactobacillus"
"ASV510","Bacteria","Firmicutes","Bacilli","RF39",NA,NA
"ASV511","Bacteria","Bacteroidota","Bacteroidia","Bacteroidales","Bacteroidaceae","Bacteroides"
"ASV512","Bacteria","Actinobacteriota","Actinobacteria","Bifidobacteriales","Bifidobacteriaceae","Pseudoscardovia"
"ASV513","Bacteria","Firmicutes","Bacilli","Lactobacillales","Lactobacillaceae","Ligilactobacillus"
"ASV514","Bacteria","Firmicutes","Clostridia","Lachnospirales","Lachnospiraceae","[Eubacterium] xylanophilum group"
"ASV515","Bacteria","Firmicutes","Clostridia","Oscillospirales","[Eubacterium] coprostanoligenes group",NA
"ASV516","Bacteria","Firmicutes","Negativicutes","Veillonellales-Selenomonadales","Selenomonadaceae","Mitsuokella"
"ASV517","Bacteria","Bacteroidota","Bacteroidia","Bacteroidales","Bacteroidaceae","Bacteroides"
"ASV518","Bacteria","Firmicutes","Clostridia","Lachnospirales","Lachnospiraceae","Hungatella"
"ASV519","Bacteria","Firmicutes","Clostridia","Lachnospirales","Lachnospiraceae","Anaerostipes"
"ASV520","Bacteria","Firmicutes","Clostridia","Christensenellales","Christensenellaceae","Christensenellaceae R-7 group"
"ASV521","Bacteria","Firmicutes","Clostridia","Lachnospirales","Lachnospiraceae","Dorea"
"ASV522","Bacteria","Firmicutes","Clostridia","Lachnospirales","Lachnospiraceae","Lachnospiraceae NK4A136 group"
"ASV523","Bacteria","Cyanobacteria","Vampirivibrionia","Gastranaerophilales",NA,NA
"ASV524","Bacteria","Firmicutes","Clostridia","Christensenellales","Christensenellaceae","Christensenellaceae R-7 group"
"ASV525","Bacteria","Firmicutes","Clostridia","Peptostreptococcales-Tissierellales","Peptostreptococcaceae","Romboutsia"
"ASV526","Bacteria","Firmicutes","Clostridia","Clostridiales","Clostridiaceae","Clostridium sensu stricto 1"
"ASV528","Bacteria","Firmicutes","Clostridia","Lachnospirales","Lachnospiraceae","Roseburia"
"ASV529","Bacteria","Cyanobacteria","Vampirivibrionia","Gastranaerophilales",NA,NA
"ASV530","Bacteria","Firmicutes","Clostridia","Oscillospirales","Oscillospiraceae","NK4A214 group"
"ASV531","Bacteria","Proteobacteria","Gammaproteobacteria","Burkholderiales","Comamonadaceae",NA
"ASV532","Bacteria","Bacteroidota","Bacteroidia","Bacteroidales","Muribaculaceae","CAG-873"
"ASV533","Bacteria","Firmicutes","Bacilli","Lactobacillales","Streptococcaceae","Streptococcus"
"ASV534","Bacteria","Firmicutes","Clostridia","Lachnospirales","Lachnospiraceae","Blautia"
"ASV535","Bacteria","Firmicutes","Clostridia","Oscillospirales","Oscillospiraceae","UCG-005"
"ASV536","Bacteria","Firmicutes","Clostridia","Christensenellales","Christensenellaceae",NA
"ASV537","Bacteria","Firmicutes","Clostridia","Clostridia UCG-014",NA,NA
"ASV538","Bacteria","Firmicutes","Bacilli","Erysipelotrichales","Erysipelotrichaceae","Holdemanella"
"ASV539","Bacteria","Firmicutes","Bacilli","Lactobacillales","Lactobacillaceae","HT002"
"ASV540","Bacteria","Firmicutes","Clostridia","Peptostreptococcales-Tissierellales","Peptostreptococcaceae","Romboutsia"
"ASV541","Bacteria","Firmicutes","Clostridia","Clostridia UCG-014",NA,NA
"ASV542","Bacteria","Firmicutes","Bacilli","Lactobacillales","Streptococcaceae","Streptococcus"
"ASV543","Bacteria","Firmicutes","Clostridia","Oscillospirales","Ruminococcaceae","Subdoligranulum"
"ASV544","Bacteria","Firmicutes","Clostridia","Lachnospirales","Lachnospiraceae","[Eubacterium] eligens group"
"ASV545","Bacteria","Firmicutes","Clostridia","Clostridiales","Clostridiaceae","Clostridium sensu stricto 1"
"ASV546","Bacteria","Firmicutes","Clostridia","Lachnospirales","Lachnospiraceae","Blautia"
"ASV547","Bacteria","Firmicutes","Clostridia","Clostridiales","Clostridiaceae","Clostridium sensu stricto 1"
"ASV548","Bacteria","Firmicutes","Bacilli","Erysipelotrichales","Erysipelotrichaceae","Holdemanella"
"ASV549","Bacteria","Firmicutes","Clostridia","Peptostreptococcales-Tissierellales","Family XI","Finegoldia"
"ASV550","Bacteria","Bacteroidota","Bacteroidia","Bacteroidales","Prevotellaceae","Prevotella_9"
"ASV551","Bacteria","Firmicutes","Clostridia","Oscillospirales","Oscillospiraceae","NK4A214 group"
"ASV552","Bacteria","Bacteroidota","Bacteroidia","Bacteroidales","Bacteroidaceae","Bacteroides"
"ASV553","Bacteria","Firmicutes","Clostridia","Peptostreptococcales-Tissierellales","Anaerovoracaceae","Mogibacterium"
"ASV554","Bacteria","Firmicutes","Clostridia","Lachnospirales","Lachnospiraceae","Blautia"
"ASV555","Bacteria","Firmicutes","Clostridia","Oscillospirales","Ruminococcaceae","Fournierella"
"ASV556","Bacteria","Bacteroidota","Bacteroidia","Bacteroidales","Prevotellaceae","Prevotella_9"
"ASV557","Bacteria","Firmicutes","Bacilli","RF39",NA,NA
"ASV559","Bacteria","Firmicutes","Clostridia","Clostridia UCG-014",NA,NA
"ASV560","Bacteria","Firmicutes","Bacilli","Erysipelotrichales","Erysipelotrichaceae","Holdemanella"
"ASV561","Bacteria","Firmicutes","Clostridia","Lachnospirales","Lachnospiraceae",NA
"ASV562","Bacteria","Firmicutes","Clostridia","Clostridia UCG-014",NA,NA
"ASV563","Bacteria","Firmicutes","Bacilli","RF39",NA,NA
"ASV564","Bacteria","Firmicutes","Bacilli","Erysipelotrichales","Erysipelotrichaceae","Holdemanella"
"ASV565","Bacteria","Firmicutes","Bacilli","RF39",NA,NA
"ASV566","Bacteria","Firmicutes","Bacilli","Lactobacillales","Lactobacillaceae","Weissella"
"ASV567","Bacteria","Firmicutes","Clostridia","Oscillospirales","Ruminococcaceae","Subdoligranulum"
"ASV568","Bacteria","Firmicutes","Clostridia","Peptostreptococcales-Tissierellales","Anaerovoracaceae","Family XIII AD3011 group"
"ASV569","Bacteria","Firmicutes","Clostridia","Peptostreptococcales-Tissierellales","Peptostreptococcaceae","Terrisporobacter"
"ASV570","Bacteria","Firmicutes","Clostridia","Lachnospirales","Lachnospiraceae","Lachnospiraceae UCG-003"
"ASV571","Bacteria","Firmicutes","Clostridia","Oscillospirales","Ruminococcaceae","Negativibacillus"
"ASV572","Bacteria","Actinobacteriota","Coriobacteriia","Coriobacteriales","Atopobiaceae","Atopobium"
"ASV573","Bacteria","Firmicutes","Bacilli","Erysipelotrichales","Erysipelotrichaceae","Holdemanella"
"ASV574","Bacteria","Firmicutes","Clostridia","Clostridiales","Clostridiaceae","Clostridium sensu stricto 1"
"ASV575","Bacteria","Firmicutes","Bacilli","Erysipelotrichales","Erysipelotrichaceae","Faecalitalea"
"ASV576","Bacteria","Firmicutes","Clostridia","Clostridiales","Clostridiaceae","Clostridium sensu stricto 1"
"ASV577","Bacteria","Firmicutes","Clostridia","Oscillospirales","Oscillospiraceae","Colidextribacter"
"ASV578","Bacteria","Firmicutes","Clostridia","Peptostreptococcales-Tissierellales","Anaerovoracaceae","[Eubacterium] nodatum group"
"ASV579","Bacteria","Firmicutes","Clostridia","Oscillospirales","Ruminococcaceae","Ruminococcus"
"ASV580","Bacteria","Bacteroidota","Bacteroidia","Bacteroidales","Muribaculaceae",NA
"ASV581","Bacteria","Firmicutes","Clostridia","Lachnospirales","Lachnospiraceae","Agathobacter"
"ASV582","Bacteria","Firmicutes","Bacilli","Erysipelotrichales","Erysipelotrichaceae","Holdemanella"
"ASV583","Bacteria","Firmicutes","Clostridia","Oscillospirales","Ruminococcaceae","Ruminococcus"
"ASV584","Bacteria","Firmicutes","Clostridia","Clostridia UCG-014",NA,NA
"ASV585","Bacteria","Actinobacteriota","Coriobacteriia","Coriobacteriales","Coriobacteriaceae","Collinsella"
"ASV586","Bacteria","Firmicutes","Clostridia","Lachnospirales","Lachnospiraceae","Roseburia"
"ASV587","Bacteria","Firmicutes","Bacilli","Lactobacillales","Lactobacillaceae","Ligilactobacillus"
"ASV588","Bacteria","Firmicutes","Bacilli","Erysipelotrichales","Erysipelatoclostridiaceae","Erysipelotrichaceae UCG-003"
"ASV589","Bacteria","Firmicutes","Clostridia","Peptostreptococcales-Tissierellales","Peptostreptococcaceae","Paraclostridium"
"ASV590","Bacteria","Firmicutes","Clostridia","Oscillospirales","UCG-010",NA
"ASV591","Bacteria","Firmicutes","Clostridia","Lachnospirales","Lachnospiraceae","Dorea"
"ASV592","Bacteria","Firmicutes","Clostridia","Clostridia UCG-014",NA,NA
"ASV593","Bacteria","Firmicutes","Clostridia","Peptococcales","Peptococcaceae","Peptococcus"
"ASV594","Bacteria","Cyanobacteria","Vampirivibrionia","Gastranaerophilales",NA,NA
"ASV595","Bacteria","Firmicutes","Clostridia","Oscillospirales","Ruminococcaceae","Ruminococcus"
"ASV596","Bacteria","Firmicutes","Clostridia","Clostridia UCG-014",NA,NA
"ASV597","Bacteria","Firmicutes","Clostridia","Clostridia UCG-014",NA,NA
"ASV598","Bacteria","Firmicutes","Clostridia","Oscillospirales","Ruminococcaceae","Subdoligranulum"
"ASV599","Bacteria","Firmicutes","Clostridia","Clostridiales","Clostridiaceae","Sarcina"
"ASV600","Bacteria","Firmicutes","Clostridia","Lachnospirales","Lachnospiraceae","Oribacterium"
"ASV601","Bacteria","Firmicutes","Clostridia","Christensenellales","Christensenellaceae",NA
"ASV602","Bacteria","Actinobacteriota","Coriobacteriia","Coriobacteriales","Eggerthellaceae","CHKCI002"
"ASV603","Bacteria","Bacteroidota","Bacteroidia","Bacteroidales","Muribaculaceae",NA
"ASV604","Bacteria","Firmicutes","Clostridia","Oscillospirales","[Eubacterium] coprostanoligenes group",NA
"ASV605","Bacteria","Firmicutes","Clostridia","Clostridiales","Clostridiaceae","Sarcina"
"ASV606","Bacteria","Firmicutes","Clostridia","Lachnospirales","Lachnospiraceae","[Ruminococcus] torques group"
"ASV607","Bacteria","Bacteroidota","Bacteroidia","Bacteroidales","Prevotellaceae","Prevotella_9"
"ASV608","Bacteria","Firmicutes","Clostridia","Lachnospirales","Lachnospiraceae",NA
"ASV609","Bacteria","Bacteroidota","Bacteroidia","Bacteroidales","Rikenellaceae","Rikenellaceae RC9 gut group"
"ASV610","Bacteria","Firmicutes","Bacilli","Erysipelotrichales","Erysipelatoclostridiaceae","Catenibacterium"
"ASV611","Bacteria","Firmicutes","Bacilli","RF39",NA,NA
"ASV612","Bacteria","Firmicutes","Clostridia","Clostridia UCG-014",NA,NA
"ASV613","Bacteria","Firmicutes","Clostridia","Oscillospirales","UCG-010",NA
"ASV614","Bacteria","Firmicutes","Clostridia","Oscillospirales","Ruminococcaceae","Ruminococcus"
"ASV615","Bacteria","Firmicutes","Clostridia","Lachnospirales","Lachnospiraceae","[Ruminococcus] torques group"
"ASV616","Bacteria","Firmicutes","Bacilli","RF39",NA,NA
"ASV617","Bacteria","Firmicutes","Clostridia","Lachnospirales","Lachnospiraceae","Lachnospiraceae UCG-001"
"ASV618","Bacteria","Firmicutes","Clostridia","Lachnospirales","Lachnospiraceae","[Ruminococcus] gauvreauii group"
"ASV619","Bacteria","Firmicutes","Clostridia","Oscillospirales","UCG-010",NA
"ASV620","Bacteria","Actinobacteriota","Coriobacteriia","Coriobacteriales","Coriobacteriaceae","Collinsella"
"ASV621","Bacteria","Bacteroidota","Bacteroidia","Bacteroidales","Prevotellaceae","Prevotella"
"ASV622","Bacteria","Firmicutes","Clostridia","Lachnospirales","Lachnospiraceae","[Ruminococcus] torques group"
"ASV623","Bacteria","Firmicutes","Clostridia","Oscillospirales","Ruminococcaceae","UBA1819"
"ASV624","Bacteria","Firmicutes","Negativicutes","Veillonellales-Selenomonadales","Veillonellaceae","Veillonella"
"ASV625","Bacteria","Firmicutes","Clostridia","Clostridia UCG-014",NA,NA
"ASV626","Bacteria","Proteobacteria","Gammaproteobacteria","Enterobacterales","Enterobacteriaceae","Escherichia-Shigella"
"ASV627","Bacteria","Firmicutes","Clostridia","Clostridiales","Clostridiaceae","Clostridium sensu stricto 1"
"ASV628","Bacteria","Firmicutes","Clostridia","Lachnospirales","Lachnospiraceae","Blautia"
"ASV629","Bacteria","Firmicutes","Bacilli","Lactobacillales","Streptococcaceae","Streptococcus"
"ASV630","Bacteria","Firmicutes","Clostridia","Oscillospirales","Oscillospiraceae","UCG-005"
"ASV631","Bacteria","Firmicutes","Clostridia","Clostridia UCG-014",NA,NA
"ASV632","Bacteria","Firmicutes","Bacilli","RF39",NA,NA
"ASV633","Bacteria","Firmicutes","Clostridia","Oscillospirales","[Eubacterium] coprostanoligenes group",NA
"ASV634","Bacteria","Firmicutes","Clostridia","Lachnospirales","Lachnospiraceae","[Eubacterium] hallii group"
"ASV635","Bacteria","Firmicutes","Clostridia","Clostridia UCG-014",NA,NA
"ASV636","Bacteria","Firmicutes","Clostridia","Oscillospirales","Ruminococcaceae","Pygmaiobacter"
"ASV637","Bacteria","Firmicutes","Clostridia","Peptostreptococcales-Tissierellales","Anaerovoracaceae","Mogibacterium"
"ASV638","Bacteria","Firmicutes","Bacilli","Erysipelotrichales","Erysipelotrichaceae","Solobacterium"
"ASV639","Bacteria","Firmicutes","Clostridia","Lachnospirales","Lachnospiraceae","Blautia"
"ASV640","Bacteria","Firmicutes","Bacilli","RF39",NA,NA
"ASV641","Bacteria","Firmicutes","Clostridia","Lachnospirales","Lachnospiraceae","[Eubacterium] ventriosum group"
"ASV642","Bacteria","Firmicutes","Bacilli","Erysipelotrichales","Erysipelatoclostridiaceae","Erysipelotrichaceae UCG-003"
"ASV643","Bacteria","Firmicutes","Clostridia","Lachnospirales","Lachnospiraceae","[Eubacterium] hallii group"
"ASV644","Bacteria","Bacteroidota","Bacteroidia","Bacteroidales","Bacteroidaceae","Bacteroides"
"ASV645","Bacteria","Firmicutes","Bacilli","Lactobacillales","Streptococcaceae","Streptococcus"
"ASV646","Bacteria","Firmicutes","Clostridia","Lachnospirales","Lachnospiraceae","Dorea"
"ASV647","Bacteria","Firmicutes","Clostridia","Clostridia UCG-014",NA,NA
"ASV648","Bacteria","Firmicutes","Clostridia","Lachnospirales","Lachnospiraceae","Dorea"
"ASV649","Bacteria","Firmicutes","Clostridia","Lachnospirales","Lachnospiraceae","Tyzzerella"
"ASV650","Bacteria","Cyanobacteria","Vampirivibrionia","Gastranaerophilales",NA,NA
"ASV651","Bacteria","Firmicutes","Clostridia","Lachnospirales","Lachnospiraceae","Dorea"
"ASV652","Bacteria","Firmicutes","Clostridia","Clostridia UCG-014",NA,NA
"ASV653","Bacteria","Firmicutes","Bacilli","Lactobacillales","Lactobacillaceae","Lactobacillus"
"ASV654","Bacteria","Firmicutes","Bacilli","Erysipelotrichales","Erysipelotrichaceae","Holdemanella"
"ASV655","Bacteria","Firmicutes","Clostridia","Peptostreptococcales-Tissierellales","Peptostreptococcaceae","Romboutsia"
"ASV656","Bacteria","Firmicutes","Clostridia","Oscillospirales","Ruminococcaceae","CAG-352"
"ASV657","Bacteria","Firmicutes","Bacilli","Erysipelotrichales","Erysipelotrichaceae","Faecalicoccus"
"ASV658","Bacteria","Actinobacteriota","Actinobacteria","Actinomycetales","Actinomycetaceae","Actinomyces"
"ASV659","Bacteria","Firmicutes","Bacilli","Erysipelotrichales","Erysipelatoclostridiaceae","Catenibacterium"
"ASV660","Bacteria","Firmicutes","Bacilli","RF39",NA,NA
"ASV661","Bacteria","Bacteroidota","Bacteroidia","Bacteroidales","Bacteroidaceae","Bacteroides"
"ASV662","Bacteria","Firmicutes","Clostridia","Oscillospirales","Oscillospiraceae","UCG-005"
"ASV663","Bacteria","Firmicutes","Clostridia","Lachnospirales","Lachnospiraceae",NA
"ASV664","Bacteria","Firmicutes","Clostridia","Lachnospirales","Lachnospiraceae","Dorea"
"ASV665","Bacteria","Firmicutes","Clostridia","Clostridiales","Clostridiaceae","Clostridium sensu stricto 1"
"ASV666","Bacteria","Firmicutes","Clostridia","Lachnospirales","Lachnospiraceae","Blautia"
"ASV667","Bacteria","Firmicutes","Clostridia","Lachnospirales","Lachnospiraceae","Lachnospiraceae NK4B4 group"
"ASV668","Bacteria","Firmicutes","Clostridia","Lachnospirales","Lachnospiraceae","Anaerostipes"
"ASV669","Bacteria","Firmicutes","Clostridia","Lachnospirales","Lachnospiraceae","Lachnospiraceae FCS020 group"
"ASV670","Bacteria","Firmicutes","Clostridia","Monoglobales","Monoglobaceae","Monoglobus"
"ASV671","Bacteria","Bacteroidota","Bacteroidia","Bacteroidales","Bacteroidaceae","Bacteroides"
"ASV672","Bacteria","Firmicutes","Clostridia","Oscillospirales","Oscillospiraceae","NK4A214 group"
"ASV673","Bacteria","Firmicutes","Clostridia","Peptostreptococcales-Tissierellales","Peptostreptococcaceae","Romboutsia"
"ASV674","Bacteria","Firmicutes","Clostridia",NA,NA,NA
"ASV675","Bacteria","Bacteroidota","Bacteroidia","Bacteroidales","Rikenellaceae","Rikenellaceae RC9 gut group"
"ASV676","Bacteria","Firmicutes","Clostridia","Lachnospirales","Lachnospiraceae","Blautia"
"ASV677","Bacteria","Firmicutes","Bacilli","Lactobacillales","Enterococcaceae","Enterococcus"
"ASV678","Bacteria","Firmicutes","Clostridia","Peptostreptococcales-Tissierellales","Anaerovoracaceae","Mogibacterium"
"ASV679","Bacteria","Firmicutes","Bacilli","Lactobacillales","Vagococcaceae","Vagococcus"
"ASV680","Bacteria","Cyanobacteria","Vampirivibrionia","Gastranaerophilales",NA,NA
"ASV681","Bacteria","Firmicutes","Clostridia","Lachnospirales","Lachnospiraceae",NA
"ASV682","Bacteria","Firmicutes","Clostridia","Oscillospirales","Ruminococcaceae","Subdoligranulum"
"ASV683","Bacteria","Firmicutes","Clostridia","Christensenellales","Christensenellaceae","Christensenellaceae R-7 group"
"ASV684","Bacteria","Firmicutes","Clostridia","Clostridiales","Clostridiaceae","Clostridium sensu stricto 1"
"ASV685","Bacteria","Firmicutes","Clostridia","Lachnospirales","Lachnospiraceae",NA
"ASV686","Bacteria","Firmicutes","Clostridia","Oscillospirales","UCG-010",NA
"ASV687","Bacteria","Firmicutes","Bacilli","RF39",NA,NA
"ASV688","Bacteria","Firmicutes","Clostridia","Clostridia UCG-014",NA,NA
"ASV689","Bacteria","Firmicutes","Clostridia","Clostridia UCG-014",NA,NA
"ASV690","Bacteria","Firmicutes","Clostridia","Lachnospirales","Lachnospiraceae","Anaerostipes"
"ASV691","Bacteria","Firmicutes","Clostridia","Monoglobales","Monoglobaceae","Monoglobus"
"ASV692","Bacteria","Firmicutes","Clostridia","Oscillospirales","UCG-010",NA
"ASV693","Bacteria","Firmicutes","Bacilli","RF39",NA,NA
"ASV694","Bacteria","Firmicutes","Bacilli","RF39",NA,NA
"ASV695","Bacteria","Firmicutes","Clostridia","Clostridiales","Clostridiaceae","Clostridium sensu stricto 1"
"ASV696","Bacteria","Bacteroidota","Bacteroidia","Bacteroidales","Bacteroidaceae","Bacteroides"
"ASV697","Bacteria","Firmicutes","Clostridia","Clostridiales","Clostridiaceae","Clostridium sensu stricto 1"
"ASV698","Bacteria","Bacteroidota","Bacteroidia","Bacteroidales","Prevotellaceae","Prevotella_9"
"ASV699","Bacteria","Firmicutes","Clostridia","Oscillospirales","Oscillospiraceae",NA
"ASV700","Bacteria","Firmicutes","Clostridia","Lachnospirales","Lachnospiraceae","Lachnospiraceae NK4A136 group"
"ASV701","Bacteria","Firmicutes","Clostridia","Lachnospirales","Lachnospiraceae","Blautia"
"ASV702","Bacteria","Firmicutes","Clostridia","Clostridiales","Clostridiaceae","Clostridium sensu stricto 1"
"ASV703","Bacteria","Bacteroidota","Bacteroidia","Bacteroidales","Bacteroidaceae","Bacteroides"
"ASV704","Bacteria","Firmicutes","Clostridia","Lachnospirales","Lachnospiraceae","[Ruminococcus] torques group"
"ASV705","Bacteria","Firmicutes","Bacilli","RF39",NA,NA
"ASV706","Bacteria","Firmicutes","Clostridia","Lachnospirales","Lachnospiraceae","Blautia"
"ASV707","Bacteria","Firmicutes","Bacilli","Lactobacillales","Streptococcaceae","Streptococcus"
"ASV708","Bacteria","Firmicutes","Clostridia","Peptostreptococcales-Tissierellales","Anaerovoracaceae","S5-A14a"
"ASV709","Bacteria","Firmicutes","Bacilli","RF39",NA,NA
"ASV710","Bacteria","Firmicutes","Bacilli","Erysipelotrichales","Erysipelatoclostridiaceae","Catenibacterium"
"ASV711","Bacteria","Firmicutes","Bacilli","RF39",NA,NA
"ASV712","Bacteria","Bacteroidota","Bacteroidia","Bacteroidales","p-2534-18B5 gut group",NA
"ASV713","Bacteria","Firmicutes","Clostridia","Lachnospirales","Lachnospiraceae","Lachnoclostridium"
"ASV714","Bacteria","Firmicutes","Bacilli","Erysipelotrichales","Erysipelatoclostridiaceae","Coprobacillus"
"ASV715","Bacteria","Firmicutes","Clostridia","Christensenellales","Christensenellaceae","Christensenellaceae R-7 group"
"ASV716","Bacteria","Firmicutes","Clostridia","Peptostreptococcales-Tissierellales","Peptostreptococcaceae","Terrisporobacter"
"ASV717","Bacteria","Firmicutes","Clostridia","Oscillospirales","[Eubacterium] coprostanoligenes group",NA
"ASV718","Bacteria","Firmicutes","Clostridia","Peptostreptococcales-Tissierellales","Peptostreptococcaceae","Romboutsia"
"ASV719","Bacteria","Firmicutes","Clostridia","Lachnospirales","Lachnospiraceae","[Ruminococcus] torques group"
"ASV720","Bacteria","Firmicutes","Clostridia","Oscillospirales","Oscillospiraceae","UCG-002"
"ASV721","Bacteria","Firmicutes","Negativicutes","Veillonellales-Selenomonadales","Veillonellaceae","Megasphaera"
"ASV722","Bacteria","Firmicutes","Clostridia","Lachnospirales","Lachnospiraceae","Blautia"
"ASV723","Bacteria","Firmicutes","Clostridia","Peptococcales","Peptococcaceae","Peptococcus"
"ASV724","Bacteria","Firmicutes","Bacilli","Bacillales","Bacillaceae","Bacillus"
"ASV725","Bacteria","Firmicutes","Bacilli","Erysipelotrichales","Erysipelotrichaceae","Holdemanella"
"ASV726","Bacteria","Firmicutes","Clostridia","Christensenellales","Christensenellaceae",NA
"ASV727","Bacteria","Firmicutes","Bacilli","Erysipelotrichales","Erysipelatoclostridiaceae","Catenibacterium"
"ASV728","Bacteria","Firmicutes","Bacilli","RF39",NA,NA
"ASV729","Bacteria","Firmicutes","Bacilli","Lactobacillales","Lactobacillaceae","Lactobacillus"
"ASV730","Bacteria","Firmicutes","Negativicutes","Veillonellales-Selenomonadales","Veillonellaceae","Dialister"
"ASV731","Bacteria","Firmicutes","Clostridia","Oscillospirales","Oscillospiraceae","UCG-003"
"ASV732","Bacteria","Actinobacteriota","Coriobacteriia","Coriobacteriales","Coriobacteriaceae","Collinsella"
"ASV733","Bacteria","Firmicutes","Clostridia","Oscillospirales","[Eubacterium] coprostanoligenes group",NA
"ASV734","Bacteria","Cyanobacteria","Vampirivibrionia","Gastranaerophilales",NA,NA
"ASV735","Bacteria","Firmicutes","Clostridia","Lachnospirales","Lachnospiraceae","Anaerostipes"
"ASV736","Bacteria","Firmicutes","Clostridia","Oscillospirales","Ruminococcaceae",NA
"ASV737","Bacteria","Firmicutes","Clostridia","Oscillospirales","Ruminococcaceae","CAG-352"
"ASV738","Bacteria","Firmicutes","Clostridia","Clostridiales","Clostridiaceae","Clostridium sensu stricto 1"
"ASV739","Bacteria","Firmicutes","Clostridia","Lachnospirales","Lachnospiraceae","Coprococcus"
"ASV740","Bacteria","Bacteroidota","Bacteroidia","Bacteroidales","Bacteroidaceae","Bacteroides"
"ASV741","Bacteria","Firmicutes","Clostridia","Peptostreptococcales-Tissierellales","Anaerovoracaceae","Family XIII UCG-001"
"ASV742","Bacteria","Firmicutes","Clostridia","Oscillospirales","UCG-010",NA
"ASV743","Bacteria","Firmicutes","Bacilli","Erysipelotrichales","Erysipelotrichaceae","Holdemanella"
"ASV744","Bacteria","Firmicutes","Clostridia","Peptococcales","Peptococcaceae","Peptococcus"
"ASV745","Bacteria","Cyanobacteria","Vampirivibrionia","Gastranaerophilales",NA,NA
"ASV746","Bacteria","Firmicutes","Clostridia","Oscillospirales","UCG-010",NA
"ASV747","Bacteria","Firmicutes","Clostridia","Clostridiales","Clostridiaceae","Clostridium sensu stricto 1"
"ASV748","Bacteria","Firmicutes","Clostridia","Clostridia vadinBB60 group",NA,NA
"ASV749","Bacteria","Firmicutes","Clostridia","Oscillospirales","Oscillospiraceae","UCG-005"
"ASV750","Bacteria","Firmicutes","Clostridia","Christensenellales","Christensenellaceae","Christensenellaceae R-7 group"
"ASV751","Bacteria","Firmicutes","Clostridia","Peptostreptococcales-Tissierellales","Anaerovoracaceae","[Eubacterium] nodatum group"
"ASV752","Bacteria","Firmicutes","Bacilli","Erysipelotrichales","Erysipelotrichaceae","Holdemanella"
"ASV753","Bacteria","Firmicutes","Bacilli","RF39",NA,NA
"ASV754","Bacteria","Firmicutes","Clostridia","Lachnospirales","Lachnospiraceae","[Bacteroides] pectinophilus group"
"ASV755","Bacteria","Actinobacteriota","Actinobacteria","Bifidobacteriales","Bifidobacteriaceae","Bifidobacterium"
"ASV756","Bacteria","Firmicutes","Clostridia","Christensenellales","Christensenellaceae","Christensenellaceae R-7 group"
"ASV757","Bacteria","Firmicutes","Bacilli","Erysipelotrichales","Erysipelotrichaceae","Holdemanella"
"ASV758","Bacteria","Bacteroidota","Bacteroidia","Bacteroidales","Bacteroidaceae","Bacteroides"
"ASV759","Bacteria","Firmicutes","Clostridia","Lachnospirales","Lachnospiraceae","Lachnospiraceae NK4A136 group"
"ASV760","Bacteria","Firmicutes","Clostridia","Oscillospirales","Oscillospiraceae","Flavonifractor"
"ASV761","Bacteria","Firmicutes","Clostridia","Oscillospirales","UCG-010",NA
"ASV762","Bacteria","Firmicutes","Clostridia","Peptostreptococcales-Tissierellales","Peptostreptococcaceae","Romboutsia"
"ASV763","Bacteria","Firmicutes","Clostridia","Lachnospirales","Lachnospiraceae","Blautia"
"ASV764","Bacteria","Firmicutes","Bacilli","Lactobacillales","Lactobacillaceae","Ligilactobacillus"
"ASV765","Bacteria","Firmicutes","Clostridia","Christensenellales","Christensenellaceae","Christensenellaceae R-7 group"
"ASV766","Bacteria","Firmicutes","Clostridia","Lachnospirales","Lachnospiraceae","Agathobacter"
"ASV767","Bacteria","Firmicutes","Clostridia","Peptostreptococcales-Tissierellales","Peptostreptococcaceae","Romboutsia"
"ASV768","Bacteria","Firmicutes","Bacilli","Lactobacillales","Lactobacillaceae","Lactobacillus"
"ASV769","Bacteria","Bacteroidota","Bacteroidia","Bacteroidales","Rikenellaceae","Alistipes"
"ASV770","Bacteria","Firmicutes","Bacilli","Erysipelotrichales","Erysipelotrichaceae","Holdemanella"
"ASV771","Bacteria","Firmicutes","Bacilli","RF39",NA,NA
"ASV772","Bacteria","Firmicutes","Clostridia","Lachnospirales","Lachnospiraceae","Roseburia"
"ASV773","Bacteria","Firmicutes","Clostridia","Lachnospirales","Lachnospiraceae","[Eubacterium] hallii group"
"ASV774","Bacteria","Firmicutes","Bacilli","Erysipelotrichales","Erysipelotrichaceae","Holdemanella"
"ASV775","Bacteria","Firmicutes","Clostridia","Lachnospirales","Lachnospiraceae","[Eubacterium] ventriosum group"
"ASV776","Bacteria","Firmicutes","Clostridia","Lachnospirales","Lachnospiraceae","Dorea"
"ASV777","Bacteria","Firmicutes","Clostridia","Lachnospirales","Lachnospiraceae","Anaerostipes"
"ASV778","Bacteria","Firmicutes","Bacilli","RF39",NA,NA
"ASV779","Bacteria","Firmicutes","Bacilli","Erysipelotrichales","Erysipelatoclostridiaceae","Catenibacterium"
"ASV780","Bacteria","Firmicutes","Clostridia","Clostridiales","Clostridiaceae","Clostridium sensu stricto 1"
"ASV781","Bacteria","Bacteroidota","Bacteroidia","Bacteroidales",NA,NA
"ASV782","Bacteria","Bacteroidota","Bacteroidia","Bacteroidales","Rikenellaceae","Alistipes"
"ASV783","Bacteria","Firmicutes","Clostridia","Oscillospirales","Butyricicoccaceae","Butyricicoccus"
"ASV784","Bacteria","Firmicutes","Clostridia","Lachnospirales","Lachnospiraceae","Lachnospiraceae UCG-010"
"ASV785","Bacteria","Firmicutes","Clostridia","Lachnospirales","Lachnospiraceae","Oribacterium"
"ASV786","Bacteria","Firmicutes","Clostridia","Oscillospirales","Ruminococcaceae","Subdoligranulum"
"ASV787","Bacteria","Firmicutes","Clostridia","Oscillospirales","UCG-010",NA
"ASV788","Bacteria","Firmicutes","Negativicutes","Veillonellales-Selenomonadales","Selenomonadaceae","Mitsuokella"
"ASV789","Bacteria","Actinobacteriota","Actinobacteria","Actinomycetales","Actinomycetaceae","F0332"
"ASV790","Bacteria","Firmicutes","Bacilli","Erysipelotrichales","Erysipelotrichaceae","Holdemanella"
"ASV791","Bacteria","Bacteroidota","Bacteroidia","Bacteroidales","Prevotellaceae","Prevotella"
"ASV792","Bacteria","Bacteroidota","Bacteroidia","Bacteroidales","Prevotellaceae","Alloprevotella"
"ASV793","Bacteria","Actinobacteriota","Coriobacteriia","Coriobacteriales","Eggerthellaceae","Slackia"
"ASV794","Bacteria","Firmicutes","Bacilli","Staphylococcales","Staphylococcaceae","Staphylococcus"
"ASV795","Bacteria","Firmicutes","Clostridia","Oscillospirales","UCG-010",NA
"ASV796","Bacteria","Actinobacteriota","Coriobacteriia","Coriobacteriales","Coriobacteriales Incertae Sedis","Raoultibacter"
"ASV797","Bacteria","Firmicutes","Clostridia","Lachnospirales","Lachnospiraceae","Blautia"
"ASV798","Bacteria","Firmicutes","Bacilli","Erysipelotrichales","Erysipelatoclostridiaceae","Erysipelatoclostridium"
"ASV799","Bacteria","Firmicutes","Clostridia","Oscillospirales","UCG-010",NA
"ASV800","Bacteria","Firmicutes","Clostridia","Oscillospirales","Ruminococcaceae","Faecalibacterium"
"ASV801","Bacteria","Firmicutes","Clostridia","Oscillospirales","Oscillospiraceae","NK4A214 group"
"ASV802","Bacteria","Bacteroidota","Bacteroidia","Bacteroidales","Prevotellaceae","Prevotella"
"ASV803","Bacteria","Firmicutes","Clostridia","Lachnospirales","Lachnospiraceae","Coprococcus"
"ASV804","Bacteria","Firmicutes","Clostridia","Peptostreptococcales-Tissierellales","Peptostreptococcaceae","Romboutsia"
"ASV805","Bacteria","Firmicutes","Clostridia","Lachnospirales","Lachnospiraceae","Lachnoclostridium"
"ASV806","Bacteria","Firmicutes","Clostridia","Peptostreptococcales-Tissierellales","Family XI","Peptoniphilus"
"ASV807","Bacteria","Firmicutes","Clostridia","Lachnospirales","Lachnospiraceae","[Ruminococcus] torques group"
"ASV808","Bacteria","Firmicutes","Clostridia","Lachnospirales","Lachnospiraceae","Blautia"
"ASV809","Bacteria","Firmicutes","Bacilli","Erysipelotrichales","Erysipelotrichaceae","Holdemanella"
"ASV810","Bacteria","Firmicutes","Clostridia","Lachnospirales","Lachnospiraceae","Dorea"
"ASV811","Bacteria","Bacteroidota","Bacteroidia","Bacteroidales","Tannerellaceae","Parabacteroides"
"ASV812","Bacteria","Firmicutes","Clostridia","Clostridiales","Clostridiaceae","Clostridium sensu stricto 1"
"ASV813","Bacteria","Firmicutes","Bacilli","RF39",NA,NA
"ASV814","Bacteria","Firmicutes","Bacilli","RF39",NA,NA
"ASV815","Bacteria","Firmicutes","Clostridia","Monoglobales","Monoglobaceae","Monoglobus"
"ASV816","Bacteria","Firmicutes","Bacilli","RF39",NA,NA
"ASV817","Bacteria","Firmicutes","Bacilli","Erysipelotrichales","Erysipelatoclostridiaceae","Catenibacterium"
"ASV818","Bacteria","Actinobacteriota","Actinobacteria","Actinomycetales","Actinomycetaceae","F0332"
"ASV819","Bacteria","Bacteroidota","Bacteroidia","Bacteroidales","Bacteroidaceae","Bacteroides"
"ASV820","Bacteria","Bacteroidota","Bacteroidia","Bacteroidales","Prevotellaceae","Prevotella"
"ASV821","Bacteria","Firmicutes","Bacilli","RF39",NA,NA
"ASV822","Bacteria","Bacteroidota","Bacteroidia","Bacteroidales","Rikenellaceae","Alistipes"
"ASV823","Bacteria","Actinobacteriota","Actinobacteria","Micrococcales","Micrococcaceae","Rothia"
"ASV824","Bacteria","Firmicutes","Bacilli","RF39",NA,NA
"ASV825","Bacteria","Firmicutes","Bacilli","RF39",NA,NA
"ASV826","Bacteria","Firmicutes","Clostridia","Lachnospirales","Lachnospiraceae","Lachnospiraceae UCG-001"
"ASV827","Bacteria","Firmicutes","Clostridia","Peptostreptococcales-Tissierellales","Peptostreptococcaceae","Romboutsia"
"ASV828","Bacteria","Firmicutes","Bacilli","RF39",NA,NA
"ASV829","Bacteria","Firmicutes","Bacilli","RF39",NA,NA
"ASV830","Bacteria","Spirochaetota","Spirochaetia","Spirochaetales","Spirochaetaceae","Treponema"
"ASV831","Bacteria","Firmicutes","Bacilli","Lactobacillales","Lactobacillaceae","Ligilactobacillus"
"ASV832","Bacteria","Firmicutes","Clostridia","Lachnospirales","Lachnospiraceae","[Eubacterium] hallii group"
"ASV833","Bacteria","Firmicutes","Clostridia","Oscillospirales","Ruminococcaceae","Faecalibacterium"
"ASV834","Bacteria","Firmicutes","Clostridia","Lachnospirales","Lachnospiraceae","Anaerostipes"
"ASV835","Bacteria","Firmicutes","Clostridia","Oscillospirales","Oscillospiraceae","Oscillibacter"
"ASV836","Bacteria","Firmicutes","Negativicutes","Veillonellales-Selenomonadales","Veillonellaceae","Veillonella"
"ASV837","Bacteria","Firmicutes","Clostridia","Lachnospirales","Lachnospiraceae","[Ruminococcus] gauvreauii group"
"ASV838","Bacteria","Firmicutes","Bacilli","RF39",NA,NA
"ASV839","Bacteria","Firmicutes","Clostridia","Oscillospirales","Ruminococcaceae","Subdoligranulum"
"ASV840","Bacteria","Firmicutes","Clostridia","Peptostreptococcales-Tissierellales","Anaerovoracaceae","Family XIII AD3011 group"
"ASV841","Bacteria","Firmicutes","Clostridia","Lachnospirales","Lachnospiraceae","Blautia"
"ASV842","Bacteria","Firmicutes","Clostridia","Lachnospirales","Lachnospiraceae","Anaerosporobacter"
"ASV843","Bacteria","Firmicutes","Clostridia","Clostridia UCG-014",NA,NA
"ASV844","Bacteria","Firmicutes","Bacilli","RF39",NA,NA
"ASV845","Bacteria","Firmicutes","Clostridia","Lachnospirales","Lachnospiraceae","Cellulosilyticum"
"ASV846","Bacteria","Actinobacteriota","Coriobacteriia","Coriobacteriales","Coriobacteriales Incertae Sedis",NA
"ASV847","Bacteria","Firmicutes","Clostridia","Clostridia UCG-014",NA,NA
"ASV848","Bacteria","Firmicutes","Clostridia","Lachnospirales","Lachnospiraceae","[Ruminococcus] torques group"
"ASV849","Bacteria","Firmicutes","Clostridia","Lachnospirales","Lachnospiraceae","Blautia"
"ASV850","Bacteria","Firmicutes","Clostridia","Lachnospirales","Lachnospiraceae","Blautia"
"ASV851","Bacteria","Firmicutes","Bacilli","Erysipelotrichales","Erysipelotrichaceae","Holdemanella"
"ASV852","Bacteria","Firmicutes","Clostridia","Lachnospirales","Lachnospiraceae","Blautia"
"ASV853","Bacteria","Firmicutes","Clostridia","Peptostreptococcales-Tissierellales","Peptostreptococcaceae","Paraclostridium"
"ASV854","Bacteria","Bacteroidota","Bacteroidia","Bacteroidales","Bacteroidaceae","Bacteroides"
"ASV855","Bacteria","Firmicutes","Bacilli","RF39",NA,NA
"ASV856","Bacteria","Firmicutes","Clostridia","Monoglobales","Monoglobaceae","Monoglobus"
"ASV857","Bacteria","Firmicutes","Clostridia","Lachnospirales","Lachnospiraceae","[Ruminococcus] torques group"
"ASV858","Bacteria","Firmicutes","Clostridia","Lachnospirales","Lachnospiraceae","Blautia"
"ASV859","Bacteria","Firmicutes","Clostridia","Oscillospirales","Ruminococcaceae","Ruminococcus"
"ASV860","Bacteria","Actinobacteriota","Coriobacteriia","Coriobacteriales","Coriobacteriaceae","Collinsella"
"ASV861","Bacteria","Firmicutes","Clostridia","Lachnospirales","Lachnospiraceae","Dorea"
"ASV862","Bacteria","Firmicutes","Clostridia","Peptostreptococcales-Tissierellales","Anaerovoracaceae","Family XIII AD3011 group"
"ASV863","Bacteria","Firmicutes","Bacilli","RF39",NA,NA
"ASV864","Bacteria","Proteobacteria","Gammaproteobacteria","Enterobacterales","Succinivibrionaceae","Ruminobacter"
"ASV865","Bacteria","Firmicutes","Clostridia","Oscillospirales","Ruminococcaceae","Ruminococcus"
"ASV866","Bacteria","Firmicutes","Clostridia","Peptostreptococcales-Tissierellales","Anaerovoracaceae","Family XIII AD3011 group"
"ASV867","Bacteria","Bacteroidota","Bacteroidia","Bacteroidales","Muribaculaceae",NA
"ASV868","Bacteria","Actinobacteriota","Coriobacteriia","Coriobacteriales","Eggerthellaceae","Parvibacter"
"ASV869","Bacteria","Firmicutes","Clostridia","Lachnospirales","Lachnospiraceae","[Eubacterium] hallii group"
"ASV870","Bacteria","Firmicutes","Clostridia","Lachnospirales","Lachnospiraceae",NA
"ASV871","Bacteria","Firmicutes","Clostridia","Clostridia UCG-014",NA,NA
"ASV872","Bacteria","Firmicutes","Clostridia","Lachnospirales","Lachnospiraceae","Agathobacter"
"ASV873","Bacteria","Firmicutes","Clostridia","Monoglobales","Monoglobaceae","Monoglobus"
"ASV874","Bacteria","Actinobacteriota","Coriobacteriia","Coriobacteriales","Coriobacteriaceae","Collinsella"
"ASV875","Bacteria","Firmicutes","Clostridia","Lachnospirales","Lachnospiraceae","[Eubacterium] hallii group"
"ASV876","Bacteria","Firmicutes","Clostridia","Lachnospirales","Lachnospiraceae","[Ruminococcus] torques group"
"ASV877","Bacteria","Firmicutes","Clostridia","Lachnospirales","Lachnospiraceae","CAG-56"
"ASV878","Bacteria","Firmicutes","Clostridia","Clostridia UCG-014",NA,NA
"ASV879","Bacteria","Firmicutes","Bacilli","Erysipelotrichales","Erysipelotrichaceae","Holdemanella"
"ASV880","Bacteria","Firmicutes","Bacilli","RF39",NA,NA
"ASV881","Bacteria","Firmicutes","Bacilli","RF39",NA,NA
"ASV882","Bacteria","Firmicutes","Clostridia","Peptostreptococcales-Tissierellales","Peptostreptococcaceae","Romboutsia"
"ASV883","Bacteria","Firmicutes","Clostridia","Clostridia UCG-014",NA,NA
"ASV884","Bacteria","Firmicutes","Bacilli","Lactobacillales","Lactobacillaceae","Limosilactobacillus"
"ASV885","Bacteria","Bacteroidota","Bacteroidia","Bacteroidales","Muribaculaceae",NA
"ASV886","Bacteria","Firmicutes","Clostridia","Lachnospirales","Lachnospiraceae","Lachnospiraceae UCG-003"
"ASV887","Bacteria","Firmicutes","Clostridia","Peptostreptococcales-Tissierellales","Family XI","Fenollaria"
"ASV888","Bacteria","Firmicutes","Clostridia","Oscillospirales","Ruminococcaceae","[Eubacterium] siraeum group"
"ASV889","Bacteria","Firmicutes","Bacilli","Lactobacillales","Lactobacillaceae","Ligilactobacillus"
"ASV890","Bacteria","Firmicutes","Clostridia","Oscillospirales","UCG-010",NA
"ASV891","Bacteria","Firmicutes","Clostridia","Lachnospirales","Lachnospiraceae","Roseburia"
"ASV892","Bacteria","Firmicutes","Clostridia",NA,NA,NA
"ASV893","Bacteria","Firmicutes","Clostridia","Lachnospirales","Lachnospiraceae","Fusicatenibacter"
"ASV894","Bacteria","Firmicutes","Clostridia","Christensenellales","Christensenellaceae","Christensenellaceae R-7 group"
"ASV895","Bacteria","Firmicutes","Clostridia","Lachnospirales","Lachnospiraceae","Blautia"
"ASV896","Bacteria","Firmicutes","Clostridia","Peptostreptococcales-Tissierellales","Peptostreptococcaceae","Romboutsia"
"ASV897","Bacteria","Firmicutes","Clostridia","Clostridia UCG-014",NA,NA
"ASV898","Bacteria","Firmicutes","Bacilli","Erysipelotrichales","Erysipelatoclostridiaceae","Catenibacterium"
"ASV899","Bacteria","Actinobacteriota","Coriobacteriia","Coriobacteriales","Eggerthellaceae","Eggerthella"
"ASV900","Bacteria","Firmicutes","Clostridia","Lachnospirales","Lachnospiraceae","Blautia"
"ASV901","Bacteria","Firmicutes","Clostridia","Lachnospirales","Lachnospiraceae","Coprococcus"
"ASV902","Bacteria","Firmicutes","Bacilli","RF39",NA,NA
"ASV903","Bacteria","Firmicutes","Clostridia","Lachnospirales","Lachnospiraceae","Blautia"
"ASV904","Bacteria","Firmicutes","Clostridia","Oscillospirales","Oscillospiraceae","UCG-005"
"ASV905","Bacteria","Firmicutes","Bacilli","Lactobacillales","Lactobacillaceae","Pediococcus"
"ASV906","Bacteria","Firmicutes","Clostridia","Oscillospirales","UCG-010",NA
"ASV907","Bacteria","Firmicutes","Clostridia","Clostridia UCG-014",NA,NA
"ASV908","Bacteria","Firmicutes","Clostridia","Lachnospirales","Lachnospiraceae","Blautia"
"ASV909","Bacteria","Firmicutes","Clostridia","Lachnospirales","Lachnospiraceae",NA
"ASV910","Bacteria","Firmicutes","Clostridia","Oscillospirales","Ruminococcaceae","[Eubacterium] siraeum group"
"ASV911","Bacteria","Firmicutes","Clostridia","Lachnospirales","Lachnospiraceae","Agathobacter"
"ASV912","Bacteria","Firmicutes","Clostridia","Lachnospirales","Lachnospiraceae","[Eubacterium] ruminantium group"
"ASV913","Bacteria","Firmicutes","Clostridia","Clostridiales","Clostridiaceae","Sarcina"
"ASV914","Bacteria","Firmicutes","Bacilli","Staphylococcales","Staphylococcaceae","Staphylococcus"
"ASV915","Bacteria","Firmicutes","Clostridia","Peptostreptococcales-Tissierellales","Family XI","Anaerococcus"
"ASV916","Bacteria","Firmicutes","Clostridia","Lachnospirales","Lachnospiraceae","[Ruminococcus] gauvreauii group"
"ASV917","Bacteria","Firmicutes","Clostridia","Oscillospirales","Ruminococcaceae","[Eubacterium] siraeum group"
"ASV918","Bacteria","Firmicutes","Clostridia","Clostridia UCG-014",NA,NA
"ASV919","Bacteria","Cyanobacteria","Vampirivibrionia","Gastranaerophilales",NA,NA
"ASV920","Bacteria","Firmicutes","Clostridia","Peptostreptococcales-Tissierellales","Peptostreptococcaceae","Romboutsia"
"ASV921","Bacteria","Firmicutes","Bacilli","Erysipelotrichales","Erysipelatoclostridiaceae","Catenibacterium"
"ASV922","Bacteria","Firmicutes","Clostridia","Oscillospirales","Ruminococcaceae",NA
"ASV923","Bacteria","Firmicutes","Clostridia","Oscillospirales","UCG-010",NA
"ASV924","Bacteria","Firmicutes","Bacilli","Lactobacillales","Lactobacillaceae","Ligilactobacillus"
"ASV925","Bacteria","Bacteroidota","Bacteroidia","Bacteroidales","Prevotellaceae","Prevotella"
"ASV926","Bacteria","Firmicutes","Clostridia","Oscillospirales","Oscillospiraceae","Oscillibacter"
"ASV927","Bacteria","Firmicutes","Bacilli","Bacillales","Bacillaceae","Bacillus"
"ASV928","Bacteria","Firmicutes","Bacilli","Erysipelotrichales","Erysipelotrichaceae","Holdemanella"
"ASV929","Bacteria","Firmicutes","Clostridia","Clostridia UCG-014",NA,NA
"ASV930","Bacteria","Firmicutes","Bacilli","RF39",NA,NA
"ASV931","Bacteria","Firmicutes","Bacilli","Erysipelotrichales","Erysipelatoclostridiaceae","Catenibacterium"
"ASV932","Bacteria","Firmicutes","Clostridia","Clostridiales","Clostridiaceae","Clostridium sensu stricto 1"
"ASV933","Bacteria","Firmicutes","Clostridia","Lachnospirales","Lachnospiraceae","Lachnospiraceae UCG-004"
"ASV934","Bacteria","Firmicutes","Clostridia","Oscillospirales","UCG-010",NA
"ASV935","Bacteria","Bacteroidota","Bacteroidia","Bacteroidales","Rikenellaceae","Alistipes"
"ASV936","Bacteria","Proteobacteria","Gammaproteobacteria","Burkholderiales","Sutterellaceae","Sutterella"
"ASV937","Bacteria","Cyanobacteria","Vampirivibrionia","Gastranaerophilales",NA,NA
"ASV938","Bacteria","Desulfobacterota","Desulfovibrionia","Desulfovibrionales","Desulfovibrionaceae","Desulfovibrio"
"ASV939","Bacteria","Firmicutes","Clostridia","Lachnospirales","Lachnospiraceae","Dorea"
"ASV940","Bacteria","Bacteroidota","Bacteroidia","Bacteroidales","Tannerellaceae",NA
"ASV941","Bacteria","Firmicutes","Clostridia","Oscillospirales","Oscillospiraceae","UCG-005"
"ASV942","Bacteria","Cyanobacteria","Vampirivibrionia","Gastranaerophilales",NA,NA
"ASV943","Bacteria","Firmicutes","Bacilli","RF39",NA,NA
"ASV944","Bacteria","Firmicutes","Bacilli","RF39",NA,NA
"ASV945","Bacteria","Bacteroidota","Bacteroidia","Bacteroidales","Prevotellaceae",NA
"ASV946","Bacteria","Bacteroidota","Bacteroidia","Bacteroidales","Marinifilaceae","Odoribacter"
"ASV947","Bacteria","Firmicutes","Clostridia","Christensenellales","Christensenellaceae","Christensenellaceae R-7 group"
"ASV948","Bacteria","Firmicutes","Clostridia","Christensenellales","Christensenellaceae","Christensenellaceae R-7 group"
"ASV949","Bacteria","Firmicutes","Clostridia","Lachnospirales","Lachnospiraceae","Blautia"
"ASV950","Bacteria","Firmicutes","Clostridia","Monoglobales","Monoglobaceae","Monoglobus"
"ASV951","Bacteria","Firmicutes","Clostridia","Peptococcales","Peptococcaceae","Peptococcus"
"ASV952","Bacteria","Firmicutes","Clostridia","Clostridia UCG-014",NA,NA
"ASV953","Bacteria","Bacteroidota","Bacteroidia","Bacteroidales","Prevotellaceae","Prevotella_9"
"ASV954","Bacteria","Firmicutes","Clostridia","Lachnospirales","Lachnospiraceae","[Eubacterium] eligens group"
"ASV955","Bacteria","Firmicutes","Clostridia","Clostridia UCG-014",NA,NA
"ASV956","Bacteria","Firmicutes","Bacilli","Erysipelotrichales","Erysipelotrichaceae","Holdemanella"
"ASV957","Bacteria","Firmicutes","Bacilli","RF39",NA,NA
"ASV958","Bacteria","Firmicutes","Clostridia","Lachnospirales","Lachnospiraceae","[Eubacterium] hallii group"
"ASV959","Bacteria","Firmicutes","Clostridia","Lachnospirales","Lachnospiraceae",NA
"ASV960","Bacteria","Firmicutes","Clostridia","Peptostreptococcales-Tissierellales","Peptostreptococcaceae","Romboutsia"
"ASV961","Bacteria","Firmicutes","Clostridia","Peptococcales","Peptococcaceae","Peptococcus"
"ASV962","Bacteria","Firmicutes","Bacilli","Erysipelotrichales","Erysipelatoclostridiaceae","Catenibacterium"
"ASV963","Bacteria","Firmicutes","Bacilli","RF39",NA,NA
"ASV964","Bacteria","Firmicutes","Bacilli","Erysipelotrichales","Erysipelatoclostridiaceae","Catenibacterium"
"ASV965","Bacteria","Actinobacteriota","Actinobacteria","Actinomycetales","Actinomycetaceae","Actinomyces"
"ASV966","Bacteria","Firmicutes","Clostridia","Oscillospirales","UCG-010",NA
"ASV967","Bacteria","Firmicutes","Clostridia","Lachnospirales","Lachnospiraceae","Coprococcus"
"ASV968","Bacteria","Firmicutes","Bacilli","Erysipelotrichales","Erysipelatoclostridiaceae","Erysipelotrichaceae UCG-003"
"ASV969","Bacteria","Firmicutes","Bacilli","Izemoplasmatales",NA,NA
"ASV970","Bacteria","Firmicutes","Clostridia","Oscillospirales","Ruminococcaceae",NA
"ASV971","Bacteria","Firmicutes","Clostridia","Lachnospirales","Lachnospiraceae",NA
"ASV972","Bacteria","Firmicutes","Clostridia","Lachnospirales","Lachnospiraceae","[Eubacterium] hallii group"
"ASV973","Bacteria","Firmicutes","Bacilli","RF39",NA,NA
"ASV974","Bacteria","Actinobacteriota","Coriobacteriia","Coriobacteriales","Atopobiaceae",NA
"ASV975","Bacteria","Firmicutes","Clostridia","Lachnospirales","Lachnospiraceae","Blautia"
"ASV976","Bacteria","Firmicutes","Clostridia","Lachnospirales","Lachnospiraceae","Blautia"
"ASV977","Bacteria","Firmicutes","Bacilli","Lactobacillales","Lactobacillaceae","Weissella"
"ASV978","Bacteria","Firmicutes","Bacilli","RF39",NA,NA
"ASV979","Bacteria","Firmicutes","Clostridia","Oscillospirales","Oscillospiraceae","UCG-005"
"ASV980","Bacteria","Firmicutes","Clostridia","Oscillospirales","Ruminococcaceae","Ruminococcus"
"ASV981","Bacteria","Firmicutes","Clostridia","Lachnospirales","Lachnospiraceae","Lachnospiraceae NK4B4 group"
"ASV982","Bacteria","Firmicutes","Clostridia","Lachnospirales","Lachnospiraceae","Roseburia"
"ASV983","Bacteria","Firmicutes","Clostridia","Oscillospirales","Ruminococcaceae","Ruminococcus"
"ASV984","Bacteria","Actinobacteriota","Actinobacteria","Actinomycetales","Actinomycetaceae","Actinomyces"
"ASV985","Bacteria","Firmicutes","Bacilli","RF39",NA,NA
"ASV986","Bacteria","Firmicutes","Bacilli","Lactobacillales","Lactobacillaceae","Weissella"
"ASV987","Bacteria","Firmicutes","Bacilli","RF39",NA,NA
"ASV988","Bacteria","Firmicutes","Clostridia","Oscillospirales","Oscillospiraceae","UCG-005"
"ASV989","Bacteria","Firmicutes","Clostridia","Oscillospirales","Oscillospiraceae","UCG-005"
"ASV990","Bacteria","Firmicutes","Clostridia","Monoglobales","Monoglobaceae","Monoglobus"
"ASV991","Bacteria","Firmicutes","Clostridia","Peptococcales","Peptococcaceae",NA
"ASV992","Bacteria","Firmicutes","Bacilli","RF39",NA,NA
"ASV993","Bacteria","Firmicutes","Clostridia","Clostridia vadinBB60 group",NA,NA
"ASV994","Bacteria","Firmicutes","Clostridia","Peptostreptococcales-Tissierellales","Peptostreptococcaceae","Paeniclostridium"
"ASV995","Bacteria","Firmicutes","Clostridia","Lachnospirales","Lachnospiraceae","Lachnospiraceae AC2044 group"
"ASV996","Bacteria","Firmicutes","Clostridia","Clostridiales","Clostridiaceae","Clostridium sensu stricto 1"
"ASV997","Bacteria","Firmicutes","Bacilli","Lactobacillales","Enterococcaceae","Enterococcus"
"ASV998","Bacteria","Firmicutes","Bacilli","RF39",NA,NA
"ASV999","Bacteria","Actinobacteriota","Coriobacteriia","Coriobacteriales","Eggerthellaceae","Slackia"
"ASV1000","Bacteria","Firmicutes","Clostridia","Clostridiales","Clostridiaceae","Clostridium sensu stricto 1"
"ASV1001","Bacteria","Firmicutes","Bacilli","Bacillales","Planococcaceae",NA
"ASV1002","Bacteria","Firmicutes","Bacilli","Erysipelotrichales","Erysipelatoclostridiaceae","Erysipelotrichaceae UCG-003"
"ASV1003","Bacteria","Firmicutes","Clostridia","Christensenellales","Christensenellaceae","Christensenellaceae R-7 group"
"ASV1004","Bacteria","Firmicutes","Bacilli","Bacillales","Bacillaceae","Bacillus"
"ASV1005","Bacteria","Firmicutes","Clostridia","Lachnospirales","Lachnospiraceae","Lachnospira"
"ASV1006","Bacteria","Firmicutes","Clostridia","Lachnospirales","Lachnospiraceae","Blautia"
"ASV1007","Bacteria","Firmicutes","Bacilli","Lactobacillales","Lactobacillaceae","Limosilactobacillus"
"ASV1008","Bacteria","Firmicutes","Clostridia","Lachnospirales","Lachnospiraceae",NA
"ASV1009","Bacteria","Firmicutes","Clostridia","Clostridiales","Clostridiaceae","Clostridium sensu stricto 6"
"ASV1010","Bacteria","Firmicutes","Clostridia","Clostridia UCG-014",NA,NA
"ASV1011","Bacteria","Bacteroidota","Bacteroidia","Bacteroidales","Muribaculaceae",NA
"ASV1012","Bacteria","Firmicutes","Clostridia","Oscillospirales","Ruminococcaceae",NA
"ASV1013","Bacteria","Firmicutes","Clostridia","Oscillospirales","Oscillospiraceae","UCG-002"
"ASV1014","Bacteria","Firmicutes","Clostridia","Monoglobales","Monoglobaceae","Monoglobus"
"ASV1015","Bacteria","Firmicutes","Clostridia","Oscillospirales","Butyricicoccaceae","UCG-009"
"ASV1016","Bacteria","Firmicutes","Clostridia","Lachnospirales","Lachnospiraceae","[Ruminococcus] torques group"
"ASV1017","Bacteria","Firmicutes","Clostridia","Oscillospirales","Oscillospiraceae","UCG-005"
"ASV1018","Bacteria","Firmicutes","Clostridia","Lachnospirales","Lachnospiraceae","Dorea"
"ASV1019","Bacteria","Firmicutes","Clostridia","Clostridiales","Clostridiaceae","Clostridium sensu stricto 1"
"ASV1020","Bacteria","Firmicutes","Bacilli","Erysipelotrichales","Erysipelotrichaceae","Solobacterium"
"ASV1021","Bacteria","Firmicutes","Bacilli","Lactobacillales","Lactobacillaceae","Leuconostoc"
"ASV1022","Bacteria","Firmicutes","Clostridia","Peptostreptococcales-Tissierellales","Peptostreptococcaceae","Romboutsia"
"ASV1023","Bacteria","Firmicutes","Clostridia","Clostridiales","Clostridiaceae","Clostridium sensu stricto 1"
"ASV1024","Bacteria","Firmicutes","Clostridia","Eubacteriales","Anaerofustaceae","Anaerofustis"
"ASV1025","Bacteria","Firmicutes","Clostridia","Peptostreptococcales-Tissierellales","Peptostreptococcaceae","Romboutsia"
"ASV1026","Bacteria","Firmicutes","Bacilli","RF39",NA,NA
"ASV1027","Bacteria","Firmicutes","Clostridia","Oscillospirales","Ruminococcaceae","Subdoligranulum"
"ASV1028","Bacteria","Firmicutes","Clostridia","Clostridia UCG-014",NA,NA
"ASV1029","Bacteria","Firmicutes","Clostridia","Peptococcales","Peptococcaceae","Peptococcus"
"ASV1030","Bacteria","Firmicutes","Bacilli","Erysipelotrichales","Erysipelotrichaceae","Holdemanella"
"ASV1031","Bacteria","Firmicutes","Bacilli","RF39",NA,NA
"ASV1032","Bacteria","Firmicutes","Clostridia","Clostridia UCG-014",NA,NA
"ASV1033","Bacteria","Firmicutes","Bacilli","Lactobacillales","Lactobacillaceae","Lactobacillus"
"ASV1034","Bacteria","Firmicutes","Clostridia","Lachnospirales","Lachnospiraceae","[Eubacterium] hallii group"
"ASV1035","Bacteria","Proteobacteria","Gammaproteobacteria","Enterobacterales","Pasteurellaceae",NA
"ASV1036","Bacteria","Firmicutes","Clostridia","Lachnospirales","Lachnospiraceae","Blautia"
"ASV1037","Bacteria","Firmicutes","Clostridia","Lachnospirales","Lachnospiraceae","Coprococcus"
"ASV1038","Bacteria","Actinobacteriota","Coriobacteriia","Coriobacteriales","Eggerthellaceae","CHKCI002"
"ASV1039","Bacteria","Firmicutes","Negativicutes","Veillonellales-Selenomonadales","Veillonellaceae","Dialister"
"ASV1040","Bacteria","Proteobacteria","Gammaproteobacteria","Enterobacterales","Pasteurellaceae","Mannheimia"
"ASV1041","Bacteria","Firmicutes","Clostridia","Lachnospirales","Lachnospiraceae","Blautia"
"ASV1042","Bacteria","Actinobacteriota","Coriobacteriia","Coriobacteriales","Eggerthellaceae","Enterorhabdus"
"ASV1043","Bacteria","Actinobacteriota","Coriobacteriia","Coriobacteriales","Atopobiaceae","Olsenella"
"ASV1044","Bacteria","Firmicutes","Bacilli","RF39",NA,NA
"ASV1045","Bacteria","Firmicutes","Clostridia","Clostridia UCG-014",NA,NA
"ASV1046","Bacteria","Firmicutes","Clostridia","Monoglobales","Monoglobaceae","Monoglobus"
"ASV1047","Bacteria","Firmicutes","Clostridia","Oscillospirales","Oscillospiraceae","UCG-005"
"ASV1048","Bacteria","Firmicutes","Bacilli","RF39",NA,NA
"ASV1049","Bacteria","Firmicutes","Clostridia","Oscillospirales","Ruminococcaceae","Subdoligranulum"
"ASV1050","Bacteria","Cyanobacteria","Vampirivibrionia","Gastranaerophilales",NA,NA
"ASV1051","Bacteria","Firmicutes","Clostridia","Lachnospirales","Lachnospiraceae","Blautia"
"ASV1052","Bacteria","Firmicutes","Bacilli","RF39",NA,NA
"ASV1053","Bacteria","Firmicutes","Clostridia","Oscillospirales","UCG-010",NA
"ASV1054","Bacteria","Firmicutes","Clostridia","Oscillospirales","Ruminococcaceae","Subdoligranulum"
"ASV1055","Bacteria","Firmicutes","Clostridia","Oscillospirales","Ruminococcaceae","Paludicola"
"ASV1056","Bacteria","Firmicutes","Clostridia","Lachnospirales","Lachnospiraceae","Coprococcus"
"ASV1057","Bacteria","Firmicutes","Bacilli","RF39",NA,NA
"ASV1058","Bacteria","Cyanobacteria","Vampirivibrionia","Gastranaerophilales",NA,NA
"ASV1059","Bacteria","Firmicutes","Bacilli","Lactobacillales","Lactobacillaceae","Ligilactobacillus"
"ASV1060","Bacteria","Bacteroidota","Bacteroidia","Bacteroidales","Prevotellaceae","Prevotella"
"ASV1061","Bacteria","Firmicutes","Clostridia","Peptostreptococcales-Tissierellales","Peptostreptococcaceae","Romboutsia"
"ASV1062","Bacteria","Firmicutes","Clostridia","Lachnospirales","Lachnospiraceae","[Bacteroides] pectinophilus group"
"ASV1063","Bacteria","Firmicutes","Clostridia","Clostridia UCG-014",NA,NA
"ASV1064","Bacteria","Firmicutes","Clostridia","Clostridia UCG-014",NA,NA
"ASV1065","Bacteria","Firmicutes","Clostridia","Lachnospirales","Lachnospiraceae","Blautia"
"ASV1066","Bacteria","Firmicutes","Clostridia","Lachnospirales","Lachnospiraceae","Coprococcus"
"ASV1067","Bacteria","Firmicutes","Clostridia","Lachnospirales","Lachnospiraceae","Blautia"
"ASV1068","Bacteria","Cyanobacteria","Vampirivibrionia","Gastranaerophilales",NA,NA
"ASV1069","Bacteria","Firmicutes","Bacilli","Erysipelotrichales","Erysipelatoclostridiaceae","Erysipelotrichaceae UCG-003"
"ASV1070","Bacteria","Elusimicrobiota","Elusimicrobia","Elusimicrobiales","Elusimicrobiaceae","Elusimicrobium"
"ASV1071","Bacteria","Firmicutes","Clostridia","Oscillospirales","Oscillospiraceae","UCG-005"
"ASV1072","Bacteria","Bacteroidota","Bacteroidia","Bacteroidales","Prevotellaceae",NA
"ASV1073","Bacteria","Firmicutes","Clostridia","Clostridia UCG-014",NA,NA
"ASV1074","Bacteria","Firmicutes","Bacilli","RF39",NA,NA
"ASV1075","Bacteria","Firmicutes","Bacilli","Bacillales","Planococcaceae","Kurthia"
"ASV1076","Bacteria","Firmicutes","Bacilli","Erysipelotrichales","Erysipelatoclostridiaceae","Catenibacterium"
"ASV1077","Bacteria","Firmicutes","Bacilli","RF39",NA,NA
"ASV1078","Bacteria","Firmicutes","Bacilli","Lactobacillales",NA,NA
"ASV1079","Bacteria","Actinobacteriota","Actinobacteria","Bifidobacteriales","Bifidobacteriaceae","Bifidobacterium"
"ASV1080","Bacteria","Firmicutes","Bacilli","Erysipelotrichales","Erysipelatoclostridiaceae","Catenibacterium"
"ASV1081","Bacteria","Firmicutes","Bacilli","Brevibacillales","Brevibacillaceae","Brevibacillus"
"ASV1082","Bacteria","Firmicutes","Clostridia","Lachnospirales","Lachnospiraceae","Anaerostipes"
"ASV1083","Bacteria","Firmicutes","Clostridia","Lachnospirales","Lachnospiraceae","Lachnospiraceae UCG-004"
"ASV1084","Bacteria","Actinobacteriota","Actinobacteria","Micrococcales","Micrococcaceae","Rothia"
"ASV1085","Bacteria","Firmicutes","Bacilli","RF39",NA,NA
"ASV1086","Bacteria","Firmicutes","Bacilli","RF39",NA,NA
"ASV1087","Bacteria","Firmicutes","Bacilli","Bacillales","Planococcaceae",NA
"ASV1088","Bacteria","Firmicutes","Clostridia","Clostridia UCG-014",NA,NA
"ASV1089","Bacteria","Firmicutes","Negativicutes","Acidaminococcales","Acidaminococcaceae","Succiniclasticum"
"ASV1090","Bacteria","Firmicutes","Clostridia","Clostridiales","Clostridiaceae","Clostridium sensu stricto 1"
"ASV1091","Bacteria","Firmicutes","Clostridia","Oscillospirales","Oscillospiraceae","UCG-005"
"ASV1092","Bacteria","Firmicutes","Clostridia","Clostridiales","Clostridiaceae","Clostridium sensu stricto 1"
"ASV1093","Bacteria","Firmicutes","Clostridia","Lachnospirales","Lachnospiraceae","Blautia"
"ASV1094","Bacteria","Firmicutes","Clostridia","Clostridiales","Clostridiaceae","Clostridium sensu stricto 1"
"ASV1095","Bacteria","Firmicutes","Bacilli","RF39",NA,NA
"ASV1096","Bacteria","Firmicutes","Clostridia","Lachnospirales","Lachnospiraceae","Dorea"
"ASV1097","Bacteria","Firmicutes","Clostridia","Monoglobales","Monoglobaceae","Monoglobus"
"ASV1098","Bacteria","Firmicutes","Clostridia","Lachnospirales","Lachnospiraceae","[Eubacterium] eligens group"
"ASV1099","Bacteria","Firmicutes","Bacilli","RF39",NA,NA
"ASV1100","Bacteria","Firmicutes","Clostridia","Clostridiales","Clostridiaceae","Clostridium sensu stricto 1"
"ASV1101","Bacteria","Firmicutes","Clostridia","Lachnospirales","Lachnospiraceae","[Eubacterium] hallii group"
"ASV1102","Bacteria","Proteobacteria","Gammaproteobacteria","Burkholderiales","Sutterellaceae","Sutterella"
"ASV1103","Bacteria","Bacteroidota","Bacteroidia","Bacteroidales","Rikenellaceae","Alistipes"
"ASV1104","Bacteria","Firmicutes","Clostridia","Lachnospirales","Lachnospiraceae","Blautia"
"ASV1105","Bacteria","Firmicutes","Clostridia","Lachnospirales","Lachnospiraceae","Dorea"
"ASV1106","Bacteria","Firmicutes","Bacilli","RF39",NA,NA
"ASV1107","Bacteria","Firmicutes","Bacilli","Erysipelotrichales","Erysipelotrichaceae","Holdemanella"
"ASV1108","Bacteria","Firmicutes","Negativicutes","Veillonellales-Selenomonadales","Selenomonadaceae","Megamonas"
"ASV1109","Bacteria","Firmicutes","Clostridia","Lachnospirales","Lachnospiraceae","Oribacterium"
"ASV1110","Bacteria","Firmicutes","Clostridia","Oscillospirales","Ruminococcaceae",NA
"ASV1111","Bacteria","Bacteroidota","Bacteroidia","Bacteroidales","Prevotellaceae",NA
"ASV1112","Bacteria","Firmicutes","Bacilli","Lactobacillales","Enterococcaceae","Enterococcus"
"ASV1113","Bacteria","Firmicutes","Clostridia","Oscillospirales","Ruminococcaceae","CAG-352"
"ASV1114","Bacteria","Firmicutes","Bacilli","Bacillales","Bacillaceae","Geobacillus"
"ASV1115","Bacteria","Firmicutes","Bacilli","RF39",NA,NA
"ASV1116","Bacteria","Firmicutes","Clostridia","Monoglobales","Monoglobaceae","Monoglobus"
"ASV1117","Bacteria","Firmicutes","Clostridia","Lachnospirales","Lachnospiraceae","Lachnospira"
"ASV1118","Bacteria","Firmicutes","Clostridia","Peptostreptococcales-Tissierellales","Anaerovoracaceae","Family XIII AD3011 group"
"ASV1119","Bacteria","Firmicutes","Bacilli","Erysipelotrichales","Erysipelatoclostridiaceae","Catenibacterium"
"ASV1120","Bacteria","Firmicutes","Clostridia","Christensenellales","Christensenellaceae",NA
"ASV1121","Bacteria","Firmicutes","Clostridia","Oscillospirales","Ruminococcaceae","Subdoligranulum"
"ASV1122","Bacteria","Firmicutes","Clostridia","Lachnospirales","Lachnospiraceae","[Eubacterium] hallii group"
"ASV1123","Bacteria","Firmicutes","Bacilli","Lactobacillales","Lactobacillaceae","Pediococcus"
"ASV1124","Bacteria","Bacteroidota","Bacteroidia","Bacteroidales","Prevotellaceae","Prevotella"
"ASV1125","Bacteria","Firmicutes","Clostridia","Lachnospirales","Lachnospiraceae","Lachnospira"
"ASV1126","Bacteria","Firmicutes","Clostridia","Oscillospirales","[Eubacterium] coprostanoligenes group",NA
"ASV1127","Bacteria","Firmicutes","Bacilli","RF39",NA,NA
"ASV1128","Bacteria","Firmicutes","Clostridia","Clostridia UCG-014",NA,NA
"ASV1129","Bacteria","Firmicutes","Clostridia","Oscillospirales","Ruminococcaceae",NA
"ASV1130","Bacteria","Firmicutes","Clostridia","Clostridiales","Clostridiaceae","Clostridium sensu stricto 1"
"ASV1131","Bacteria","Firmicutes","Bacilli","Erysipelotrichales","Erysipelatoclostridiaceae","Erysipelotrichaceae UCG-003"
"ASV1132","Bacteria","Firmicutes","Clostridia","Lachnospirales","Lachnospiraceae","Blautia"
"ASV1133","Bacteria","Firmicutes","Clostridia","Clostridiales","Clostridiaceae","Clostridium sensu stricto 1"
"ASV1134","Bacteria","Firmicutes","Clostridia","Clostridiales","Clostridiaceae","Clostridium sensu stricto 1"
"ASV1135","Bacteria","Firmicutes","Clostridia","Lachnospirales","Lachnospiraceae","Blautia"
"ASV1136","Bacteria","Bacteroidota","Bacteroidia","Bacteroidales","Prevotellaceae","Prevotella_9"
"ASV1137","Bacteria","Firmicutes","Clostridia","Oscillospirales","Ruminococcaceae","Subdoligranulum"
"ASV1138","Bacteria","Bacteroidota","Bacteroidia","Bacteroidales","Bacteroidaceae","Bacteroides"
"ASV1139","Bacteria","Firmicutes","Clostridia","Peptostreptococcales-Tissierellales","Peptostreptococcaceae","Romboutsia"
"ASV1140","Bacteria","Firmicutes","Clostridia","Clostridia UCG-014",NA,NA
"ASV1141","Bacteria","Firmicutes","Clostridia","Peptostreptococcales-Tissierellales","Peptostreptococcaceae","Peptostreptococcus"
"ASV1142","Bacteria","Firmicutes","Clostridia","Lachnospirales","Lachnospiraceae","Blautia"
"ASV1143","Bacteria","Firmicutes","Clostridia","Oscillospirales","Ruminococcaceae","Ruminococcus"
"ASV1144","Bacteria","Firmicutes","Clostridia","Lachnospirales","Lachnospiraceae","Dorea"
"ASV1145","Bacteria","Firmicutes","Clostridia","Oscillospirales","Ruminococcaceae","Subdoligranulum"
"ASV1146","Bacteria","Firmicutes","Clostridia","Lachnospirales","Lachnospiraceae","Coprococcus"
"ASV1147","Bacteria","Actinobacteriota","Actinobacteria","Corynebacteriales","Corynebacteriaceae","Corynebacterium"
"ASV1148","Bacteria","Cyanobacteria","Vampirivibrionia","Gastranaerophilales",NA,NA
"ASV1149","Bacteria","Firmicutes","Clostridia","Lachnospirales","Lachnospiraceae","Dorea"
"ASV1150","Bacteria","Firmicutes","Clostridia","Lachnospirales","Lachnospiraceae","Anaerostipes"
"ASV1151","Bacteria","Firmicutes","Clostridia","Oscillospirales","Oscillospiraceae","NK4A214 group"
"ASV1152","Bacteria","Firmicutes","Clostridia","Clostridia UCG-014",NA,NA
"ASV1153","Bacteria","Firmicutes","Clostridia","Lachnospirales","Lachnospiraceae","Blautia"
"ASV1154","Bacteria","Bacteroidota","Bacteroidia","Bacteroidales",NA,NA
"ASV1155","Bacteria","Firmicutes","Bacilli","RF39",NA,NA
"ASV1156","Bacteria","Firmicutes","Bacilli","Erysipelotrichales","Erysipelotrichaceae","Holdemanella"
"ASV1157","Bacteria","Firmicutes","Clostridia","Oscillospirales","Ruminococcaceae","Ruminococcus"
"ASV1158","Bacteria","Firmicutes","Clostridia","Oscillospirales","Ruminococcaceae","Subdoligranulum"
"ASV1159","Bacteria","Firmicutes","Bacilli","RF39",NA,NA
"ASV1160","Bacteria","Firmicutes","Bacilli","Erysipelotrichales","Erysipelotrichaceae","Holdemanella"
"ASV1161","Bacteria","Firmicutes","Clostridia","Oscillospirales","Ruminococcaceae","Subdoligranulum"
"ASV1162","Bacteria","Firmicutes","Clostridia","Oscillospirales","Ruminococcaceae",NA
"ASV1163","Bacteria","Firmicutes","Clostridia","Clostridiales","Clostridiaceae","Clostridium sensu stricto 1"
"ASV1164","Bacteria","Actinobacteriota","Actinobacteria","Actinomycetales","Actinomycetaceae","Actinomyces"
"ASV1165","Bacteria","Firmicutes","Clostridia","Oscillospirales","UCG-010",NA
"ASV1166","Bacteria","Firmicutes","Clostridia","Lachnospirales","Lachnospiraceae","Blautia"
"ASV1167","Bacteria","Firmicutes","Bacilli","Staphylococcales","Staphylococcaceae","Staphylococcus"
"ASV1168","Bacteria","Firmicutes","Clostridia","Clostridia UCG-014",NA,NA
"ASV1169","Bacteria","Actinobacteriota","Actinobacteria","Actinomycetales","Actinomycetaceae","Mobiluncus"
"ASV1170","Bacteria","Firmicutes","Negativicutes","Veillonellales-Selenomonadales","Veillonellaceae","Megasphaera"
"ASV1171","Bacteria","Proteobacteria","Gammaproteobacteria","Burkholderiales","Oxalobacteraceae","Oxalobacter"
"ASV1172","Bacteria","Firmicutes","Clostridia","Lachnospirales","Lachnospiraceae","Blautia"
"ASV1173","Bacteria","Bacteroidota","Bacteroidia","Bacteroidales","Prevotellaceae","Prevotella_9"
"ASV1174","Bacteria","Firmicutes","Bacilli","Erysipelotrichales","Erysipelotrichaceae","Solobacterium"
"ASV1175","Bacteria","Firmicutes","Clostridia","Clostridia UCG-014",NA,NA
"ASV1176","Bacteria","Firmicutes","Clostridia","Lachnospirales","Lachnospiraceae",NA
"ASV1177","Bacteria","Firmicutes","Clostridia","Oscillospirales","Oscillospiraceae","NK4A214 group"
"ASV1178","Bacteria","Firmicutes","Clostridia","Lachnospirales","Lachnospiraceae","Dorea"
"ASV1179","Bacteria","Firmicutes","Bacilli","RF39",NA,NA
"ASV1180","Bacteria","Firmicutes","Bacilli","Erysipelotrichales","Erysipelatoclostridiaceae","Erysipelatoclostridium"
"ASV1181","Bacteria","Firmicutes","Clostridia","Oscillospirales","Ruminococcaceae","Faecalibacterium"
"ASV1182","Bacteria","Firmicutes","Bacilli","Erysipelotrichales","Erysipelatoclostridiaceae","Catenibacterium"
"ASV1183","Bacteria","Firmicutes","Bacilli","Erysipelotrichales","Erysipelotrichaceae","Solobacterium"
"ASV1184","Bacteria","Firmicutes","Clostridia","Lachnospirales","Lachnospiraceae","Agathobacter"
"ASV1185","Bacteria","Verrucomicrobiota","Kiritimatiellae","WCHB1-41",NA,NA
"ASV1186","Bacteria","Firmicutes","Bacilli","RF39",NA,NA
"ASV1187","Bacteria","Firmicutes","Clostridia","Oscillospirales","Ruminococcaceae",NA
"ASV1188","Bacteria","Actinobacteriota","Coriobacteriia","Coriobacteriales","Eggerthellaceae","Adlercreutzia"
"ASV1189","Bacteria","Proteobacteria","Gammaproteobacteria","Burkholderiales","Sutterellaceae","Sutterella"
"ASV1190","Bacteria","Firmicutes","Clostridia","Oscillospirales","Oscillospiraceae","UCG-005"
"ASV1192","Bacteria","Firmicutes","Bacilli","RF39",NA,NA
"ASV1193","Bacteria","Firmicutes","Bacilli","RF39",NA,NA
"ASV1194","Bacteria","Actinobacteriota","Coriobacteriia","Coriobacteriales","Coriobacteriaceae","Collinsella"
"ASV1195","Bacteria","Firmicutes","Clostridia","Peptostreptococcales-Tissierellales","Anaerovoracaceae","Mogibacterium"
"ASV1196","Bacteria","Firmicutes","Clostridia","Oscillospirales","Ruminococcaceae","Faecalibacterium"
"ASV1197","Bacteria","Firmicutes","Clostridia","Lachnospirales","Lachnospiraceae","[Eubacterium] hallii group"
"ASV1198","Bacteria","Firmicutes","Bacilli","Erysipelotrichales","Erysipelotrichaceae","Holdemanella"
"ASV1199","Bacteria","Actinobacteriota","Actinobacteria","Actinomycetales","Actinomycetaceae","Actinomyces"
"ASV1200","Bacteria","Actinobacteriota","Actinobacteria","Corynebacteriales","Corynebacteriaceae","Corynebacterium"
"ASV1201","Bacteria","Firmicutes","Clostridia","Monoglobales","Monoglobaceae","Monoglobus"
"ASV1202","Bacteria","Firmicutes","Clostridia","Monoglobales","Monoglobaceae","Monoglobus"
"ASV1203","Bacteria","Firmicutes","Clostridia","Lachnospirales","Lachnospiraceae","Fusicatenibacter"
"ASV1204","Bacteria","Firmicutes","Bacilli","Lactobacillales","Lactobacillaceae","Ligilactobacillus"
"ASV1205","Bacteria","Firmicutes","Clostridia","Lachnospirales","Defluviitaleaceae","Defluviitaleaceae UCG-011"
"ASV1206","Bacteria","Firmicutes","Clostridia","Lachnospirales","Lachnospiraceae","Coprococcus"
"ASV1207","Bacteria","Firmicutes","Clostridia","Peptostreptococcales-Tissierellales","Peptostreptococcaceae","Romboutsia"
"ASV1208","Bacteria","Firmicutes","Bacilli","Erysipelotrichales","Erysipelotrichaceae","Holdemanella"
"ASV1209","Bacteria","Firmicutes","Clostridia","Clostridia UCG-014",NA,NA
"ASV1210","Bacteria","Bacteroidota","Bacteroidia","Bacteroidales",NA,NA
"ASV1211","Bacteria","Firmicutes","Clostridia","Lachnospirales","Lachnospiraceae",NA
"ASV1212","Bacteria","Firmicutes","Clostridia","Peptostreptococcales-Tissierellales","Anaerovoracaceae","[Eubacterium] brachy group"
"ASV1213","Bacteria","Firmicutes","Clostridia","Lachnospirales","Lachnospiraceae","Lactonifactor"
"ASV1214","Bacteria","Firmicutes","Clostridia","Lachnospirales","Lachnospiraceae","[Ruminococcus] torques group"
"ASV1215","Bacteria","Firmicutes","Clostridia","Lachnospirales","Lachnospiraceae","Dorea"
"ASV1216","Bacteria","Actinobacteriota","Coriobacteriia","Coriobacteriales","Coriobacteriaceae","Collinsella"
"ASV1217","Bacteria","Firmicutes","Clostridia","Lachnospirales","Lachnospiraceae",NA
"ASV1218","Bacteria","Firmicutes","Clostridia","Christensenellales","Christensenellaceae","Christensenellaceae R-7 group"
"ASV1219","Bacteria","Firmicutes","Clostridia","Oscillospirales","Oscillospiraceae","UCG-002"
"ASV1220","Bacteria","Firmicutes","Clostridia","Oscillospirales","Ruminococcaceae","Ruminococcus"
"ASV1221","Bacteria","Firmicutes","Bacilli","RF39",NA,NA
"ASV1222","Bacteria","Firmicutes","Bacilli","RF39",NA,NA
"ASV1223","Bacteria","Actinobacteriota","Coriobacteriia","Coriobacteriales","Eggerthellaceae",NA
"ASV1224","Bacteria","Firmicutes","Clostridia","Lachnospirales","Lachnospiraceae","Blautia"
"ASV1225","Bacteria","Bacteroidota","Bacteroidia","Bacteroidales","Prevotellaceae","Prevotella"
"ASV1226","Bacteria","Firmicutes","Clostridia","Peptostreptococcales-Tissierellales","Peptostreptococcaceae","Romboutsia"
"ASV1227","Bacteria","Firmicutes","Clostridia","Lachnospirales","Lachnospiraceae","Marvinbryantia"
"ASV1228","Bacteria","Firmicutes","Clostridia","Lachnospirales","Lachnospiraceae","Dorea"
"ASV1229","Bacteria","Firmicutes","Clostridia","Clostridiales","Clostridiaceae","Clostridium sensu stricto 1"
"ASV1230","Bacteria","Firmicutes","Clostridia","Oscillospirales","Ruminococcaceae","Subdoligranulum"
"ASV1231","Bacteria","Firmicutes","Clostridia","Lachnospirales","Lachnospiraceae",NA
"ASV1232","Bacteria","Firmicutes","Bacilli","Erysipelotrichales","Erysipelatoclostridiaceae","Erysipelatoclostridium"
"ASV1233","Bacteria","Firmicutes","Clostridia","Oscillospirales","UCG-010",NA
"ASV1234","Bacteria","Bacteroidota","Bacteroidia","Bacteroidales","Marinifilaceae","Butyricimonas"
"ASV1235","Bacteria","Firmicutes","Clostridia","Lachnospirales","Lachnospiraceae","Agathobacter"
"ASV1236","Bacteria","Firmicutes","Clostridia","Lachnospirales","Lachnospiraceae","Blautia"
"ASV1237","Bacteria","Cyanobacteria","Vampirivibrionia","Gastranaerophilales",NA,NA
"ASV1238","Bacteria","Firmicutes","Bacilli","Erysipelotrichales","Erysipelotrichaceae","Solobacterium"
"ASV1239","Bacteria","Firmicutes","Clostridia","Monoglobales","Monoglobaceae","Monoglobus"
"ASV1240","Bacteria","Firmicutes","Clostridia","Oscillospirales","[Eubacterium] coprostanoligenes group",NA
"ASV1241","Bacteria","Actinobacteriota","Coriobacteriia","Coriobacteriales","Eggerthellaceae","Enterorhabdus"
"ASV1242","Bacteria","Firmicutes","Clostridia","Lachnospirales","Lachnospiraceae",NA
"ASV1243","Bacteria","Firmicutes","Clostridia","Lachnospirales","Lachnospiraceae","Lachnospiraceae UCG-004"
"ASV1244","Bacteria","Firmicutes","Bacilli","Lactobacillales","Lactobacillaceae","Ligilactobacillus"
"ASV1245","Bacteria","Actinobacteriota","Coriobacteriia","Coriobacteriales","Coriobacteriaceae","Enorma"
"ASV1246","Bacteria","Actinobacteriota","Coriobacteriia","Coriobacteriales","Eggerthellaceae","CHKCI002"
"ASV1247","Bacteria","Firmicutes","Clostridia","Lachnospirales","Lachnospiraceae","Blautia"
"ASV1248","Bacteria","Firmicutes","Clostridia","Oscillospirales","Ruminococcaceae",NA
"ASV1249","Bacteria","Bacteroidota","Bacteroidia","Bacteroidales","Rikenellaceae","Rikenellaceae RC9 gut group"
"ASV1250","Bacteria","Cyanobacteria","Vampirivibrionia","Gastranaerophilales",NA,NA
"ASV1251","Bacteria","Firmicutes","Clostridia","Oscillospirales","UCG-010",NA
"ASV1252","Bacteria","Firmicutes","Bacilli","Lactobacillales","Lactobacillaceae","Weissella"
"ASV1253","Bacteria","Firmicutes","Clostridia","Clostridiales","Clostridiaceae","Clostridium sensu stricto 1"
"ASV1254","Bacteria","Firmicutes","Clostridia","Oscillospirales","Ruminococcaceae","Ruminococcus"
"ASV1255","Bacteria","Firmicutes","Clostridia","Lachnospirales","Lachnospiraceae","[Ruminococcus] torques group"
"ASV1256","Bacteria","Firmicutes","Bacilli","RF39",NA,NA
"ASV1257","Bacteria","Firmicutes","Bacilli","RF39",NA,NA
"ASV1258","Bacteria","Firmicutes","Clostridia","Clostridia UCG-014",NA,NA
"ASV1259","Bacteria","Firmicutes","Bacilli","Erysipelotrichales","Erysipelotrichaceae","Holdemanella"
"ASV1260","Bacteria","Firmicutes","Clostridia","Lachnospirales","Lachnospiraceae","Dorea"
"ASV1261","Bacteria","Firmicutes","Clostridia","Lachnospirales","Lachnospiraceae","[Eubacterium] hallii group"
"ASV1262","Bacteria","Firmicutes","Clostridia","Oscillospirales","Ruminococcaceae","Ruminococcus"
"ASV1263","Bacteria","Firmicutes","Clostridia","Lachnospirales","Lachnospiraceae","Blautia"
"ASV1264","Bacteria","Cyanobacteria","Vampirivibrionia","Gastranaerophilales",NA,NA
"ASV1265","Bacteria","Firmicutes","Clostridia","Lachnospirales","Lachnospiraceae",NA
"ASV1266","Bacteria","Firmicutes","Bacilli","Erysipelotrichales","Erysipelatoclostridiaceae","Catenibacterium"
"ASV1267","Bacteria","Bacteroidota","Bacteroidia","Bacteroidales","Prevotellaceae","Prevotella"
"ASV1268","Bacteria","Firmicutes","Clostridia","Clostridiales","Clostridiaceae","Clostridium sensu stricto 1"
"ASV1269","Bacteria","Firmicutes","Clostridia","Lachnospirales","Lachnospiraceae","[Ruminococcus] gauvreauii group"
"ASV1270","Bacteria","Firmicutes","Clostridia","Oscillospirales","Oscillospiraceae","UCG-002"
"ASV1271","Bacteria","Firmicutes","Clostridia","Oscillospirales","Ruminococcaceae","Ruminococcus"
"ASV1272","Bacteria","Firmicutes","Bacilli","Staphylococcales","Gemellaceae","Gemella"
"ASV1273","Bacteria","Firmicutes","Clostridia","Clostridia UCG-014",NA,NA
"ASV1274","Bacteria","Firmicutes","Clostridia","Clostridiales","Clostridiaceae","Sarcina"
"ASV1275","Bacteria","Firmicutes","Clostridia","Clostridia UCG-014",NA,NA
"ASV1276","Bacteria","Firmicutes","Clostridia","Lachnospirales","Lachnospiraceae","Blautia"
"ASV1277","Bacteria","Firmicutes","Clostridia","Peptococcales","Peptococcaceae","Peptococcus"
"ASV1278","Bacteria","Firmicutes","Clostridia","Lachnospirales","Lachnospiraceae","Pseudobutyrivibrio"
"ASV1279","Bacteria","Firmicutes","Clostridia","Lachnospirales","Lachnospiraceae","Lachnospiraceae ND3007 group"
"ASV1280","Bacteria","Firmicutes","Bacilli","RF39",NA,NA
"ASV1281","Bacteria","Actinobacteriota","Actinobacteria","Bifidobacteriales","Bifidobacteriaceae","Bifidobacterium"
"ASV1282","Bacteria","Actinobacteriota","Coriobacteriia","Coriobacteriales","Eggerthellaceae","Enterorhabdus"
"ASV1283","Bacteria","Firmicutes","Clostridia","Oscillospirales","Oscillospiraceae","UCG-002"
"ASV1284","Bacteria","Firmicutes","Clostridia","Lachnospirales","Lachnospiraceae","[Eubacterium] eligens group"
"ASV1285","Bacteria","Firmicutes","Bacilli","Lactobacillales","Lactobacillaceae","Companilactobacillus"
"ASV1286","Bacteria","Bacteroidota","Bacteroidia","Bacteroidales","Prevotellaceae","Prevotella"
"ASV1287","Bacteria","Firmicutes","Clostridia","Lachnospirales","Lachnospiraceae",NA
"ASV1288","Bacteria","Bacteroidota","Bacteroidia","Bacteroidales","Tannerellaceae","Parabacteroides"
"ASV1289","Bacteria","Firmicutes","Bacilli","Lactobacillales","Lactobacillaceae","HT002"
"ASV1290","Bacteria","Firmicutes","Clostridia","Monoglobales","Monoglobaceae","Monoglobus"
"ASV1291","Bacteria","Firmicutes","Clostridia","Peptostreptococcales-Tissierellales","Peptostreptococcaceae","Romboutsia"
"ASV1292","Bacteria","Firmicutes","Clostridia","Oscillospirales","UCG-010",NA
"ASV1293","Bacteria","Firmicutes","Clostridia","Lachnospirales","Lachnospiraceae",NA
"ASV1294","Bacteria","Firmicutes","Clostridia","Lachnospirales","Lachnospiraceae","Lachnoclostridium"
"ASV1295","Bacteria","Firmicutes","Clostridia","Clostridia vadinBB60 group",NA,NA
"ASV1296","Bacteria","Firmicutes","Clostridia","Peptostreptococcales-Tissierellales","Family XI","Parvimonas"
"ASV1297","Bacteria","Firmicutes","Clostridia","Lachnospirales","Lachnospiraceae","Dorea"
"ASV1298","Bacteria","Firmicutes","Clostridia","Clostridiales","Clostridiaceae","Clostridium sensu stricto 1"
"ASV1299","Bacteria","Firmicutes","Bacilli","Erysipelotrichales","Erysipelotrichaceae","Holdemanella"
"ASV1300","Bacteria","Firmicutes","Bacilli","RF39",NA,NA
"ASV1301","Bacteria","Firmicutes","Clostridia","Clostridia UCG-014",NA,NA
"ASV1302","Bacteria","Verrucomicrobiota","Lentisphaeria","Victivallales","vadinBE97",NA
"ASV1303","Bacteria","Firmicutes","Clostridia","Lachnospirales","Lachnospiraceae","Fusicatenibacter"
"ASV1304","Bacteria","Firmicutes","Clostridia","Lachnospirales","Lachnospiraceae","Lachnoclostridium"
"ASV1305","Bacteria","Firmicutes","Bacilli","Erysipelotrichales","Erysipelotrichaceae","[Clostridium] innocuum group"
"ASV1306","Bacteria","Firmicutes","Clostridia","Lachnospirales","Lachnospiraceae","Blautia"
"ASV1307","Bacteria","Firmicutes","Clostridia","Oscillospirales","[Eubacterium] coprostanoligenes group",NA
"ASV1308","Bacteria","Firmicutes","Clostridia","Clostridia UCG-014",NA,NA
"ASV1309","Bacteria","Actinobacteriota","Coriobacteriia","Coriobacteriales","Coriobacteriales Incertae Sedis",NA
"ASV1310","Bacteria","Firmicutes","Clostridia","Lachnospirales","Lachnospiraceae","[Ruminococcus] torques group"
"ASV1311","Bacteria","Firmicutes","Clostridia",NA,NA,NA
"ASV1312","Bacteria","Bacteroidota","Bacteroidia","Bacteroidales","Marinifilaceae","Butyricimonas"
"ASV1313","Bacteria","Firmicutes","Clostridia","Oscillospirales","Ruminococcaceae","Subdoligranulum"
"ASV1314","Bacteria","Firmicutes","Clostridia","Oscillospirales","UCG-010",NA
"ASV1315","Bacteria","Firmicutes","Clostridia","Oscillospirales","UCG-010",NA
"ASV1316","Bacteria","Firmicutes","Clostridia","Clostridiales","Clostridiaceae","Clostridium sensu stricto 1"
"ASV1317","Bacteria","Firmicutes","Clostridia",NA,NA,NA
"ASV1318","Bacteria","Firmicutes","Bacilli","Erysipelotrichales","Erysipelatoclostridiaceae","Catenibacterium"
"ASV1319","Bacteria","Firmicutes","Clostridia","Lachnospirales","Lachnospiraceae",NA
"ASV1320","Bacteria","Firmicutes","Clostridia","Lachnospirales","Lachnospiraceae","Lachnospiraceae FCS020 group"
"ASV1321","Bacteria","Firmicutes","Clostridia","Clostridia vadinBB60 group",NA,NA
"ASV1322","Bacteria","Bacteroidota","Bacteroidia","Bacteroidales","p-2534-18B5 gut group",NA
"ASV1323","Bacteria","Firmicutes","Clostridia","Christensenellales","Christensenellaceae","Christensenellaceae R-7 group"
"ASV1324","Bacteria","Cyanobacteria","Vampirivibrionia","Gastranaerophilales",NA,NA
"ASV1325","Bacteria","Actinobacteriota","Actinobacteria","Actinomycetales","Actinomycetaceae","Arcanobacterium"
"ASV1326","Bacteria","Firmicutes","Clostridia","Lachnospirales","Lachnospiraceae","Anaerostipes"
"ASV1327","Bacteria","Firmicutes","Clostridia","Lachnospirales","Lachnospiraceae",NA
"ASV1328","Bacteria","Firmicutes","Bacilli","RF39",NA,NA
"ASV1329","Bacteria","Firmicutes","Clostridia","Lachnospirales","Lachnospiraceae","Lachnospiraceae NK3A20 group"
"ASV1330","Bacteria","Firmicutes","Clostridia","Oscillospirales","Oscillospiraceae","Oscillibacter"
"ASV1331","Bacteria","Firmicutes","Clostridia","Lachnospirales","Lachnospiraceae","[Eubacterium] hallii group"
"ASV1332","Bacteria","Firmicutes","Bacilli","RF39",NA,NA
"ASV1333","Bacteria","Firmicutes","Bacilli","RF39",NA,NA
"ASV1334","Bacteria","Firmicutes","Bacilli","RF39",NA,NA
"ASV1335","Bacteria","Firmicutes","Clostridia","Clostridia UCG-014",NA,NA
"ASV1336","Bacteria","Firmicutes","Bacilli","RF39",NA,NA
"ASV1337","Bacteria","Firmicutes","Clostridia","Lachnospirales","Lachnospiraceae","[Eubacterium] hallii group"
"ASV1338","Bacteria","Bacteroidota","Bacteroidia","Bacteroidales","Prevotellaceae",NA
"ASV1339","Bacteria","Bacteroidota","Bacteroidia","Bacteroidales","Prevotellaceae","Prevotella_9"
"ASV1340","Bacteria","Actinobacteriota","Coriobacteriia","Coriobacteriales","Eggerthellaceae",NA
"ASV1341","Bacteria","Firmicutes","Clostridia","Oscillospirales","Ruminococcaceae","Ruminococcus"
"ASV1342","Bacteria","Firmicutes","Clostridia","Oscillospirales","UCG-010",NA
"ASV1343","Bacteria","Firmicutes","Clostridia","Oscillospirales","Ruminococcaceae","Ruminococcus"
"ASV1344","Bacteria","Firmicutes","Bacilli","RF39",NA,NA
"ASV1345","Bacteria","Firmicutes","Clostridia","Lachnospirales","Lachnospiraceae",NA
"ASV1346","Bacteria","Firmicutes","Clostridia","Clostridia UCG-014",NA,NA
"ASV1347","Bacteria","Actinobacteriota","Coriobacteriia","Coriobacteriales","Eggerthellaceae","Enterorhabdus"
"ASV1348","Bacteria","Firmicutes","Clostridia","Clostridia vadinBB60 group",NA,NA
"ASV1349","Bacteria","Cyanobacteria","Vampirivibrionia","Gastranaerophilales",NA,NA
"ASV1350","Bacteria","Bacteroidota","Bacteroidia","Bacteroidales","Prevotellaceae","Prevotella_9"
"ASV1351","Bacteria","Firmicutes","Clostridia","Clostridiales","Clostridiaceae","Clostridium sensu stricto 1"
"ASV1352","Bacteria","Firmicutes","Clostridia","Oscillospirales","Oscillospiraceae",NA
"ASV1353","Bacteria","Firmicutes","Bacilli","Erysipelotrichales","Erysipelatoclostridiaceae","Catenibacterium"
"ASV1354","Bacteria","Firmicutes","Clostridia","Clostridia vadinBB60 group",NA,NA
"ASV1355","Bacteria","Firmicutes","Bacilli","RF39",NA,NA
"ASV1356","Bacteria","Firmicutes","Clostridia","Oscillospirales","Oscillospiraceae","UCG-002"
"ASV1357","Bacteria","Firmicutes","Bacilli","RF39",NA,NA
"ASV1358","Bacteria","Firmicutes","Clostridia","Lachnospirales","Lachnospiraceae","Blautia"
"ASV1359","Bacteria","Firmicutes","Clostridia","Clostridiales","Clostridiaceae","Clostridium sensu stricto 1"
"ASV1360","Bacteria","Firmicutes","Clostridia","Peptostreptococcales-Tissierellales","Family XI","Anaerococcus"
"ASV1361","Bacteria","Firmicutes","Clostridia","Oscillospirales","[Eubacterium] coprostanoligenes group",NA
"ASV1362","Bacteria","Firmicutes","Clostridia","Clostridiales","Clostridiaceae","Clostridium sensu stricto 1"
"ASV1363","Bacteria","Firmicutes","Clostridia","Lachnospirales","Lachnospiraceae","[Ruminococcus] torques group"
"ASV1364","Bacteria","Actinobacteriota","Actinobacteria","Actinomycetales","Actinomycetaceae","Actinomyces"
"ASV1365","Bacteria","Firmicutes","Negativicutes","Veillonellales-Selenomonadales","Veillonellaceae","Veillonella"
"ASV1366","Bacteria","Firmicutes","Clostridia","Lachnospirales","Lachnospiraceae","GCA-900066575"
"ASV1367","Bacteria","Firmicutes","Clostridia","Lachnospirales","Lachnospiraceae","Blautia"
"ASV1368","Bacteria","Firmicutes","Bacilli","Erysipelotrichales","Erysipelotrichaceae","Holdemanella"
"ASV1369","Bacteria","Firmicutes","Bacilli","Lactobacillales","Lactobacillaceae","Limosilactobacillus"
"ASV1370","Bacteria","Firmicutes","Clostridia","Lachnospirales","Lachnospiraceae","Blautia"
"ASV1371","Bacteria","Firmicutes","Clostridia","Oscillospirales","Ruminococcaceae","Subdoligranulum"
"ASV1372","Bacteria","Firmicutes","Clostridia","Oscillospirales","Ruminococcaceae","Subdoligranulum"
"ASV1373","Bacteria","Firmicutes","Clostridia","Lachnospirales","Lachnospiraceae",NA
"ASV1374","Bacteria","Actinobacteriota","Coriobacteriia","Coriobacteriales","Coriobacteriaceae","Collinsella"
"ASV1375","Bacteria","Firmicutes","Bacilli","RF39",NA,NA
"ASV1376","Bacteria","Firmicutes","Bacilli","RF39",NA,NA
"ASV1377","Bacteria","Firmicutes","Clostridia","Clostridia UCG-014",NA,NA
"ASV1378","Bacteria","Firmicutes","Clostridia","Oscillospirales","UCG-010",NA
"ASV1379","Bacteria","Firmicutes","Bacilli","RF39",NA,NA
"ASV1380","Bacteria","Firmicutes","Clostridia","Lachnospirales","Lachnospiraceae","Lachnospiraceae UCG-004"
"ASV1381","Bacteria","Bacteroidota","Bacteroidia","Bacteroidales","Prevotellaceae","Prevotella"
"ASV1382","Bacteria","Firmicutes","Bacilli","RF39",NA,NA
"ASV1383","Bacteria","Firmicutes","Clostridia","Clostridia UCG-014",NA,NA
"ASV1384","Bacteria","Firmicutes","Clostridia","Lachnospirales","Lachnospiraceae","Marvinbryantia"
"ASV1385","Bacteria","Firmicutes","Clostridia","Lachnospirales","Lachnospiraceae","Roseburia"
"ASV1386","Bacteria","Firmicutes","Clostridia","Peptostreptococcales-Tissierellales","Anaerovoracaceae","[Eubacterium] saphenum group"
"ASV1387","Bacteria","Firmicutes","Clostridia","Clostridiales","Clostridiaceae","Clostridium sensu stricto 1"
"ASV1388","Bacteria","Firmicutes","Bacilli","RF39",NA,NA
"ASV1389","Bacteria","Firmicutes","Clostridia","Lachnospirales","Lachnospiraceae","Coprococcus"
"ASV1390","Bacteria","Firmicutes","Clostridia","Lachnospirales","Lachnospiraceae","Blautia"
"ASV1391","Bacteria","Firmicutes","Negativicutes","Veillonellales-Selenomonadales","Veillonellaceae","Veillonella"
"ASV1392","Bacteria","Firmicutes","Clostridia","Lachnospirales","Lachnospiraceae","Blautia"
"ASV1393","Bacteria","Firmicutes","Bacilli","Erysipelotrichales","Erysipelotrichaceae","Holdemanella"
"ASV1394","Bacteria","Firmicutes","Clostridia","Oscillospirales","[Eubacterium] coprostanoligenes group",NA
"ASV1395","Bacteria","Firmicutes","Clostridia","Peptostreptococcales-Tissierellales","Peptostreptococcaceae","Terrisporobacter"
"ASV1396","Bacteria","Bacteroidota","Bacteroidia","Bacteroidales","Prevotellaceae","Prevotella_9"
"ASV1397","Bacteria","Firmicutes","Clostridia","Lachnospirales","Lachnospiraceae","Blautia"
"ASV1398","Bacteria","Firmicutes","Bacilli","RF39",NA,NA
"ASV1399","Bacteria","Firmicutes","Bacilli","RF39",NA,NA
"ASV1400","Bacteria","Actinobacteriota","Actinobacteria","Corynebacteriales","Corynebacteriaceae","Corynebacterium"
"ASV1401","Bacteria","Firmicutes","Bacilli","RF39",NA,NA
"ASV1402","Bacteria","Actinobacteriota","Coriobacteriia","Coriobacteriales","Eggerthellaceae","Eggerthella"
"ASV1403","Bacteria","Firmicutes","Bacilli","Lactobacillales","Lactobacillaceae","Limosilactobacillus"
"ASV1404","Bacteria","Firmicutes","Bacilli","RF39",NA,NA
"ASV1405","Bacteria","Firmicutes","Clostridia","Eubacteriales","Anaerofustaceae","Anaerofustis"
"ASV1406","Bacteria","Bacteroidota","Bacteroidia","Bacteroidales","Bacteroidaceae","Bacteroides"
"ASV1407","Bacteria","Firmicutes","Clostridia","Lachnospirales","Lachnospiraceae","Blautia"
"ASV1408","Bacteria","Firmicutes","Bacilli","Erysipelotrichales","Erysipelotrichaceae","Holdemanella"
"ASV1409","Bacteria","Desulfobacterota","Desulfovibrionia","Desulfovibrionales","Desulfovibrionaceae","Bilophila"
"ASV1410","Bacteria","Bacteroidota","Bacteroidia","Bacteroidales","Bacteroidaceae","Bacteroides"
"ASV1411","Bacteria","Firmicutes","Clostridia","Lachnospirales","Lachnospiraceae",NA
"ASV1412","Bacteria","Firmicutes","Clostridia","Clostridia UCG-014",NA,NA
"ASV1413","Bacteria","Firmicutes","Bacilli","RF39",NA,NA
"ASV1414","Bacteria","Fusobacteriota","Fusobacteriia","Fusobacteriales","Fusobacteriaceae","Fusobacterium"
"ASV1415","Bacteria","Actinobacteriota","Coriobacteriia","Coriobacteriales","Atopobiaceae",NA
"ASV1416","Bacteria","Firmicutes","Clostridia","Oscillospirales","Ruminococcaceae",NA
"ASV1417","Bacteria","Firmicutes","Negativicutes","Veillonellales-Selenomonadales","Veillonellaceae","Allisonella"
"ASV1418","Bacteria","Firmicutes","Clostridia","Oscillospirales","Ruminococcaceae","Faecalibacterium"
"ASV1419","Bacteria","Firmicutes","Bacilli","Lactobacillales","Lactobacillaceae","Lactobacillus"
"ASV1420","Bacteria","Firmicutes","Clostridia","Clostridiales","Clostridiaceae","Clostridium sensu stricto 1"
"ASV1421","Bacteria","Firmicutes","Clostridia","Oscillospirales","Ruminococcaceae","Subdoligranulum"
"ASV1423","Bacteria","Firmicutes","Clostridia","Lachnospirales","Lachnospiraceae","Coprococcus"
"ASV1424","Bacteria","Firmicutes","Clostridia","Oscillospirales","Oscillospiraceae","Colidextribacter"
"ASV1425","Bacteria","Firmicutes","Bacilli","RF39",NA,NA
"ASV1426","Bacteria","Firmicutes","Clostridia","Lachnospirales","Lachnospiraceae","Syntrophococcus"
"ASV1427","Bacteria","Firmicutes","Clostridia","Lachnospirales","Lachnospiraceae","Blautia"
"ASV1428","Bacteria","Firmicutes","Clostridia","Oscillospirales","Oscillospiraceae","UCG-002"
"ASV1429","Bacteria","Firmicutes","Clostridia","Lachnospirales","Lachnospiraceae","Roseburia"
"ASV1430","Bacteria","Bacteroidota","Bacteroidia","Bacteroidales","Porphyromonadaceae","Porphyromonas"
"ASV1431","Bacteria","Proteobacteria","Gammaproteobacteria","Burkholderiales","Neisseriaceae","Neisseria"
"ASV1432","Bacteria","Bacteroidota","Bacteroidia","Bacteroidales","Prevotellaceae","Prevotella"
"ASV1433","Bacteria","Actinobacteriota","Coriobacteriia","Coriobacteriales","Atopobiaceae","Atopobium"
"ASV1434","Bacteria","Firmicutes","Clostridia","Christensenellales","Christensenellaceae","Christensenellaceae R-7 group"
"ASV1435","Bacteria","Firmicutes","Bacilli","RF39",NA,NA
"ASV1436","Bacteria","Firmicutes","Bacilli","RF39",NA,NA
"ASV1437","Bacteria","Firmicutes","Clostridia","Oscillospirales","[Eubacterium] coprostanoligenes group",NA
"ASV1438","Bacteria","Bacteroidota","Bacteroidia","Bacteroidales","Prevotellaceae","Prevotella"
"ASV1439","Bacteria","Firmicutes","Clostridia","Clostridia UCG-014",NA,NA
"ASV1440","Bacteria","Firmicutes","Clostridia","Lachnospirales","Lachnospiraceae","[Eubacterium] hallii group"
"ASV1441","Bacteria","Firmicutes","Bacilli","Erysipelotrichales","Erysipelotrichaceae","Holdemanella"
"ASV1442","Bacteria","Firmicutes","Clostridia","Lachnospirales","Lachnospiraceae","Coprococcus"
"ASV1443","Bacteria","Actinobacteriota","Actinobacteria","Actinomycetales","Actinomycetaceae","Arcanobacterium"
"ASV1444","Bacteria","Actinobacteriota","Coriobacteriia","Coriobacteriales","Atopobiaceae",NA
"ASV1445","Bacteria","Firmicutes","Bacilli","Erysipelotrichales","Erysipelatoclostridiaceae","Catenibacterium"
"ASV1446","Bacteria","Bacteroidota","Bacteroidia","Bacteroidales","Muribaculaceae",NA
"ASV1447","Bacteria","Firmicutes","Clostridia","Clostridia vadinBB60 group",NA,NA
"ASV1448","Bacteria","Firmicutes","Clostridia","Lachnospirales","Lachnospiraceae","Anaerostipes"
"ASV1449","Bacteria","Firmicutes","Clostridia","Lachnospirales","Lachnospiraceae","Dorea"
"ASV1450","Bacteria","Firmicutes","Clostridia","Oscillospirales","UCG-010",NA
"ASV1451","Bacteria","Firmicutes","Clostridia","Lachnospirales","Lachnospiraceae","Dorea"
"ASV1452","Bacteria","Firmicutes","Clostridia","Lachnospirales","Lachnospiraceae",NA
"ASV1453","Bacteria","Firmicutes","Bacilli","Erysipelotrichales","Erysipelatoclostridiaceae","Catenibacterium"
"ASV1454","Bacteria","Firmicutes","Bacilli","RF39",NA,NA
"ASV1455","Bacteria","Firmicutes","Bacilli","Erysipelotrichales","Erysipelotrichaceae","Turicibacter"
"ASV1456","Bacteria","Firmicutes","Clostridia","Oscillospirales","Ruminococcaceae","Subdoligranulum"
"ASV1457","Bacteria","Firmicutes","Clostridia","Peptostreptococcales-Tissierellales","Family XI","Parvimonas"
"ASV1458","Bacteria","Firmicutes","Clostridia","Peptostreptococcales-Tissierellales","Family XI","Peptoniphilus"
"ASV1459","Bacteria","Proteobacteria","Gammaproteobacteria","Burkholderiales","Sutterellaceae","Sutterella"
"ASV1461","Bacteria","Firmicutes","Bacilli","RF39",NA,NA
"ASV1462","Bacteria","Bacteroidota","Bacteroidia","Bacteroidales","Rikenellaceae","dgA-11 gut group"
"ASV1463","Bacteria","Firmicutes","Clostridia","Oscillospirales","Ruminococcaceae","Ruminococcus"
"ASV1464","Bacteria","Firmicutes","Clostridia","Oscillospirales","UCG-010",NA
"ASV1465","Bacteria","Firmicutes","Bacilli","RF39",NA,NA
"ASV1466","Bacteria","Firmicutes","Clostridia","Oscillospirales","[Clostridium] methylpentosum group",NA
"ASV1467","Bacteria","Bacteroidota","Bacteroidia","Bacteroidales","Prevotellaceae","Prevotella_9"
"ASV1468","Bacteria","Firmicutes","Clostridia","Lachnospirales","Lachnospiraceae","Dorea"
"ASV1469","Bacteria","Actinobacteriota","Actinobacteria","Bifidobacteriales","Bifidobacteriaceae","Scardovia"
"ASV1470","Bacteria","Firmicutes","Clostridia","Clostridia UCG-014",NA,NA
"ASV1471","Bacteria","Firmicutes","Clostridia","Lachnospirales","Lachnospiraceae","Agathobacter"
"ASV1472","Bacteria","Firmicutes","Clostridia","Clostridiales","Clostridiaceae","Clostridium sensu stricto 1"
"ASV1473","Bacteria","Firmicutes","Clostridia","Peptostreptococcales-Tissierellales","Peptostreptococcaceae","Romboutsia"
"ASV1474","Bacteria","Actinobacteriota","Coriobacteriia","Coriobacteriales","Eggerthellaceae","CHKCI002"
"ASV1475","Bacteria","Firmicutes","Bacilli","Lactobacillales","Lactobacillaceae","Lactiplantibacillus"
"ASV1476","Bacteria","Firmicutes","Clostridia","Oscillospirales","UCG-010",NA
"ASV1477","Bacteria","Firmicutes","Clostridia","Peptostreptococcales-Tissierellales","Peptostreptococcaceae","Romboutsia"
"ASV1478","Bacteria","Firmicutes","Clostridia","Oscillospirales","Ruminococcaceae","Subdoligranulum"
"ASV1479","Bacteria","Firmicutes","Clostridia","Lachnospirales","Lachnospiraceae","Dorea"
"ASV1480","Bacteria","Proteobacteria","Gammaproteobacteria","Enterobacterales","Enterobacteriaceae",NA
"ASV1481","Bacteria","Firmicutes","Clostridia","Clostridiales","Clostridiaceae","Clostridium sensu stricto 1"
"ASV1482","Bacteria","Firmicutes","Bacilli","RF39",NA,NA
"ASV1483","Bacteria","Firmicutes","Bacilli","RF39",NA,NA
"ASV1484","Bacteria","Firmicutes","Clostridia","Lachnospirales","Lachnospiraceae","Dorea"
"ASV1485","Bacteria","Firmicutes","Clostridia","Lachnospirales","Lachnospiraceae",NA
"ASV1486","Bacteria","Firmicutes","Clostridia","Lachnospirales","Lachnospiraceae","[Ruminococcus] torques group"
"ASV1487","Bacteria","Firmicutes","Clostridia","Lachnospirales","Lachnospiraceae","Blautia"
"ASV1488","Bacteria","Firmicutes","Clostridia","Monoglobales","Monoglobaceae","Monoglobus"
"ASV1489","Bacteria","Firmicutes","Clostridia","Oscillospirales","Oscillospiraceae","UCG-005"
"ASV1490","Bacteria","Actinobacteriota","Coriobacteriia","Coriobacteriales","Eggerthellaceae","Enterorhabdus"
"ASV1491","Bacteria","Firmicutes","Clostridia","Lachnospirales","Lachnospiraceae","[Eubacterium] hallii group"
"ASV1492","Bacteria","Firmicutes","Clostridia","Peptostreptococcales-Tissierellales","Peptostreptococcaceae","Romboutsia"
"ASV1493","Bacteria","Firmicutes","Clostridia","Lachnospirales","Lachnospiraceae","Lachnoclostridium"
"ASV1494","Bacteria","Firmicutes","Clostridia","Lachnospirales","Lachnospiraceae",NA
"ASV1495","Bacteria","Firmicutes","Clostridia","Lachnospirales","Lachnospiraceae","Blautia"
"ASV1496","Bacteria","Firmicutes","Clostridia","Lachnospirales","Lachnospiraceae","Blautia"
"ASV1497","Bacteria","Firmicutes","Clostridia","Lachnospirales","Lachnospiraceae","Fusicatenibacter"
"ASV1498","Bacteria","Firmicutes","Clostridia",NA,NA,NA
"ASV1499","Bacteria","Firmicutes","Clostridia","Oscillospirales","Ruminococcaceae","Faecalibacterium"
"ASV1500","Bacteria","Firmicutes","Clostridia","Lachnospirales","Lachnospiraceae","Fusicatenibacter"
"ASV1501","Bacteria","Firmicutes","Clostridia","Lachnospirales","Lachnospiraceae","Coprococcus"
"ASV1502","Bacteria","Firmicutes","Clostridia","Monoglobales","Monoglobaceae","Monoglobus"
"ASV1503","Bacteria","Firmicutes","Bacilli","Lactobacillales","Lactobacillaceae","Leuconostoc"
"ASV1504","Bacteria","Firmicutes","Clostridia","Lachnospirales","Lachnospiraceae","Blautia"
"ASV1505","Bacteria","Firmicutes","Clostridia","Clostridia UCG-014",NA,NA
"ASV1506","Bacteria","Actinobacteriota","Coriobacteriia","Coriobacteriales","Atopobiaceae","Olsenella"
"ASV1507","Bacteria","Firmicutes","Clostridia","Clostridia UCG-014",NA,NA
"ASV1508","Bacteria","Firmicutes","Clostridia","Clostridia UCG-014",NA,NA
"ASV1509","Bacteria","Firmicutes","Clostridia","Christensenellales","Christensenellaceae","Christensenellaceae R-7 group"
"ASV1510","Bacteria","Cyanobacteria","Vampirivibrionia","Gastranaerophilales",NA,NA
"ASV1511","Bacteria","Firmicutes","Bacilli","Erysipelotrichales","Erysipelatoclostridiaceae","Catenibacterium"
"ASV1512","Bacteria","Firmicutes","Clostridia","Clostridia UCG-014",NA,NA
"ASV1513","Bacteria","Firmicutes","Clostridia","Oscillospirales","Ruminococcaceae",NA
"ASV1514","Bacteria","Firmicutes","Clostridia","Lachnospirales","Lachnospiraceae",NA
"ASV1515","Bacteria","Firmicutes","Clostridia","Clostridiales","Clostridiaceae","Clostridium sensu stricto 1"
"ASV1516","Bacteria","Firmicutes","Clostridia","Lachnospirales","Lachnospiraceae","Blautia"
"ASV1517","Bacteria","Firmicutes","Clostridia","Clostridiales","Clostridiaceae","Clostridium sensu stricto 1"
"ASV1518","Bacteria","Firmicutes","Clostridia","Oscillospirales","Oscillospiraceae","Oscillospira"
"ASV1519","Bacteria","Firmicutes","Clostridia","Clostridia UCG-014",NA,NA
"ASV1520","Bacteria","Firmicutes","Clostridia","Oscillospirales","UCG-010",NA
"ASV1521","Bacteria","Firmicutes","Clostridia","Lachnospirales","Lachnospiraceae","Blautia"
"ASV1522","Bacteria","Firmicutes","Bacilli","RF39",NA,NA
"ASV1523","Bacteria","Firmicutes","Bacilli","Bacillales","Planococcaceae",NA
"ASV1524","Bacteria","Firmicutes","Clostridia","Lachnospirales","Lachnospiraceae","Coprococcus"
"ASV1525","Bacteria","Firmicutes","Clostridia","Christensenellales","Christensenellaceae","Christensenellaceae R-7 group"
"ASV1526","Bacteria","Firmicutes","Clostridia","Peptostreptococcales-Tissierellales","Anaerovoracaceae","Mogibacterium"
"ASV1527","Bacteria","Firmicutes","Clostridia","Clostridia UCG-014",NA,NA
"ASV1528","Bacteria","Bacteroidota","Bacteroidia","Bacteroidales","Prevotellaceae","Alloprevotella"
"ASV1529","Bacteria","Firmicutes","Bacilli","Lactobacillales","Lactobacillaceae","Lactobacillus"
"ASV1530","Bacteria","Firmicutes","Clostridia","Lachnospirales","Lachnospiraceae","[Ruminococcus] torques group"
"ASV1531","Bacteria","Firmicutes","Clostridia","Oscillospirales","Ruminococcaceae","Subdoligranulum"
"ASV1532","Bacteria","Firmicutes","Clostridia","Clostridia UCG-014",NA,NA
"ASV1533","Bacteria","Firmicutes","Clostridia","Oscillospirales","Oscillospiraceae","UCG-003"
"ASV1534","Bacteria","Firmicutes","Clostridia","Oscillospirales","Oscillospiraceae","UCG-005"
"ASV1535","Bacteria","Firmicutes","Clostridia","Lachnospirales","Lachnospiraceae","Blautia"
"ASV1536","Bacteria","Bacteroidota","Bacteroidia","Bacteroidales","Bacteroidaceae","Bacteroides"
"ASV1537","Bacteria","Firmicutes","Clostridia","Oscillospirales","Ruminococcaceae","Subdoligranulum"
"ASV1538","Bacteria","Firmicutes","Clostridia","Lachnospirales","Lachnospiraceae","Robinsoniella"
"ASV1539","Bacteria","Firmicutes","Clostridia","Lachnospirales","Lachnospiraceae","Lachnospiraceae UCG-007"
"ASV1540","Bacteria","Firmicutes","Clostridia","Oscillospirales","Oscillospiraceae","Flavonifractor"
"ASV1541","Bacteria","Firmicutes","Clostridia","Oscillospirales","UCG-010",NA
"ASV1542","Bacteria","Firmicutes","Bacilli","RF39",NA,NA
"ASV1543","Bacteria","Firmicutes","Bacilli","Erysipelotrichales","Erysipelotrichaceae","Holdemanella"
"ASV1544","Bacteria","Firmicutes","Clostridia","Oscillospirales","Ruminococcaceae","Ruminococcus"
"ASV1545","Bacteria","Firmicutes","Clostridia","Lachnospirales","Lachnospiraceae","[Ruminococcus] torques group"
"ASV1546","Bacteria","Firmicutes","Bacilli","Lactobacillales","Lactobacillaceae",NA
"ASV1547","Bacteria","Firmicutes","Bacilli","RF39",NA,NA
"ASV1548","Bacteria","Firmicutes","Clostridia","Peptococcales","Peptococcaceae","Peptococcus"
"ASV1549","Bacteria","Firmicutes","Bacilli","Bacillales","Bacillaceae",NA
"ASV1550","Bacteria","Firmicutes","Clostridia","Lachnospirales","Lachnospiraceae","Coprococcus"
"ASV1551","Bacteria","Actinobacteriota","Coriobacteriia","Coriobacteriales","Coriobacteriales Incertae Sedis",NA
"ASV1552","Bacteria","Firmicutes","Clostridia","Lachnospirales","Lachnospiraceae",NA
"ASV1553","Bacteria","Firmicutes","Clostridia","Peptostreptococcales-Tissierellales","Peptostreptococcaceae","Romboutsia"
"ASV1554","Bacteria","Firmicutes","Clostridia","Lachnospirales","Lachnospiraceae","[Ruminococcus] torques group"
"ASV1555","Bacteria","Firmicutes","Clostridia","Oscillospirales","Ruminococcaceae","Subdoligranulum"
"ASV1556","Bacteria","Firmicutes","Clostridia","Lachnospirales","Lachnospiraceae","[Eubacterium] hallii group"
"ASV1557","Bacteria","Firmicutes","Clostridia","Clostridia UCG-014",NA,NA
"ASV1558","Bacteria","Firmicutes","Clostridia","Peptostreptococcales-Tissierellales","Peptostreptococcaceae","Terrisporobacter"
"ASV1559","Bacteria","Firmicutes","Clostridia","Christensenellales","Christensenellaceae","Christensenellaceae R-7 group"
"ASV1560","Bacteria","Firmicutes","Clostridia","Oscillospirales","Ruminococcaceae","Fournierella"
"ASV1561","Bacteria","Firmicutes","Clostridia","Lachnospirales","Lachnospiraceae","Shuttleworthia"
"ASV1562","Bacteria","Firmicutes","Clostridia","Lachnospirales","Lachnospiraceae","Lachnospiraceae UCG-003"
"ASV1563","Bacteria","Firmicutes","Bacilli","Lactobacillales",NA,NA
"ASV1564","Bacteria","Firmicutes","Clostridia","Oscillospirales","Ruminococcaceae",NA
"ASV1565","Bacteria","Firmicutes","Negativicutes","Acidaminococcales","Acidaminococcaceae","Phascolarctobacterium"
"ASV1566","Bacteria","Firmicutes","Clostridia","Lachnospirales","Lachnospiraceae","Blautia"
"ASV1567","Bacteria","Firmicutes","Clostridia","Oscillospirales","Oscillospiraceae","UCG-003"
"ASV1568","Bacteria","Actinobacteriota","Coriobacteriia","Coriobacteriales","Coriobacteriaceae","Collinsella"
"ASV1569","Bacteria","Firmicutes","Clostridia","Oscillospirales","Oscillospiraceae","Intestinimonas"
"ASV1570","Bacteria","Firmicutes","Clostridia","Peptostreptococcales-Tissierellales","Family XI","Peptoniphilus"
"ASV1571","Bacteria","Bacteroidota","Bacteroidia","Bacteroidales","Prevotellaceae","Prevotella"
"ASV1572","Bacteria","Actinobacteriota","Coriobacteriia","Coriobacteriales","Eggerthellaceae",NA
"ASV1573","Bacteria","Bacteroidota","Bacteroidia","Bacteroidales","Rikenellaceae","Alistipes"
"ASV1574","Bacteria","Firmicutes","Clostridia","Monoglobales","Monoglobaceae","Monoglobus"
"ASV1575","Bacteria","Actinobacteriota","Coriobacteriia","Coriobacteriales","Atopobiaceae",NA
"ASV1576","Bacteria","Firmicutes","Clostridia","Lachnospirales","Lachnospiraceae","Blautia"
"ASV1577","Bacteria","Cyanobacteria","Vampirivibrionia","Gastranaerophilales",NA,NA
"ASV1578","Bacteria","Firmicutes","Clostridia","Lachnospirales","Lachnospiraceae","Lachnospiraceae UCG-010"
"ASV1580","Bacteria","Firmicutes","Clostridia","Lachnospirales","Lachnospiraceae","Dorea"
"ASV1581","Bacteria","Firmicutes","Bacilli","Erysipelotrichales","Erysipelotrichaceae","Holdemanella"
"ASV1582","Bacteria","Firmicutes","Clostridia","Lachnospirales","Lachnospiraceae","Marvinbryantia"
"ASV1583","Bacteria","Firmicutes","Clostridia","Oscillospirales","Oscillospiraceae","NK4A214 group"
"ASV1584","Bacteria","Firmicutes","Bacilli","Bacillales","Planococcaceae",NA
"ASV1585","Bacteria","Firmicutes","Clostridia","Christensenellales","Christensenellaceae","Christensenellaceae R-7 group"
"ASV1586","Bacteria","Proteobacteria","Alphaproteobacteria","Rhodospirillales",NA,NA
"ASV1587","Bacteria","Firmicutes","Clostridia","Oscillospirales","Ruminococcaceae","Faecalibacterium"
"ASV1588","Bacteria","Firmicutes","Bacilli","RF39",NA,NA
"ASV1589","Bacteria","Firmicutes","Clostridia","Oscillospirales","Oscillospiraceae","NK4A214 group"
"ASV1590","Bacteria","Actinobacteriota","Coriobacteriia","Coriobacteriales","Coriobacteriaceae","Collinsella"
"ASV1591","Bacteria","Firmicutes","Clostridia","Oscillospirales","Ruminococcaceae","Ruminococcus"
"ASV1592","Bacteria","Firmicutes","Clostridia","Oscillospirales","Oscillospiraceae","NK4A214 group"
"ASV1593","Bacteria","Firmicutes","Clostridia","Lachnospirales","Lachnospiraceae","Blautia"
"ASV1594","Bacteria","Proteobacteria","Gammaproteobacteria","Burkholderiales","Sutterellaceae","Sutterella"
"ASV1595","Bacteria","Actinobacteriota","Coriobacteriia","Coriobacteriales","Eggerthellaceae","Enterorhabdus"
"ASV1596","Bacteria","Firmicutes","Clostridia","Peptostreptococcales-Tissierellales","Peptostreptococcaceae","Romboutsia"
"ASV1597","Bacteria","Actinobacteriota","Coriobacteriia","Coriobacteriales",NA,NA
"ASV1598","Bacteria","Firmicutes","Negativicutes","Veillonellales-Selenomonadales","Veillonellaceae","Dialister"
"ASV1599","Bacteria","Bacteroidota","Bacteroidia","Bacteroidales","Prevotellaceae","Prevotella_9"
"ASV1600","Bacteria","Firmicutes","Clostridia","Peptostreptococcales-Tissierellales","Peptostreptococcaceae","Romboutsia"
"ASV1601","Bacteria","Firmicutes","Clostridia","Lachnospirales","Lachnospiraceae","[Ruminococcus] torques group"
"ASV1602","Bacteria","Firmicutes","Clostridia","Peptostreptococcales-Tissierellales","Family XI","Fenollaria"
"ASV1603","Bacteria","Firmicutes","Clostridia","Lachnospirales","Lachnospiraceae","Coprococcus"
"ASV1604","Bacteria","Firmicutes","Bacilli","Lactobacillales","Lactobacillaceae",NA
"ASV1605","Bacteria","Actinobacteriota","Actinobacteria","Actinomycetales","Actinomycetaceae","Varibaculum"
"ASV1606","Bacteria","Bacteroidota","Bacteroidia","Bacteroidales","Prevotellaceae","Prevotellaceae NK3B31 group"
"ASV1607","Bacteria","Firmicutes","Clostridia","Clostridia vadinBB60 group",NA,NA
"ASV1608","Bacteria","Firmicutes","Bacilli","Lactobacillales","Lactobacillaceae","Liquorilactobacillus"
"ASV1609","Bacteria","Firmicutes","Clostridia","Lachnospirales","Lachnospiraceae",NA
"ASV1610","Bacteria","Firmicutes","Clostridia","Eubacteriales","Anaerofustaceae","Anaerofustis"
"ASV1611","Bacteria","Firmicutes","Clostridia","Lachnospirales","Lachnospiraceae","Blautia"
"ASV1612","Bacteria","Firmicutes","Clostridia","Lachnospirales","Lachnospiraceae","[Eubacterium] hallii group"
"ASV1613","Bacteria","Fusobacteriota","Fusobacteriia","Fusobacteriales","Fusobacteriaceae","Fusobacterium"
"ASV1614","Bacteria","Bacteroidota","Bacteroidia","Bacteroidales","Prevotellaceae","Prevotella"
"ASV1615","Bacteria","Firmicutes","Clostridia","Oscillospirales","UCG-010",NA
"ASV1616","Bacteria","Firmicutes","Clostridia","Clostridia UCG-014",NA,NA
"ASV1617","Bacteria","Actinobacteriota","Coriobacteriia","Coriobacteriales","Eggerthellaceae","Slackia"
"ASV1618","Bacteria","Firmicutes","Clostridia","Christensenellales","Christensenellaceae","Christensenellaceae R-7 group"
"ASV1619","Bacteria","Firmicutes","Clostridia","Lachnospirales","Lachnospiraceae","Coprococcus"
"ASV1620","Bacteria","Firmicutes","Clostridia","Lachnospirales","Lachnospiraceae","Blautia"
"ASV1621","Bacteria","Firmicutes","Clostridia","Clostridiales","Clostridiaceae","Clostridium sensu stricto 18"
"ASV1622","Bacteria","Firmicutes","Negativicutes","Veillonellales-Selenomonadales","Selenomonadaceae","Mitsuokella"
"ASV1623","Bacteria","Firmicutes","Clostridia","Lachnospirales","Lachnospiraceae","Blautia"
"ASV1624","Bacteria","Firmicutes","Bacilli","Lactobacillales","Lactobacillaceae","Lactobacillus"
"ASV1625","Bacteria","Firmicutes","Clostridia","Oscillospirales","Ruminococcaceae",NA
"ASV1626","Bacteria","Actinobacteriota","Coriobacteriia","Coriobacteriales","Coriobacteriaceae","Collinsella"
"ASV1627","Bacteria","Firmicutes","Bacilli","RF39",NA,NA
"ASV1628","Bacteria","Firmicutes","Bacilli","RF39",NA,NA
"ASV1629","Bacteria","Firmicutes","Clostridia","Oscillospirales","Ruminococcaceae","Subdoligranulum"
"ASV1630","Bacteria","Firmicutes","Clostridia","Monoglobales","Monoglobaceae","Monoglobus"
"ASV1631","Bacteria","Firmicutes","Clostridia","Oscillospirales","[Eubacterium] coprostanoligenes group",NA
"ASV1632","Bacteria","Firmicutes","Bacilli","Erysipelotrichales","Erysipelatoclostridiaceae","Catenibacterium"
"ASV1633","Bacteria","Firmicutes","Clostridia","Lachnospirales","Lachnospiraceae","[Eubacterium] hallii group"
"ASV1634","Bacteria","Firmicutes","Bacilli","RF39",NA,NA
"ASV1635","Bacteria","Firmicutes","Clostridia","Clostridiales","Clostridiaceae","Sarcina"
"ASV1636","Bacteria","Bacteroidota","Bacteroidia","Bacteroidales","Prevotellaceae","Prevotellaceae NK3B31 group"
"ASV1637","Bacteria","Firmicutes","Clostridia","Clostridia UCG-014",NA,NA
"ASV1638","Bacteria","Firmicutes","Clostridia","Peptostreptococcales-Tissierellales","Peptostreptococcaceae","Peptostreptococcus"
"ASV1639","Bacteria","Firmicutes","Clostridia","Oscillospirales","Ruminococcaceae",NA
"ASV1640","Bacteria","Proteobacteria","Gammaproteobacteria","Enterobacterales","Pasteurellaceae","Aggregatibacter"
"ASV1641","Bacteria","Firmicutes","Clostridia","Oscillospirales","Oscillospiraceae","UCG-005"
"ASV1642","Bacteria","Firmicutes","Clostridia","Oscillospirales","Oscillospiraceae","NK4A214 group"
"ASV1643","Bacteria","Bacteroidota","Bacteroidia","Bacteroidales","Porphyromonadaceae","Porphyromonas"
"ASV1644","Bacteria","Firmicutes","Clostridia","Lachnospirales","Lachnospiraceae","[Eubacterium] hallii group"
"ASV1645","Bacteria","Firmicutes","Clostridia","Lachnospirales","Lachnospiraceae","[Eubacterium] hallii group"
"ASV1646","Bacteria","Firmicutes","Clostridia","Lachnospirales","Lachnospiraceae","Blautia"
"ASV1647","Bacteria","Firmicutes","Clostridia","Peptococcales","Peptococcaceae",NA
"ASV1648","Bacteria","Firmicutes","Clostridia","Peptostreptococcales-Tissierellales","Peptostreptococcaceae","Romboutsia"
"ASV1649","Bacteria","Firmicutes","Clostridia","Lachnospirales","Lachnospiraceae",NA
"ASV1650","Bacteria","Firmicutes","Clostridia","Clostridiales","Clostridiaceae","Clostridium sensu stricto 1"
"ASV1651","Bacteria","Firmicutes","Clostridia","Christensenellales","Christensenellaceae",NA
"ASV1652","Bacteria","Actinobacteriota","Actinobacteria","Actinomycetales","Actinomycetaceae","Actinomyces"
"ASV1653","Bacteria","Firmicutes","Clostridia","Lachnospirales","Lachnospiraceae",NA
"ASV1654","Bacteria","Firmicutes","Bacilli","RF39",NA,NA
"ASV1655","Bacteria","Firmicutes","Bacilli","Erysipelotrichales","Erysipelotrichaceae","Holdemanella"
"ASV1656","Bacteria","Cyanobacteria","Vampirivibrionia","Gastranaerophilales",NA,NA
"ASV1657","Bacteria","Firmicutes","Clostridia","Monoglobales","Monoglobaceae","Monoglobus"
"ASV1658","Bacteria","Firmicutes","Clostridia","Oscillospirales","Ruminococcaceae",NA
"ASV1659","Bacteria","Firmicutes","Bacilli","Lactobacillales","Lactobacillaceae","Fructobacillus"
"ASV1660","Bacteria","Firmicutes","Clostridia","Oscillospirales","Ruminococcaceae",NA
"ASV1661","Bacteria","Firmicutes","Clostridia","Clostridia UCG-014",NA,NA
"ASV1662","Bacteria","Firmicutes","Clostridia","Lachnospirales","Lachnospiraceae","[Eubacterium] xylanophilum group"
"ASV1663","Bacteria","Firmicutes","Clostridia","Lachnospirales","Lachnospiraceae","[Eubacterium] hallii group"
"ASV1664","Bacteria","Firmicutes","Bacilli","RF39",NA,NA
"ASV1665","Bacteria","Firmicutes","Clostridia","Oscillospirales","Oscillospiraceae","NK4A214 group"
"ASV1666","Bacteria","Firmicutes","Clostridia","Clostridia UCG-014",NA,NA
"ASV1667","Bacteria","Firmicutes","Clostridia","Oscillospirales","Oscillospiraceae","UCG-002"
"ASV1668","Bacteria","Firmicutes","Bacilli","Lactobacillales","Lactobacillaceae","Weissella"
"ASV1669","Bacteria","Firmicutes","Clostridia","Lachnospirales","Lachnospiraceae","Blautia"
"ASV1670","Bacteria","Firmicutes","Clostridia","Lachnospirales","Lachnospiraceae",NA
"ASV1671","Bacteria","Firmicutes","Clostridia","Lachnospirales","Lachnospiraceae","Blautia"
"ASV1672","Bacteria","Bacteroidota","Bacteroidia","Bacteroidales","Porphyromonadaceae","Porphyromonas"
"ASV1673","Bacteria","Firmicutes","Clostridia","Clostridia UCG-014",NA,NA
"ASV1674","Bacteria","Firmicutes","Bacilli","RF39",NA,NA
"ASV1675","Bacteria","Firmicutes","Clostridia","Peptostreptococcales-Tissierellales","Peptostreptococcaceae","Romboutsia"
"ASV1676","Bacteria","Actinobacteriota","Actinobacteria","Bifidobacteriales","Bifidobacteriaceae","Bifidobacterium"
"ASV1677","Bacteria","Firmicutes","Clostridia","Christensenellales","Christensenellaceae","Christensenellaceae R-7 group"
"ASV1678","Bacteria","Proteobacteria","Gammaproteobacteria","Burkholderiales","Sutterellaceae","Sutterella"
"ASV1679","Bacteria","Firmicutes","Clostridia","Monoglobales","Monoglobaceae","Monoglobus"
"ASV1680","Bacteria","Firmicutes","Clostridia","Peptostreptococcales-Tissierellales","Anaerovoracaceae","[Eubacterium] nodatum group"
"ASV1681","Bacteria","Firmicutes","Clostridia","Oscillospirales","Ruminococcaceae",NA
"ASV1682","Bacteria","Actinobacteriota","Actinobacteria","Actinomycetales","Actinomycetaceae","Actinomyces"
"ASV1683","Bacteria","Firmicutes","Clostridia","Lachnospirales","Lachnospiraceae","[Eubacterium] ruminantium group"
"ASV1684","Bacteria","Firmicutes","Clostridia","Christensenellales","Christensenellaceae","Christensenellaceae R-7 group"
"ASV1685","Bacteria","Firmicutes","Clostridia","Lachnospirales","Lachnospiraceae","Roseburia"
"ASV1686","Bacteria","Firmicutes","Bacilli","Lactobacillales","Streptococcaceae","Lactococcus"
"ASV1687","Bacteria","Firmicutes","Clostridia","Lachnospirales","Lachnospiraceae","[Ruminococcus] torques group"
"ASV1688","Bacteria","Firmicutes","Clostridia","Oscillospirales","Butyricicoccaceae","Butyricicoccus"
"ASV1689","Bacteria","Firmicutes","Bacilli","Lactobacillales","Lactobacillaceae","Weissella"
"ASV1690","Bacteria","Firmicutes","Clostridia","Peptostreptococcales-Tissierellales","Peptostreptococcaceae","Romboutsia"
"ASV1691","Bacteria","Firmicutes","Clostridia","Oscillospirales","[Eubacterium] coprostanoligenes group",NA
"ASV1692","Bacteria","Firmicutes","Clostridia","Lachnospirales","Lachnospiraceae","Dorea"
"ASV1693","Bacteria","Actinobacteriota","Actinobacteria","Bifidobacteriales","Bifidobacteriaceae","Gardnerella"
"ASV1694","Bacteria","Firmicutes","Clostridia","Lachnospirales","Lachnospiraceae","[Eubacterium] hallii group"
"ASV1695","Bacteria","Firmicutes","Clostridia","Lachnospirales","Lachnospiraceae","Dorea"
"ASV1696","Bacteria","Firmicutes","Clostridia","Clostridia UCG-014",NA,NA
"ASV1697","Bacteria","Firmicutes","Clostridia","Monoglobales","Monoglobaceae","Monoglobus"
"ASV1698","Bacteria","Firmicutes","Clostridia","Clostridia UCG-014",NA,NA
"ASV1699","Bacteria","Bacteroidota","Bacteroidia","Bacteroidales","Bacteroidaceae","Bacteroides"
"ASV1700","Bacteria","Firmicutes","Clostridia","Lachnospirales","Lachnospiraceae","Lachnospira"
"ASV1701","Bacteria","Firmicutes","Clostridia","Lachnospirales","Lachnospiraceae","[Ruminococcus] gauvreauii group"
"ASV1702","Bacteria","Firmicutes","Clostridia","Clostridiales","Clostridiaceae","Clostridium sensu stricto 1"
"ASV1703","Bacteria","Firmicutes","Clostridia","Lachnospirales","Lachnospiraceae","Dorea"
"ASV1704","Bacteria","Firmicutes","Clostridia","Peptococcales","Peptococcaceae","Peptococcus"
"ASV1705","Bacteria","Firmicutes","Bacilli","Lactobacillales","Lactobacillaceae","Ligilactobacillus"
"ASV1706","Bacteria","Firmicutes","Clostridia","Oscillospirales","Ruminococcaceae","Pygmaiobacter"
"ASV1707","Bacteria","Firmicutes","Bacilli","Erysipelotrichales","Erysipelotrichaceae","Solobacterium"
"ASV1708","Bacteria","Firmicutes","Clostridia","Clostridiales","Clostridiaceae","Clostridium sensu stricto 1"
"ASV1709","Bacteria","Firmicutes","Clostridia","Lachnospirales","Lachnospiraceae","Blautia"
"ASV1710","Bacteria","Firmicutes","Clostridia","Oscillospirales","Ruminococcaceae","Subdoligranulum"
"ASV1711","Bacteria","Firmicutes","Bacilli","Lactobacillales","Streptococcaceae","Streptococcus"
"ASV1712","Bacteria","Firmicutes","Clostridia","Lachnospirales","Lachnospiraceae","Lachnotalea"
"ASV1713","Bacteria","Firmicutes","Clostridia","Peptostreptococcales-Tissierellales","Family XI","Anaerococcus"
"ASV1714","Bacteria","Firmicutes","Clostridia","Lachnospirales","Lachnospiraceae","[Eubacterium] hallii group"
"ASV1715","Bacteria","Bacteroidota","Bacteroidia","Bacteroidales","Prevotellaceae","Prevotella"
"ASV1716","Bacteria","Firmicutes","Bacilli","Lactobacillales","Streptococcaceae","Streptococcus"
"ASV1717","Bacteria","Firmicutes","Clostridia","Clostridiales","Clostridiaceae","Clostridium sensu stricto 1"
"ASV1718","Bacteria","Bacteroidota","Bacteroidia","Bacteroidales","Bacteroidaceae","Bacteroides"
"ASV1719","Bacteria","Firmicutes","Clostridia","Oscillospirales","UCG-010",NA
"ASV1720","Bacteria","Firmicutes","Clostridia","Oscillospirales","UCG-010",NA
"ASV1721","Bacteria","Firmicutes","Clostridia","Oscillospirales","Ruminococcaceae","Subdoligranulum"
"ASV1722","Bacteria","Firmicutes","Clostridia","Lachnospirales","Lachnospiraceae","[Eubacterium] hallii group"
"ASV1723","Bacteria","Firmicutes","Clostridia","Lachnospirales","Lachnospiraceae","Blautia"
"ASV1724","Bacteria","Firmicutes","Bacilli","Erysipelotrichales","Erysipelatoclostridiaceae","Catenibacterium"
"ASV1725","Bacteria","Firmicutes","Clostridia","Monoglobales","Monoglobaceae","Monoglobus"
"ASV1726","Bacteria","Firmicutes","Clostridia","Clostridiales","Clostridiaceae","Clostridium sensu stricto 1"
"ASV1727","Bacteria","Bacteroidota","Bacteroidia","Bacteroidales","Rikenellaceae","Rikenellaceae RC9 gut group"
"ASV1728","Bacteria","Bacteroidota","Bacteroidia","Bacteroidales","Prevotellaceae","Prevotella_7"
"ASV1729","Bacteria","Firmicutes","Clostridia","Oscillospirales","Oscillospiraceae","Oscillibacter"
"ASV1730","Bacteria","Verrucomicrobiota","Lentisphaeria","Victivallales","Victivallaceae","Victivallis"
"ASV1731","Bacteria","Firmicutes","Clostridia","Clostridia UCG-014",NA,NA
"ASV1732","Bacteria","Firmicutes","Clostridia","Lachnospirales","Lachnospiraceae","Blautia"
"ASV1733","Bacteria","Firmicutes","Clostridia","Oscillospirales","Butyricicoccaceae",NA
"ASV1734","Bacteria","Firmicutes","Bacilli","Lactobacillales","Streptococcaceae","Streptococcus"
"ASV1735","Bacteria","Firmicutes","Clostridia","Lachnospirales","Lachnospiraceae","Dorea"
"ASV1736","Bacteria","Firmicutes","Clostridia","Clostridia UCG-014",NA,NA
"ASV1737","Bacteria","Firmicutes","Clostridia","Oscillospirales","UCG-010",NA
"ASV1738","Bacteria","Firmicutes","Clostridia","Oscillospirales","Ruminococcaceae",NA
"ASV1739","Bacteria","Firmicutes","Negativicutes","Acidaminococcales","Acidaminococcaceae","Phascolarctobacterium"
"ASV1740","Bacteria","Firmicutes","Clostridia","Clostridiales","Clostridiaceae","Sarcina"
"ASV1741","Bacteria","Firmicutes","Clostridia","Lachnospirales","Lachnospiraceae","Dorea"
"ASV1742","Bacteria","Firmicutes","Clostridia","Lachnospirales","Lachnospiraceae","Blautia"
"ASV1743","Bacteria","Firmicutes","Clostridia","Clostridia UCG-014",NA,NA
"ASV1744","Bacteria","Bacteroidota","Bacteroidia","Bacteroidales","Prevotellaceae","Prevotella"
"ASV1745","Bacteria","Bacteroidota","Bacteroidia","Bacteroidales","Porphyromonadaceae","Porphyromonas"
"ASV1746","Bacteria","Cyanobacteria","Vampirivibrionia","Gastranaerophilales",NA,NA
"ASV1747","Bacteria","Firmicutes","Clostridia","Lachnospirales","Lachnospiraceae","Coprococcus"
"ASV1748","Bacteria","Proteobacteria","Gammaproteobacteria","Enterobacterales","Enterobacteriaceae",NA
"ASV1749","Bacteria","Firmicutes","Clostridia","Lachnospirales","Lachnospiraceae",NA
"ASV1750","Bacteria","Firmicutes","Clostridia","Clostridia UCG-014",NA,NA
"ASV1751","Bacteria","Firmicutes","Bacilli","Bacillales","Planococcaceae","Solibacillus"
"ASV1752","Bacteria","Firmicutes","Clostridia","Oscillospirales","Oscillospiraceae","NK4A214 group"
"ASV1753","Bacteria","Firmicutes","Clostridia","Lachnospirales","Lachnospiraceae","[Eubacterium] hallii group"
"ASV1754","Bacteria","Firmicutes","Clostridia","Peptostreptococcales-Tissierellales","Family XI","Murdochiella"
"ASV1755","Bacteria","Firmicutes","Clostridia","Oscillospirales","Ruminococcaceae","Ruminococcus"
"ASV1756","Bacteria","Firmicutes","Clostridia","Peptococcales","Peptococcaceae","Peptococcus"
"ASV1757","Bacteria","Firmicutes","Clostridia","Lachnospirales","Lachnospiraceae","Lachnoclostridium"
"ASV1758","Bacteria","Firmicutes","Clostridia","Oscillospirales","Ruminococcaceae","Subdoligranulum"
"ASV1759","Bacteria","Firmicutes","Clostridia","Lachnospirales","Lachnospiraceae","Dorea"
"ASV1760","Bacteria","Firmicutes","Bacilli","Lactobacillales","Lactobacillaceae","Ligilactobacillus"
"ASV1761","Bacteria","Firmicutes","Bacilli","Lactobacillales","Lactobacillaceae","Ligilactobacillus"
"ASV1762","Bacteria","Firmicutes","Clostridia","Christensenellales","Christensenellaceae",NA
"ASV1763","Bacteria","Firmicutes","Bacilli","RF39",NA,NA
"ASV1764","Bacteria","Firmicutes","Bacilli","RF39",NA,NA
"ASV1765","Bacteria","Bacteroidota","Bacteroidia","Bacteroidales","Prevotellaceae","Prevotella"
"ASV1766","Bacteria","Actinobacteriota","Coriobacteriia","Coriobacteriales","Eggerthellaceae","Slackia"
"ASV1767","Bacteria","Firmicutes","Clostridia","Lachnospirales","Lachnospiraceae","Marvinbryantia"
"ASV1768","Bacteria","Firmicutes","Bacilli","Erysipelotrichales","Erysipelatoclostridiaceae","Erysipelotrichaceae UCG-003"
"ASV1769","Bacteria","Firmicutes","Clostridia","Oscillospirales","Oscillospiraceae","UCG-005"
"ASV1770","Bacteria","Firmicutes","Clostridia","Lachnospirales","Lachnospiraceae","Anaerostipes"
"ASV1771","Bacteria","Bacteroidota","Bacteroidia","Bacteroidales","Prevotellaceae","Prevotella"
"ASV1772","Bacteria","Firmicutes","Clostridia","Oscillospirales","Oscillospiraceae","UCG-005"
"ASV1773","Bacteria","Firmicutes","Clostridia","Monoglobales","Monoglobaceae","Monoglobus"
"ASV1774","Bacteria","Firmicutes","Bacilli","RF39",NA,NA
"ASV1775","Bacteria","Bacteroidota","Bacteroidia","Bacteroidales","Prevotellaceae","Prevotella_7"
"ASV1776","Bacteria","Firmicutes","Clostridia","Lachnospirales","Lachnospiraceae","Blautia"
"ASV1777","Bacteria","Firmicutes","Clostridia","Lachnospirales","Lachnospiraceae","[Eubacterium] hallii group"
"ASV1778","Bacteria","Firmicutes","Clostridia","Peptostreptococcales-Tissierellales","Peptostreptococcaceae","Intestinibacter"
"ASV1779","Bacteria","Firmicutes","Clostridia","Lachnospirales","Lachnospiraceae","Blautia"
"ASV1780","Bacteria","Firmicutes","Clostridia","Clostridia UCG-014",NA,NA
"ASV1781","Bacteria","Bacteroidota","Bacteroidia","Bacteroidales","Bacteroidaceae","Bacteroides"
"ASV1782","Bacteria","Firmicutes","Clostridia","Lachnospirales","Lachnospiraceae","Blautia"
"ASV1783","Bacteria","Bacteroidota","Bacteroidia","Bacteroidales","Prevotellaceae","Prevotella_9"
"ASV1784","Bacteria","Bacteroidota","Bacteroidia","Bacteroidales","Bacteroidaceae","Bacteroides"
"ASV1785","Bacteria","Firmicutes","Clostridia","Monoglobales","Monoglobaceae","Monoglobus"
"ASV1786","Bacteria","Firmicutes","Bacilli","Izemoplasmatales",NA,NA
"ASV1787","Bacteria","Firmicutes","Clostridia","Oscillospirales","UCG-010",NA
"ASV1788","Bacteria","Firmicutes","Clostridia","Oscillospirales","Ruminococcaceae","Subdoligranulum"
"ASV1789","Bacteria","Proteobacteria","Gammaproteobacteria","Enterobacterales","Pasteurellaceae","Haemophilus"
"ASV1790","Bacteria","Firmicutes","Bacilli","Erysipelotrichales","Erysipelotrichaceae","Holdemanella"
"ASV1791","Bacteria","Firmicutes","Clostridia","Lachnospirales","Lachnospiraceae","Blautia"
"ASV1792","Bacteria","Firmicutes","Clostridia","Oscillospirales","Ruminococcaceae","Ruminococcus"
"ASV1793","Bacteria","Firmicutes","Negativicutes","Veillonellales-Selenomonadales","Veillonellaceae","Megasphaera"
"ASV1794","Bacteria","Firmicutes",NA,NA,NA,NA
"ASV1795","Bacteria","Firmicutes","Clostridia","Clostridia UCG-014",NA,NA
"ASV1796","Bacteria","Bacteroidota","Bacteroidia","Bacteroidales","Bacteroidaceae","Bacteroides"
"ASV1797","Bacteria","Firmicutes","Clostridia","Lachnospirales","Lachnospiraceae","Dorea"
"ASV1798","Bacteria","Firmicutes","Clostridia","Lachnospirales","Lachnospiraceae","Blautia"
"ASV1799","Bacteria","Firmicutes","Clostridia","Clostridiales","Clostridiaceae","Clostridium sensu stricto 1"
"ASV1800","Bacteria","Firmicutes","Bacilli","RF39",NA,NA
"ASV1801","Bacteria","Firmicutes","Bacilli","Erysipelotrichales","Erysipelotrichaceae","Holdemanella"
"ASV1802","Bacteria","Firmicutes","Bacilli","RF39",NA,NA
"ASV1803","Bacteria","Firmicutes","Clostridia","Oscillospirales","Ruminococcaceae","Faecalibacterium"
"ASV1804","Bacteria","Firmicutes","Clostridia","Lachnospirales","Lachnospiraceae","Blautia"
"ASV1805","Bacteria","Firmicutes","Clostridia","Oscillospirales","UCG-010",NA
"ASV1806","Bacteria","Desulfobacterota","Desulfovibrionia","Desulfovibrionales","Desulfovibrionaceae","Bilophila"
"ASV1807","Bacteria","Firmicutes","Clostridia","Oscillospirales","UCG-010",NA
"ASV1808","Bacteria","Firmicutes","Bacilli","Brevibacillales","Brevibacillaceae","Brevibacillus"
"ASV1809","Bacteria","Firmicutes","Bacilli","Erysipelotrichales","Erysipelotrichaceae","Holdemanella"
"ASV1810","Bacteria","Firmicutes","Clostridia","Lachnospirales","Lachnospiraceae",NA
"ASV1811","Bacteria","Firmicutes","Clostridia","Oscillospirales","UCG-010",NA
"ASV1812","Bacteria","Firmicutes","Clostridia",NA,NA,NA
"ASV1813","Bacteria","Firmicutes","Bacilli","Erysipelotrichales","Erysipelotrichaceae","Holdemania"
"ASV1814","Bacteria","Firmicutes","Clostridia","Oscillospirales","Oscillospiraceae",NA
"ASV1815","Bacteria","Bacteroidota","Bacteroidia","Bacteroidales","Prevotellaceae","Alloprevotella"
"ASV1816","Bacteria","Firmicutes","Clostridia","Clostridia UCG-014",NA,NA
"ASV1817","Bacteria","Firmicutes","Clostridia","Christensenellales","Christensenellaceae","Christensenellaceae R-7 group"
"ASV1818","Bacteria","Firmicutes","Clostridia","Lachnospirales","Lachnospiraceae","Dorea"
"ASV1819","Bacteria","Firmicutes","Bacilli","Lactobacillales","Lactobacillaceae","Levilactobacillus"
"ASV1820","Bacteria","Bacteroidota","Bacteroidia","Bacteroidales","Barnesiellaceae","Barnesiella"
"ASV1821","Bacteria","Firmicutes","Bacilli","RF39",NA,NA
"ASV1822","Bacteria","Firmicutes","Bacilli","RF39",NA,NA
"ASV1823","Bacteria","Firmicutes","Clostridia","Oscillospirales","Ruminococcaceae","Angelakisella"
"ASV1824","Bacteria","Bacteroidota","Bacteroidia","Bacteroidales","Barnesiellaceae","Barnesiella"
"ASV1825","Bacteria","Firmicutes","Clostridia","Peptostreptococcales-Tissierellales","Family XI","Peptoniphilus"
"ASV1826","Bacteria","Firmicutes","Bacilli","Erysipelotrichales","Erysipelotrichaceae","Holdemanella"
"ASV1827","Bacteria","Firmicutes","Clostridia","Oscillospirales","Ruminococcaceae","Subdoligranulum"
"ASV1828","Bacteria","Firmicutes","Clostridia","Lachnospirales","Lachnospiraceae","Blautia"
"ASV1829","Bacteria","Firmicutes","Clostridia","Christensenellales","Christensenellaceae",NA
"ASV1830","Bacteria","Firmicutes","Clostridia","Eubacteriales","Anaerofustaceae","Anaerofustis"
"ASV1831","Bacteria","Cyanobacteria","Vampirivibrionia","Gastranaerophilales",NA,NA
"ASV1832","Bacteria","Actinobacteriota","Actinobacteria","Actinomycetales","Actinomycetaceae","Actinomyces"
"ASV1833","Bacteria","Firmicutes","Bacilli","Erysipelotrichales","Erysipelatoclostridiaceae","Erysipelotrichaceae UCG-003"
"ASV1834","Bacteria","Proteobacteria","Gammaproteobacteria","Enterobacterales","Enterobacteriaceae","Pseudocitrobacter"
"ASV1835","Bacteria","Bacteroidota","Bacteroidia","Bacteroidales","Rikenellaceae","Rikenellaceae RC9 gut group"
"ASV1836","Bacteria","Firmicutes","Clostridia","Lachnospirales","Lachnospiraceae","Blautia"
"ASV1837","Bacteria","Firmicutes","Clostridia","Peptostreptococcales-Tissierellales","Anaerovoracaceae","[Eubacterium] brachy group"
"ASV1838","Bacteria","Firmicutes","Clostridia","Peptostreptococcales-Tissierellales","Anaerovoracaceae","Family XIII AD3011 group"
"ASV1839","Bacteria","Firmicutes","Clostridia","Lachnospirales","Lachnospiraceae","Blautia"
"ASV1840","Bacteria","Bacteroidota","Bacteroidia","Bacteroidales","Bacteroidaceae","Bacteroides"
"ASV1841","Bacteria","Firmicutes","Clostridia","Oscillospirales","UCG-010",NA
"ASV1842","Bacteria","Actinobacteriota","Actinobacteria","Actinomycetales","Actinomycetaceae","Actinomyces"
"ASV1843","Bacteria","Firmicutes","Bacilli","Brevibacillales","Brevibacillaceae","Brevibacillus"
"ASV1844","Bacteria","Firmicutes","Clostridia","Clostridiales","Clostridiaceae","Clostridium sensu stricto 1"
"ASV1845","Bacteria","Firmicutes","Clostridia","Lachnospirales","Lachnospiraceae","[Ruminococcus] torques group"
"ASV1846","Bacteria","Firmicutes","Clostridia","Oscillospirales","Oscillospiraceae","NK4A214 group"
"ASV1847","Bacteria","Firmicutes","Clostridia","Lachnospirales","Lachnospiraceae","Lachnospiraceae NK4A136 group"
"ASV1848","Bacteria","Firmicutes","Bacilli","Bacillales","Bacillaceae","Ureibacillus"
"ASV1849","Bacteria","Firmicutes","Clostridia","Oscillospirales","Hungateiclostridiaceae","Fastidiosipila"
"ASV1850","Bacteria","Firmicutes","Clostridia","Oscillospirales","Oscillospiraceae","UCG-002"
"ASV1851","Bacteria","Firmicutes","Clostridia","Lachnospirales","Lachnospiraceae","Coprococcus"
"ASV1852","Bacteria","Actinobacteriota","Actinobacteria","Actinomycetales","Actinomycetaceae","Actinomyces"
"ASV1853","Bacteria","Firmicutes","Bacilli","Erysipelotrichales","Erysipelatoclostridiaceae","Catenibacterium"
"ASV1854","Bacteria","Firmicutes","Clostridia","Clostridiales","Clostridiaceae","Clostridium sensu stricto 1"
"ASV1855","Bacteria","Firmicutes","Clostridia","Clostridia UCG-014",NA,NA
"ASV1856","Bacteria","Firmicutes","Incertae Sedis","DTU014",NA,NA
"ASV1857","Bacteria","Firmicutes","Clostridia","Christensenellales","Christensenellaceae","Christensenellaceae R-7 group"
"ASV1858","Bacteria","Firmicutes","Bacilli","RF39",NA,NA
"ASV1859","Bacteria","Firmicutes","Clostridia","Clostridiales","Clostridiaceae","Sarcina"
"ASV1860","Bacteria","Firmicutes","Clostridia","Peptostreptococcales-Tissierellales","Anaerovoracaceae","[Eubacterium] nodatum group"
"ASV1861","Bacteria","Firmicutes","Clostridia","Oscillospirales","Oscillospiraceae","UCG-005"
"ASV1862","Bacteria","Firmicutes","Clostridia","Monoglobales","Monoglobaceae","Monoglobus"
"ASV1863","Bacteria","Firmicutes","Clostridia","Oscillospirales","Oscillospiraceae","UCG-005"
"ASV1864","Bacteria","Bacteroidota","Bacteroidia","Bacteroidales","Bacteroidaceae","Bacteroides"
"ASV1865","Bacteria","Actinobacteriota","Coriobacteriia","Coriobacteriales","Eggerthellaceae",NA
"ASV1866","Bacteria","Bacteroidota","Bacteroidia","Bacteroidales","Marinifilaceae","Butyricimonas"
"ASV1867","Bacteria","Firmicutes","Clostridia","Lachnospirales","Lachnospiraceae","Blautia"
"ASV1868","Bacteria","Firmicutes","Clostridia","Lachnospirales","Lachnospiraceae","Agathobacter"
"ASV1869","Bacteria","Bacteroidota","Bacteroidia","Bacteroidales","Marinifilaceae","Odoribacter"
"ASV1871","Bacteria","Firmicutes","Clostridia","Lachnospirales","Lachnospiraceae","[Ruminococcus] gauvreauii group"
"ASV1872","Bacteria","Firmicutes","Clostridia",NA,NA,NA
"ASV1873","Bacteria","Firmicutes","Clostridia","Oscillospirales","Ruminococcaceae","Subdoligranulum"
"ASV1874","Bacteria","Firmicutes","Bacilli","Izemoplasmatales",NA,NA
"ASV1875","Bacteria","Firmicutes","Clostridia","Clostridia vadinBB60 group",NA,NA
"ASV1876","Bacteria","Bacteroidota","Bacteroidia","Bacteroidales","Rikenellaceae","Alistipes"
"ASV1877","Bacteria","Actinobacteriota","Coriobacteriia","Coriobacteriales","Atopobiaceae","Olsenella"
"ASV1878","Bacteria","Actinobacteriota","Coriobacteriia","Coriobacteriales","Atopobiaceae","Olsenella"
"ASV1879","Bacteria","Firmicutes","Clostridia","Clostridia UCG-014",NA,NA
"ASV1880","Bacteria","Firmicutes","Clostridia","Oscillospirales","[Eubacterium] coprostanoligenes group",NA
"ASV1881","Bacteria","Fusobacteriota","Fusobacteriia","Fusobacteriales","Fusobacteriaceae","Fusobacterium"
"ASV1882","Bacteria","Firmicutes","Clostridia","Lachnospirales","Lachnospiraceae","[Ruminococcus] gauvreauii group"
"ASV1883","Bacteria","Firmicutes","Clostridia","Oscillospirales","Ruminococcaceae",NA
"ASV1884","Bacteria","Firmicutes","Clostridia","Lachnospirales","Lachnospiraceae","Marvinbryantia"
"ASV1885","Bacteria","Firmicutes","Bacilli","RF39",NA,NA
"ASV1886","Bacteria","Firmicutes","Bacilli","RF39",NA,NA
"ASV1887","Bacteria","Desulfobacterota","Desulfovibrionia","Desulfovibrionales","Desulfovibrionaceae","Desulfovibrio"
"ASV1888","Bacteria","Actinobacteriota","Actinobacteria","Bifidobacteriales","Bifidobacteriaceae","Gardnerella"
"ASV1889","Bacteria","Firmicutes","Negativicutes","Veillonellales-Selenomonadales","Veillonellaceae","Dialister"
"ASV1890","Bacteria","Firmicutes","Clostridia","Oscillospirales","UCG-010",NA
"ASV1891","Bacteria","Bacteroidota","Bacteroidia","Bacteroidales","Rikenellaceae","Alistipes"
"ASV1892","Bacteria","Firmicutes","Clostridia","Monoglobales","Monoglobaceae","Monoglobus"
"ASV1893","Bacteria","Firmicutes","Bacilli","RF39",NA,NA
"ASV1894","Bacteria","Firmicutes","Clostridia","Peptostreptococcales-Tissierellales","Peptostreptococcaceae","Romboutsia"
"ASV1895","Bacteria","Bacteroidota","Bacteroidia","Bacteroidales","Prevotellaceae","Prevotella"
"ASV1896","Bacteria","Firmicutes","Clostridia","Lachnospirales","Lachnospiraceae","Lachnospiraceae UCG-002"
"ASV1897","Bacteria","Firmicutes","Clostridia","Peptostreptococcales-Tissierellales","Anaerovoracaceae","Family XIII AD3011 group"
"ASV1898","Bacteria","Bacteroidota","Bacteroidia","Bacteroidales",NA,NA
"ASV1899","Bacteria","Bacteroidota","Bacteroidia","Bacteroidales","Tannerellaceae","Parabacteroides"
"ASV1900","Bacteria","Firmicutes","Bacilli","Erysipelotrichales","Erysipelatoclostridiaceae","Erysipelatoclostridium"
"ASV1901","Bacteria","Bacteroidota","Bacteroidia","Bacteroidales","Prevotellaceae","Prevotella_9"
"ASV1902","Bacteria","Bacteroidota","Bacteroidia","Bacteroidales","Bacteroidales RF16 group",NA
"ASV1903","Bacteria","Actinobacteriota","Coriobacteriia","Coriobacteriales",NA,NA
"ASV1904","Bacteria","Firmicutes","Bacilli","RF39",NA,NA
"ASV1905","Bacteria","Firmicutes","Bacilli","RF39",NA,NA
"ASV1906","Bacteria","Firmicutes","Clostridia","Lachnospirales","Lachnospiraceae","Lachnospiraceae UCG-010"
"ASV1907","Bacteria","Firmicutes","Clostridia","Oscillospirales","UCG-010",NA
"ASV1908","Bacteria","Firmicutes","Clostridia","Oscillospirales",NA,NA
"ASV1909","Bacteria","Firmicutes","Clostridia","Lachnospirales","Lachnospiraceae","Coprococcus"
"ASV1910","Bacteria","Firmicutes","Clostridia","Monoglobales","Monoglobaceae","Monoglobus"
"ASV1911","Bacteria","Firmicutes","Clostridia","Oscillospirales","Oscillospiraceae","NK4A214 group"
"ASV1912","Bacteria","Proteobacteria","Gammaproteobacteria","Enterobacterales","Enterobacteriaceae","Escherichia-Shigella"
"ASV1913","Bacteria","Firmicutes","Clostridia","Clostridia UCG-014",NA,NA
"ASV1914","Bacteria","Firmicutes","Clostridia","Lachnospirales","Lachnospiraceae","[Ruminococcus] torques group"
"ASV1915","Bacteria","Firmicutes","Clostridia","Oscillospirales","Oscillospiraceae","UCG-005"
"ASV1916","Bacteria","Actinobacteriota","Coriobacteriia","Coriobacteriales",NA,NA
"ASV1917","Bacteria","Bacteroidota","Bacteroidia","Bacteroidales","Marinifilaceae","Butyricimonas"
"ASV1918","Bacteria","Firmicutes","Clostridia","Lachnospirales","Lachnospiraceae","Blautia"
"ASV1919","Bacteria","Firmicutes","Clostridia","Oscillospirales","Ruminococcaceae",NA
"ASV1920","Bacteria","Firmicutes","Clostridia","Lachnospirales","Lachnospiraceae",NA
"ASV1921","Bacteria","Firmicutes","Clostridia","Lachnospirales","Lachnospiraceae","[Eubacterium] xylanophilum group"
"ASV1922","Bacteria","Actinobacteriota","Coriobacteriia","Coriobacteriales","Eggerthellaceae","Slackia"
"ASV1923","Bacteria","Firmicutes","Clostridia","Clostridia UCG-014",NA,NA
"ASV1924","Bacteria","Firmicutes","Clostridia","Lachnospirales","Lachnospiraceae",NA
"ASV1925","Bacteria","Firmicutes","Clostridia","Lachnospirales","Lachnospiraceae","[Ruminococcus] torques group"
"ASV1926","Bacteria","Firmicutes","Clostridia","Oscillospirales","Ruminococcaceae","[Eubacterium] siraeum group"
"ASV1927","Bacteria","Firmicutes","Bacilli","Erysipelotrichales","Erysipelotrichaceae","Solobacterium"
"ASV1928","Bacteria","Firmicutes","Clostridia","Lachnospirales","Lachnospiraceae","Roseburia"
"ASV1929","Bacteria","Firmicutes","Bacilli","RF39",NA,NA
"ASV1930","Bacteria","Firmicutes","Clostridia","Oscillospirales","Ruminococcaceae","Caproiciproducens"
"ASV1931","Bacteria","Firmicutes","Clostridia","Lachnospirales","Lachnospiraceae","Lachnoclostridium"
"ASV1932","Bacteria","Firmicutes","Clostridia","Lachnospirales","Lachnospiraceae","Blautia"
"ASV1933","Bacteria","Firmicutes","Bacilli","Erysipelotrichales","Erysipelatoclostridiaceae","Catenibacterium"
"ASV1934","Bacteria","Firmicutes","Bacilli","Bacillales","Planococcaceae","Lysinibacillus"
"ASV1935","Bacteria","Firmicutes","Clostridia","Clostridia vadinBB60 group",NA,NA
"ASV1936","Bacteria","Firmicutes","Clostridia","Oscillospirales","Ruminococcaceae","Incertae Sedis"
"ASV1937","Bacteria","Firmicutes","Clostridia","Oscillospirales","Ruminococcaceae",NA
"ASV1938","Bacteria","Firmicutes","Clostridia","Peptostreptococcales-Tissierellales","Anaerovoracaceae","Family XIII AD3011 group"
"ASV1939","Bacteria","Bacteroidota","Bacteroidia","Bacteroidales","Prevotellaceae","Prevotellaceae UCG-003"
"ASV1940","Bacteria","Firmicutes","Bacilli","Erysipelotrichales","Erysipelotrichaceae","Bulleidia"
"ASV1941","Bacteria","Firmicutes","Clostridia","Lachnospirales","Lachnospiraceae","Blautia"
"ASV1942","Bacteria","Bacteroidota","Bacteroidia","Bacteroidales","Prevotellaceae","Prevotella_9"
"ASV1943","Bacteria","Firmicutes","Bacilli","Erysipelotrichales","Erysipelatoclostridiaceae","Catenibacterium"
"ASV1944","Bacteria","Firmicutes","Clostridia","Oscillospirales","UCG-010",NA
"ASV1945","Bacteria","Firmicutes","Bacilli","Lactobacillales","Lactobacillaceae","Ligilactobacillus"
"ASV1946","Bacteria","Fusobacteriota","Fusobacteriia","Fusobacteriales","Fusobacteriaceae","Fusobacterium"
"ASV1947","Bacteria","Firmicutes","Bacilli","RF39",NA,NA
"ASV1948","Bacteria","Firmicutes","Clostridia","Oscillospirales","Ruminococcaceae","Faecalibacterium"
"ASV1949","Bacteria","Firmicutes","Clostridia","Lachnospirales","Lachnospiraceae",NA
"ASV1950","Bacteria","Firmicutes","Clostridia","Lachnospirales","Lachnospiraceae","Lachnospiraceae NK4A136 group"
"ASV1951","Bacteria","Firmicutes","Clostridia","Clostridia UCG-014",NA,NA
"ASV1952","Bacteria","Cyanobacteria","Vampirivibrionia","Gastranaerophilales",NA,NA
"ASV1953","Bacteria","Firmicutes","Clostridia","Oscillospirales","Oscillospiraceae","Oscillibacter"
"ASV1954","Bacteria","Firmicutes","Clostridia","Oscillospirales","Ruminococcaceae","Ruminococcus"
"ASV1955","Bacteria","Firmicutes","Clostridia","Clostridiales","Clostridiaceae","Clostridium sensu stricto 1"
"ASV1956","Bacteria","Firmicutes","Clostridia","Peptococcales","Peptococcaceae",NA
"ASV1957","Bacteria","Firmicutes","Clostridia","Peptostreptococcales-Tissierellales","Anaerovoracaceae","[Eubacterium] brachy group"
"ASV1958","Bacteria","Firmicutes","Clostridia","Clostridiales","Clostridiaceae","Clostridium sensu stricto 1"
"ASV1959","Bacteria","Firmicutes","Clostridia","Christensenellales","Christensenellaceae",NA
"ASV1960","Bacteria","Firmicutes","Clostridia","Peptostreptococcales-Tissierellales","Peptostreptococcaceae","Clostridioides"
"ASV1961","Bacteria","Firmicutes","Negativicutes","Acidaminococcales","Acidaminococcaceae","Phascolarctobacterium"
"ASV1962","Bacteria","Firmicutes","Clostridia","Monoglobales","Monoglobaceae","Monoglobus"
"ASV1963","Bacteria","Desulfobacterota","Desulfovibrionia","Desulfovibrionales","Desulfovibrionaceae","Desulfovibrio"
"ASV1964","Bacteria","Cyanobacteria","Vampirivibrionia","Gastranaerophilales",NA,NA
"ASV1965","Bacteria","Firmicutes","Clostridia","Clostridia UCG-014",NA,NA
"ASV1966","Bacteria","Bacteroidota","Bacteroidia","Bacteroidales","Barnesiellaceae","Barnesiella"
"ASV1967","Bacteria","Firmicutes","Clostridia","Lachnospirales","Lachnospiraceae","Blautia"
"ASV1968","Bacteria","Firmicutes","Clostridia",NA,NA,NA
"ASV1969","Bacteria","Firmicutes","Clostridia","Peptostreptococcales-Tissierellales","Family XI","Anaerococcus"
"ASV1970","Bacteria","Firmicutes","Clostridia","Lachnospirales","Lachnospiraceae","Blautia"
"ASV1971","Bacteria","Firmicutes","Clostridia","Oscillospirales","Ruminococcaceae","Incertae Sedis"
"ASV1972","Bacteria","Bacteroidota","Bacteroidia","Bacteroidales","Bacteroidaceae","Bacteroides"
"ASV1973","Bacteria","Firmicutes","Clostridia","Lachnospirales","Lachnospiraceae","Agathobacter"
"ASV1974","Bacteria","Actinobacteriota","Coriobacteriia","Coriobacteriales","Coriobacteriaceae","Collinsella"
"ASV1975","Bacteria","Bacteroidota","Bacteroidia","Bacteroidales","Prevotellaceae",NA
"ASV1976","Bacteria","Firmicutes","Clostridia","Clostridia vadinBB60 group",NA,NA
"ASV1977","Bacteria","Firmicutes","Clostridia","Lachnospirales","Lachnospiraceae","Anaerostipes"
"ASV1978","Bacteria","Synergistota","Synergistia","Synergistales","Synergistaceae","Cloacibacillus"
"ASV1979","Bacteria","Firmicutes","Clostridia","Oscillospirales","Oscillospiraceae","UCG-005"
"ASV1980","Bacteria","Firmicutes","Bacilli","Lactobacillales","Lactobacillaceae","Lapidilactobacillus"
"ASV1981","Bacteria","Firmicutes","Clostridia","Christensenellales","Christensenellaceae","Christensenellaceae R-7 group"
"ASV1982","Bacteria","Firmicutes","Clostridia","Lachnospirales","Lachnospiraceae","Sellimonas"
"ASV1983","Bacteria","Firmicutes","Clostridia","Oscillospirales","Ruminococcaceae","Fournierella"
"ASV1984","Bacteria","Firmicutes","Clostridia","Christensenellales","Christensenellaceae","Christensenellaceae R-7 group"
"ASV1985","Bacteria","Firmicutes","Bacilli","Bacillales","Planococcaceae","Lysinibacillus"
"ASV1986","Bacteria","Firmicutes","Bacilli","Lactobacillales","Streptococcaceae","Streptococcus"
"ASV1987","Bacteria","Firmicutes","Clostridia","Oscillospirales","[Eubacterium] coprostanoligenes group",NA
"ASV1988","Bacteria","Firmicutes","Clostridia","Clostridia UCG-014",NA,NA
"ASV1989","Bacteria","Firmicutes","Clostridia","Lachnospirales","Lachnospiraceae","Blautia"
"ASV1990","Bacteria","Cyanobacteria","Vampirivibrionia","Gastranaerophilales",NA,NA
"ASV1991","Bacteria","Campylobacterota","Campylobacteria","Campylobacterales","Campylobacteraceae","Campylobacter"
"ASV1992","Bacteria","Firmicutes","Bacilli","RF39",NA,NA
"ASV1993","Bacteria","Firmicutes","Clostridia","Lachnospirales","Lachnospiraceae","Dorea"
"ASV1994","Bacteria","Firmicutes","Clostridia","Lachnospirales","Lachnospiraceae","Coprococcus"
"ASV1995","Bacteria","Firmicutes","Clostridia","Oscillospirales","[Eubacterium] coprostanoligenes group",NA
"ASV1996","Bacteria","Firmicutes","Bacilli","RF39",NA,NA
"ASV1997","Bacteria","Firmicutes","Bacilli","Erysipelotrichales","Erysipelotrichaceae","Holdemanella"
"ASV1998","Bacteria","Firmicutes","Bacilli","RF39",NA,NA
"ASV1999","Bacteria","Bacteroidota","Bacteroidia","Bacteroidales","Prevotellaceae","Prevotella"
"ASV2000","Bacteria","Firmicutes","Bacilli","RF39",NA,NA
"ASV2001","Bacteria","Firmicutes","Clostridia","Peptostreptococcales-Tissierellales","Anaerovoracaceae","Family XIII AD3011 group"
"ASV2002","Bacteria","Firmicutes","Clostridia","Clostridia vadinBB60 group",NA,NA
"ASV2003","Bacteria","Firmicutes","Bacilli","RF39",NA,NA
"ASV2004","Bacteria","Firmicutes","Clostridia","Lachnospirales","Lachnospiraceae","Coprococcus"
"ASV2005","Bacteria","Firmicutes","Clostridia","Clostridia vadinBB60 group",NA,NA
"ASV2006","Bacteria","Firmicutes","Clostridia","Lachnospirales","Lachnospiraceae","Blautia"
"ASV2007","Bacteria","Firmicutes","Clostridia","Peptococcales","Peptococcaceae","Peptococcus"
"ASV2008","Bacteria","Firmicutes","Clostridia","Lachnospirales","Lachnospiraceae","Blautia"
"ASV2009","Bacteria","Proteobacteria","Gammaproteobacteria","Enterobacterales","Pasteurellaceae","Haemophilus"
"ASV2010","Bacteria","Firmicutes","Bacilli","Lactobacillales","Lactobacillaceae","Lactobacillus"
"ASV2011","Bacteria","Firmicutes","Clostridia","Oscillospirales","Ruminococcaceae","Subdoligranulum"
"ASV2012","Bacteria","Firmicutes","Clostridia","Lachnospirales","Lachnospiraceae","Fusicatenibacter"
"ASV2013","Bacteria","Firmicutes","Bacilli","Erysipelotrichales","Erysipelotrichaceae","Holdemanella"
"ASV2014","Bacteria","Firmicutes","Clostridia","Clostridia UCG-014",NA,NA
"ASV2015","Bacteria","Bacteroidota","Bacteroidia","Bacteroidales","Muribaculaceae",NA
"ASV2016","Bacteria","Firmicutes","Clostridia","Peptostreptococcales-Tissierellales","Family XI","Peptoniphilus"
"ASV2017","Bacteria","Firmicutes","Clostridia","Clostridia vadinBB60 group",NA,NA
"ASV2018","Bacteria","Firmicutes","Clostridia","Lachnospirales","Lachnospiraceae","Dorea"
"ASV2019","Bacteria","Firmicutes","Clostridia","Peptostreptococcales-Tissierellales","Peptostreptococcaceae","Clostridioides"
"ASV2020","Bacteria","Firmicutes","Bacilli","RF39",NA,NA
"ASV2021","Bacteria","Firmicutes","Clostridia","Lachnospirales","Lachnospiraceae","Lachnospiraceae UCG-001"
"ASV2022","Bacteria","Firmicutes","Clostridia","Peptostreptococcales-Tissierellales","Peptostreptococcaceae","Peptoclostridium"
"ASV2023","Bacteria","Firmicutes","Bacilli","Bacillales","Bacillaceae","Bacillus"
"ASV2024","Bacteria","Proteobacteria","Gammaproteobacteria","Enterobacterales","Enterobacteriaceae","Escherichia-Shigella"
"ASV2025","Bacteria","Firmicutes","Clostridia","Christensenellales","Christensenellaceae","Christensenellaceae R-7 group"
"ASV2026","Bacteria","Bacteroidota","Bacteroidia","Bacteroidales","Bacteroidaceae","Bacteroides"
"ASV2027","Bacteria","Actinobacteriota","Coriobacteriia","Coriobacteriales","Atopobiaceae","Atopobium"
"ASV2028","Bacteria","Firmicutes","Bacilli","RF39",NA,NA
"ASV2029","Bacteria","Firmicutes","Clostridia","Lachnospirales","Lachnospiraceae","Blautia"
"ASV2030","Bacteria","Bacteroidota","Bacteroidia","Bacteroidales","Rikenellaceae","Rikenellaceae RC9 gut group"
"ASV2031","Bacteria","Firmicutes","Clostridia","Christensenellales","Christensenellaceae","Christensenellaceae R-7 group"
"ASV2032","Bacteria","Firmicutes","Clostridia","Clostridia UCG-014",NA,NA
"ASV2033","Bacteria","Firmicutes","Clostridia","Monoglobales","Monoglobaceae","Monoglobus"
"ASV2034","Bacteria","Actinobacteriota","Coriobacteriia","Coriobacteriales","Atopobiaceae",NA
"ASV2035","Bacteria","Firmicutes","Clostridia","Lachnospirales","Lachnospiraceae","Blautia"
"ASV2036","Bacteria","Firmicutes","Clostridia","Peptostreptococcales-Tissierellales","Anaerovoracaceae","Mogibacterium"
"ASV2037","Bacteria","Firmicutes","Clostridia","Oscillospirales","Ruminococcaceae","Faecalibacterium"
"ASV2038","Bacteria","Firmicutes","Clostridia","Lachnospirales","Lachnospiraceae","Blautia"
"ASV2039","Bacteria","Firmicutes","Clostridia","Oscillospirales","Ruminococcaceae",NA
"ASV2040","Bacteria","Firmicutes","Clostridia","Oscillospirales","Ruminococcaceae","Faecalibacterium"
"ASV2041","Bacteria","Firmicutes","Clostridia","Oscillospirales","Ruminococcaceae",NA
"ASV2042","Bacteria","Firmicutes","Clostridia","Peptostreptococcales-Tissierellales","Peptostreptococcaceae","Terrisporobacter"
"ASV2043","Bacteria","Firmicutes","Clostridia","Lachnospirales","Lachnospiraceae",NA
"ASV2044","Bacteria","Firmicutes","Clostridia","Lachnospirales","Lachnospiraceae","Dorea"
"ASV2045","Bacteria","Bacteroidota","Bacteroidia","Bacteroidales","Prevotellaceae","Prevotella"
"ASV2046","Bacteria","Firmicutes","Clostridia","Monoglobales","Monoglobaceae","Monoglobus"
"ASV2047","Bacteria","Firmicutes","Clostridia","Clostridia UCG-014",NA,NA
"ASV2048","Bacteria","Firmicutes","Clostridia","Oscillospirales","Ruminococcaceae","Ruminococcus"
"ASV2049","Bacteria","Bacteroidota","Bacteroidia","Bacteroidales","Muribaculaceae",NA
"ASV2050","Bacteria","Bacteroidota","Bacteroidia","Bacteroidales","Muribaculaceae",NA
"ASV2051","Bacteria","Firmicutes","Clostridia","Christensenellales","Christensenellaceae","Christensenellaceae R-7 group"
"ASV2052","Bacteria","Firmicutes","Bacilli","RF39",NA,NA
"ASV2053","Bacteria","Firmicutes","Clostridia","Oscillospirales","Ruminococcaceae","[Eubacterium] siraeum group"
"ASV2054","Bacteria","Firmicutes","Clostridia","Clostridia vadinBB60 group",NA,NA
"ASV2055","Bacteria","Firmicutes","Clostridia","Clostridia UCG-014",NA,NA
"ASV2056","Bacteria","Actinobacteriota","Actinobacteria","Actinomycetales","Actinomycetaceae","Actinomyces"
"ASV2057","Bacteria","Firmicutes","Bacilli","Erysipelotrichales","Erysipelatoclostridiaceae","Erysipelotrichaceae UCG-003"
"ASV2058","Bacteria","Firmicutes","Clostridia","Lachnospirales","Lachnospiraceae","Coprococcus"
"ASV2059","Bacteria","Bacteroidota","Bacteroidia","Bacteroidales","Prevotellaceae","Prevotella_9"
"ASV2060","Bacteria","Firmicutes","Clostridia","Clostridia vadinBB60 group",NA,NA
"ASV2061","Bacteria","Firmicutes","Clostridia","Lachnospirales","Lachnospiraceae","Blautia"
"ASV2062","Bacteria","Firmicutes","Clostridia","Lachnospirales","Lachnospiraceae","Lachnospiraceae NK4A136 group"
"ASV2063","Bacteria","Firmicutes","Clostridia","Lachnospirales","Lachnospiraceae","Lachnospiraceae ND3007 group"
"ASV2064","Bacteria","Firmicutes","Clostridia","Clostridia UCG-014",NA,NA
"ASV2065","Bacteria","Firmicutes","Clostridia","Clostridia UCG-014",NA,NA
"ASV2066","Bacteria","Bacteroidota","Bacteroidia","Bacteroidales","Rikenellaceae","Alistipes"
"ASV2067","Bacteria","Firmicutes","Bacilli","Erysipelotrichales","Erysipelatoclostridiaceae","Candidatus Stoquefichus"
"ASV2068","Bacteria","Verrucomicrobiota","Verrucomicrobiae","Verrucomicrobiales","Akkermansiaceae","Akkermansia"
"ASV2069","Bacteria","Firmicutes","Clostridia","Christensenellales","Christensenellaceae","Christensenellaceae R-7 group"
"ASV2070","Bacteria","Firmicutes","Bacilli","Lactobacillales",NA,NA
"ASV2071","Bacteria","Firmicutes","Clostridia","Clostridia UCG-014",NA,NA
"ASV2072","Bacteria","Firmicutes","Clostridia","Lachnospirales","Lachnospiraceae","[Ruminococcus] gauvreauii group"
"ASV2073","Bacteria","Firmicutes","Bacilli","Erysipelotrichales","Erysipelatoclostridiaceae","UCG-004"
"ASV2074","Bacteria","Firmicutes","Clostridia","Lachnospirales","Lachnospiraceae",NA
"ASV2075","Bacteria","Bacteroidota","Bacteroidia","Bacteroidales","Bacteroidaceae","Bacteroides"
"ASV2076","Bacteria","Firmicutes","Clostridia","Lachnospirales","Lachnospiraceae","Fusicatenibacter"
"ASV2077","Bacteria","Firmicutes","Clostridia","Oscillospirales","Ruminococcaceae","Subdoligranulum"
"ASV2078","Bacteria","Firmicutes","Clostridia","Lachnospirales","Lachnospiraceae","Anaerostipes"
"ASV2079","Bacteria","Firmicutes","Clostridia","Lachnospirales","Lachnospiraceae","Dorea"
"ASV2080","Bacteria","Firmicutes","Clostridia","Lachnospirales","Lachnospiraceae","Dorea"
"ASV2081","Bacteria","Bacteroidota","Bacteroidia","Bacteroidales","Bacteroidaceae","Bacteroides"
"ASV2082","Bacteria","Firmicutes","Clostridia","Oscillospirales","UCG-010",NA
"ASV2083","Bacteria","Firmicutes","Clostridia","Peptostreptococcales-Tissierellales","Family XI","Peptoniphilus"
"ASV2084","Bacteria","Firmicutes","Clostridia","Lachnospirales","Lachnospiraceae","Marvinbryantia"
"ASV2086","Bacteria","Firmicutes","Clostridia","Christensenellales","Christensenellaceae","Christensenellaceae R-7 group"
"ASV2087","Bacteria","Firmicutes","Clostridia","Lachnospirales","Lachnospiraceae","Dorea"
"ASV2088","Bacteria","Firmicutes","Clostridia","Peptostreptococcales-Tissierellales","Family XI","Peptoniphilus"
"ASV2089","Bacteria","Firmicutes","Clostridia","Peptococcales","Peptococcaceae",NA
"ASV2090","Bacteria","Firmicutes","Bacilli","RF39",NA,NA
"ASV2091","Bacteria","Actinobacteriota","Coriobacteriia","Coriobacteriales","Eggerthellaceae","DNF00809"
"ASV2092","Bacteria","Firmicutes","Bacilli","RF39",NA,NA
"ASV2093","Bacteria","Firmicutes","Clostridia","Oscillospirales","Oscillospiraceae","Intestinimonas"
"ASV2094","Bacteria","Firmicutes","Clostridia","Oscillospirales","[Eubacterium] coprostanoligenes group",NA
"ASV2095","Bacteria","Firmicutes","Bacilli","Bacillales","Bacillaceae",NA
"ASV2096","Bacteria","Firmicutes","Clostridia","Monoglobales","Monoglobaceae","Monoglobus"
"ASV2097","Bacteria","Firmicutes","Clostridia","Lachnospirales","Lachnospiraceae",NA
"ASV2098","Bacteria","Bacteroidota","Bacteroidia","Bacteroidales","Marinifilaceae","Butyricimonas"
"ASV2099","Bacteria","Firmicutes","Clostridia","Oscillospirales","Oscillospiraceae","Intestinimonas"
"ASV2100","Bacteria","Firmicutes","Clostridia","Lachnospirales","Lachnospiraceae","Dorea"
"ASV2101","Bacteria","Firmicutes","Clostridia","Monoglobales","Monoglobaceae","Monoglobus"
"ASV2102","Bacteria","Firmicutes","Bacilli","Lactobacillales","Streptococcaceae","Streptococcus"
"ASV2103","Bacteria","Firmicutes","Clostridia","Oscillospirales","Butyricicoccaceae","Butyricicoccus"
"ASV2104","Bacteria","Firmicutes","Bacilli","RF39",NA,NA
"ASV2105","Bacteria","Firmicutes","Clostridia","Oscillospirales","Oscillospiraceae","UCG-005"
"ASV2106","Bacteria","Firmicutes","Bacilli","RF39",NA,NA
"ASV2107","Bacteria","Firmicutes","Clostridia","Lachnospirales","Lachnospiraceae",NA
"ASV2108","Bacteria","Firmicutes","Clostridia","Lachnospirales","Lachnospiraceae","Blautia"
"ASV2109","Bacteria","Firmicutes","Clostridia","Lachnospirales","Lachnospiraceae","[Eubacterium] hallii group"
"ASV2110","Bacteria","Firmicutes","Clostridia","Clostridiales","Clostridiaceae","Clostridium sensu stricto 1"
"ASV2111","Bacteria","Firmicutes","Clostridia","Lachnospirales","Lachnospiraceae","Coprococcus"
"ASV2112","Bacteria","Firmicutes","Clostridia","Lachnospirales","Lachnospiraceae","Coprococcus"
"ASV2113","Bacteria","Firmicutes","Clostridia","Clostridia UCG-014",NA,NA
"ASV2114","Bacteria","Firmicutes","Clostridia","Lachnospirales","Lachnospiraceae","Lachnospiraceae UCG-001"
"ASV2115","Bacteria","Firmicutes","Clostridia","Lachnospirales","Lachnospiraceae","Blautia"
"ASV2116","Bacteria","Firmicutes","Bacilli","RF39",NA,NA
"ASV2117","Bacteria","Firmicutes","Clostridia","Lachnospirales","Lachnospiraceae","Roseburia"
"ASV2118","Bacteria","Firmicutes","Clostridia","Lachnospirales","Lachnospiraceae","[Eubacterium] ventriosum group"
"ASV2119","Bacteria","Firmicutes","Clostridia","Peptostreptococcales-Tissierellales","Anaerovoracaceae","Family XIII AD3011 group"
"ASV2120","Bacteria","Firmicutes","Clostridia","Eubacteriales","Anaerofustaceae","Anaerofustis"
"ASV2121","Bacteria","Firmicutes","Bacilli","RF39",NA,NA
"ASV2122","Bacteria","Firmicutes","Clostridia","Oscillospirales","UCG-010",NA
"ASV2123","Bacteria","Firmicutes","Clostridia","Oscillospirales","Ruminococcaceae","[Eubacterium] siraeum group"
"ASV2124","Bacteria","Firmicutes","Clostridia","Oscillospirales","Ruminococcaceae","Pygmaiobacter"
"ASV2125","Bacteria","Firmicutes","Clostridia","Oscillospirales","UCG-010",NA
"ASV2126","Bacteria","Firmicutes","Clostridia","Lachnospirales","Lachnospiraceae","[Ruminococcus] gauvreauii group"
"ASV2127","Bacteria","Firmicutes","Clostridia","Oscillospirales","Ruminococcaceae","Ruminococcus"
"ASV2128","Bacteria","Cyanobacteria","Vampirivibrionia","Gastranaerophilales",NA,NA
"ASV2129","Bacteria","Firmicutes","Clostridia","Lachnospirales","Lachnospiraceae",NA
"ASV2130","Bacteria","Firmicutes","Clostridia","Lachnospirales","Lachnospiraceae","Coprococcus"
"ASV2131","Bacteria","Firmicutes","Clostridia","Clostridia UCG-014",NA,NA
"ASV2132","Bacteria","Firmicutes","Clostridia","Monoglobales","Monoglobaceae","Monoglobus"
"ASV2133","Bacteria","Firmicutes","Clostridia","Lachnospirales","Lachnospiraceae",NA
"ASV2134","Bacteria","Firmicutes","Clostridia","Peptostreptococcales-Tissierellales","Anaerovoracaceae","Mogibacterium"
"ASV2135","Bacteria","Bacteroidota","Bacteroidia","Bacteroidales","Prevotellaceae","Prevotella"
"ASV2136","Bacteria","Bacteroidota","Bacteroidia","Bacteroidales","Prevotellaceae","Alloprevotella"
"ASV2137","Bacteria","Firmicutes","Bacilli","RF39",NA,NA
"ASV2138","Bacteria","Firmicutes","Clostridia","Peptostreptococcales-Tissierellales","Family XI","Murdochiella"
"ASV2139","Bacteria","Actinobacteriota","Actinobacteria","Corynebacteriales","Corynebacteriaceae","Corynebacterium"
"ASV2140","Bacteria","Firmicutes","Clostridia",NA,NA,NA
"ASV2141","Bacteria","Firmicutes","Clostridia","Lachnospirales","Lachnospiraceae",NA
"ASV2142","Bacteria","Firmicutes","Bacilli","Lactobacillales","Lactobacillaceae","Leuconostoc"
"ASV2143","Bacteria","Firmicutes","Clostridia","Lachnospirales","Lachnospiraceae",NA
"ASV2144","Bacteria","Firmicutes","Bacilli","Erysipelotrichales","Erysipelatoclostridiaceae","Catenibacterium"
"ASV2145","Bacteria","Firmicutes","Clostridia","Lachnospirales","Lachnospiraceae","Howardella"
"ASV2146","Bacteria","Firmicutes","Clostridia","Monoglobales","Monoglobaceae","Monoglobus"
"ASV2147","Bacteria","Firmicutes","Clostridia","Lachnospirales","Lachnospiraceae","Shuttleworthia"
"ASV2148","Bacteria","Firmicutes","Clostridia","Oscillospirales","Oscillospiraceae","UCG-005"
"ASV2149","Bacteria","Bacteroidota","Bacteroidia","Bacteroidales","Marinifilaceae","Butyricimonas"
"ASV2150","Bacteria","Firmicutes","Clostridia","Lachnospirales","Lachnospiraceae","Blautia"
"ASV2151","Bacteria","Firmicutes","Bacilli","RF39",NA,NA
"ASV2152","Bacteria","Desulfobacterota","Desulfovibrionia","Desulfovibrionales","Desulfovibrionaceae","Desulfovibrio"
"ASV2153","Bacteria","Firmicutes","Bacilli","Erysipelotrichales","Erysipelotrichaceae","Bulleidia"
"ASV2154","Bacteria","Firmicutes","Clostridia","Oscillospirales","Ruminococcaceae","Subdoligranulum"
"ASV2155","Bacteria","Firmicutes","Bacilli","Lactobacillales","Carnobacteriaceae","Granulicatella"
"ASV2156","Bacteria","Firmicutes","Clostridia","Peptostreptococcales-Tissierellales","Family XI","Peptoniphilus"
"ASV2157","Bacteria","Firmicutes","Clostridia","Lachnospirales","Lachnospiraceae","Blautia"
"ASV2158","Bacteria","Firmicutes","Clostridia","Monoglobales","Monoglobaceae","Monoglobus"
"ASV2159","Bacteria","Firmicutes","Clostridia","Oscillospirales","Ruminococcaceae","Subdoligranulum"
"ASV2160","Bacteria","Firmicutes","Clostridia","Oscillospirales","Ruminococcaceae","CAG-352"
"ASV2161","Bacteria","Firmicutes","Clostridia","Lachnospirales","Lachnospiraceae","Blautia"
"ASV2162","Bacteria","Bacteroidota","Bacteroidia","Bacteroidales","Prevotellaceae","Prevotella_9"
"ASV2163","Bacteria","Firmicutes","Clostridia","Christensenellales","Christensenellaceae","Christensenellaceae R-7 group"
"ASV2164","Bacteria","Synergistota","Synergistia","Synergistales","Synergistaceae","Cloacibacillus"
"ASV2165","Bacteria","Firmicutes","Clostridia","Lachnospirales","Lachnospiraceae","Dorea"
"ASV2166","Bacteria","Firmicutes","Bacilli","RF39",NA,NA
"ASV2167","Bacteria","Firmicutes","Clostridia","Oscillospirales","UCG-010",NA
"ASV2168","Bacteria","Firmicutes","Bacilli","RF39",NA,NA
"ASV2169","Bacteria","Actinobacteriota","Coriobacteriia","Coriobacteriales","Atopobiaceae","Atopobium"
"ASV2170","Bacteria","Firmicutes","Clostridia","Peptostreptococcales-Tissierellales","Peptostreptococcaceae","Romboutsia"
"ASV2171","Bacteria","Firmicutes","Bacilli","RF39",NA,NA
"ASV2172","Bacteria","Actinobacteriota","Coriobacteriia","Coriobacteriales","Atopobiaceae","Olsenella"
"ASV2173","Bacteria","Firmicutes","Bacilli","Lactobacillales","Aerococcaceae","Facklamia"
"ASV2174","Bacteria","Firmicutes","Clostridia","Lachnospirales","Lachnospiraceae","Dorea"
"ASV2175","Bacteria","Firmicutes","Clostridia","Lachnospirales","Lachnospiraceae","Coprococcus"
"ASV2176","Bacteria","Firmicutes","Clostridia","Oscillospirales","Ruminococcaceae","Subdoligranulum"
"ASV2177","Bacteria","Firmicutes","Clostridia","Lachnospirales","Lachnospiraceae","[Eubacterium] hallii group"
"ASV2178","Bacteria","Bacteroidota","Bacteroidia","Bacteroidales","Prevotellaceae","Prevotella"
"ASV2179","Bacteria","Proteobacteria","Alphaproteobacteria","Rhodospirillales",NA,NA
"ASV2180","Bacteria","Actinobacteriota","Actinobacteria","Micrococcales","Micrococcaceae","Rothia"
"ASV2181","Bacteria","Firmicutes","Bacilli","Erysipelotrichales","Erysipelatoclostridiaceae","Erysipelotrichaceae UCG-003"
"ASV2182","Bacteria","Firmicutes","Bacilli","RF39",NA,NA
"ASV2183","Bacteria","Firmicutes","Clostridia","Clostridia UCG-014",NA,NA
"ASV2184","Bacteria","Firmicutes","Clostridia","Peptostreptococcales-Tissierellales","Anaerovoracaceae","Family XIII AD3011 group"
"ASV2185","Bacteria","Firmicutes","Clostridia","Monoglobales","Monoglobaceae","Monoglobus"
"ASV2186","Bacteria","Proteobacteria","Alphaproteobacteria","Rhodospirillales",NA,NA
"ASV2187","Bacteria","Actinobacteriota","Actinobacteria","Corynebacteriales","Corynebacteriaceae","Corynebacterium"
"ASV2188","Bacteria","Firmicutes","Clostridia","Oscillospirales","Ruminococcaceae",NA
"ASV2189","Bacteria","Actinobacteriota","Coriobacteriia","Coriobacteriales","Atopobiaceae","Olsenella"
"ASV2190","Bacteria","Firmicutes","Clostridia","Christensenellales","Christensenellaceae","Christensenellaceae R-7 group"
"ASV2191","Bacteria","Firmicutes","Clostridia","Oscillospirales","Oscillospiraceae","UCG-005"
"ASV2192","Bacteria","Firmicutes","Clostridia","Peptococcales","Peptococcaceae",NA
"ASV2193","Bacteria","Firmicutes","Clostridia","Oscillospirales","Ruminococcaceae","Caproiciproducens"
"ASV2194","Bacteria","Actinobacteriota","Coriobacteriia","Coriobacteriales","Atopobiaceae",NA
"ASV2195","Bacteria","Firmicutes","Clostridia","Oscillospirales","UCG-010",NA
"ASV2196","Bacteria","Proteobacteria","Gammaproteobacteria","Enterobacterales","Enterobacteriaceae","Escherichia-Shigella"
"ASV2197","Bacteria","Firmicutes","Clostridia","Clostridiales","Clostridiaceae","Clostridium sensu stricto 1"
"ASV2198","Bacteria","Firmicutes","Clostridia","Oscillospirales","Oscillospiraceae","UCG-005"
"ASV2199","Bacteria","Firmicutes","Clostridia","Lachnospirales","Lachnospiraceae","Coprococcus"
"ASV2200","Bacteria","Firmicutes","Clostridia","Clostridia UCG-014",NA,NA
"ASV2201","Bacteria","Firmicutes","Bacilli","RF39",NA,NA
"ASV2202","Bacteria","Firmicutes","Clostridia","Oscillospirales","Oscillospiraceae","NK4A214 group"
"ASV2203","Bacteria","Firmicutes","Clostridia","Lachnospirales","Lachnospiraceae",NA
"ASV2204","Bacteria","Firmicutes","Bacilli","RF39",NA,NA
"ASV2205","Bacteria","Firmicutes","Bacilli","RF39",NA,NA
"ASV2206","Bacteria","Cyanobacteria","Vampirivibrionia","Gastranaerophilales",NA,NA
"ASV2208","Bacteria","Actinobacteriota","Actinobacteria","Micrococcales","Micrococcaceae","Kocuria"
"ASV2209","Bacteria","Firmicutes","Bacilli","Erysipelotrichales","Erysipelatoclostridiaceae",NA
"ASV2210","Bacteria","Firmicutes","Bacilli","Erysipelotrichales","Erysipelatoclostridiaceae","Catenibacterium"
"ASV2211","Bacteria","Firmicutes","Bacilli","RF39",NA,NA
"ASV2212","Bacteria","Firmicutes","Clostridia","Lachnospirales","Lachnospiraceae","Coprococcus"
"ASV2213","Bacteria","Firmicutes","Clostridia","Clostridia UCG-014",NA,NA
"ASV2214","Bacteria","Firmicutes","Clostridia","Lachnospirales","Lachnospiraceae","[Ruminococcus] gauvreauii group"
"ASV2215","Bacteria","Firmicutes","Clostridia","Oscillospirales","Ruminococcaceae",NA
"ASV2216","Bacteria","Bacteroidota","Bacteroidia","Bacteroidales",NA,NA
"ASV2217","Bacteria","Actinobacteriota","Coriobacteriia","Coriobacteriales","Eggerthellaceae","Gordonibacter"
"ASV2218","Bacteria","Firmicutes","Bacilli","RF39",NA,NA
"ASV2219","Bacteria","Firmicutes","Bacilli","RF39",NA,NA
"ASV2220","Bacteria","Firmicutes","Clostridia","Monoglobales","Monoglobaceae","Monoglobus"
"ASV2221","Bacteria","Firmicutes","Clostridia","Peptostreptococcales-Tissierellales","Anaerovoracaceae","[Eubacterium] nodatum group"
"ASV2222","Bacteria","Firmicutes","Clostridia","Clostridiales","Clostridiaceae","Hathewaya"
"ASV2223","Bacteria","Firmicutes","Clostridia","Clostridia vadinBB60 group",NA,NA
"ASV2224","Bacteria","Firmicutes","Clostridia","Lachnospirales","Lachnospiraceae","Dorea"
"ASV2225","Bacteria","Cyanobacteria","Vampirivibrionia","Gastranaerophilales",NA,NA
"ASV2226","Bacteria","Actinobacteriota","Coriobacteriia","Coriobacteriales",NA,NA
"ASV2227","Bacteria","Firmicutes","Clostridia","Lachnospirales","Lachnospiraceae","Blautia"
"ASV2228","Bacteria","Firmicutes","Clostridia","Oscillospirales","Ruminococcaceae","Subdoligranulum"
"ASV2229","Bacteria","Firmicutes","Clostridia","Peptostreptococcales-Tissierellales","Peptostreptococcaceae","Romboutsia"
"ASV2230","Bacteria","Firmicutes","Bacilli","RF39",NA,NA
"ASV2231","Bacteria","Actinobacteriota","Coriobacteriia","Coriobacteriales","Eggerthellaceae","Enterorhabdus"
"ASV2232","Bacteria","Firmicutes","Clostridia","Lachnospirales","Lachnospiraceae",NA
"ASV2233","Bacteria","Firmicutes","Clostridia","Lachnospirales","Lachnospiraceae","Blautia"
"ASV2234","Bacteria","Firmicutes","Clostridia","Lachnospirales","Lachnospiraceae",NA
"ASV2235","Bacteria","Firmicutes","Bacilli","RF39",NA,NA
"ASV2236","Bacteria","Firmicutes","Clostridia","Oscillospirales","Ruminococcaceae","Subdoligranulum"
"ASV2237","Bacteria","Firmicutes","Bacilli","Lactobacillales","Lactobacillaceae","Weissella"
"ASV2238","Bacteria","Firmicutes","Clostridia","Lachnospirales","Lachnospiraceae","Blautia"
"ASV2239","Bacteria","Actinobacteriota","Actinobacteria","Corynebacteriales","Corynebacteriaceae","Corynebacterium"
"ASV2240","Bacteria","Firmicutes","Bacilli","Erysipelotrichales","Erysipelatoclostridiaceae","Eggerthia"
"ASV2241","Bacteria","Firmicutes","Clostridia","Lachnospirales","Lachnospiraceae",NA
"ASV2242","Bacteria","Firmicutes","Clostridia","Clostridia UCG-014",NA,NA
"ASV2243","Bacteria","Actinobacteriota","Coriobacteriia","Coriobacteriales","Eggerthellaceae","Enteroscipio"
"ASV2244","Bacteria","Firmicutes","Bacilli","RF39",NA,NA
"ASV2245","Bacteria","Actinobacteriota","Actinobacteria","Corynebacteriales","Corynebacteriaceae","Corynebacterium"
"ASV2246","Bacteria","Firmicutes","Bacilli","Bacillales","Planococcaceae","Solibacillus"
"ASV2247","Bacteria","Firmicutes","Clostridia","Lachnospirales","Lachnospiraceae",NA
"ASV2248","Bacteria","Firmicutes","Clostridia","Lachnospirales","Lachnospiraceae","Hungatella"
"ASV2249","Bacteria","Bacteroidota","Bacteroidia","Bacteroidales","Marinifilaceae","Butyricimonas"
"ASV2250","Bacteria","Firmicutes","Clostridia","Lachnospirales","Lachnospiraceae","Moryella"
"ASV2251","Bacteria","Firmicutes","Clostridia","Oscillospirales",NA,NA
"ASV2252","Bacteria","Firmicutes","Clostridia","Clostridia UCG-014",NA,NA
"ASV2253","Bacteria","Firmicutes","Clostridia","Lachnospirales","Lachnospiraceae","Blautia"
"ASV2254","Bacteria","Firmicutes","Clostridia","Lachnospirales","Lachnospiraceae","Coprococcus"
"ASV2255","Bacteria","Firmicutes","Clostridia","Oscillospirales",NA,NA
"ASV2256","Bacteria","Firmicutes","Clostridia","Peptostreptococcales-Tissierellales","Family XI","Anaerosalibacter"
"ASV2257","Bacteria","Firmicutes","Clostridia","Oscillospirales","UCG-010",NA
"ASV2258","Bacteria","Firmicutes","Clostridia","Eubacteriales","Eubacteriaceae","Eubacterium"
"ASV2259","Bacteria","Firmicutes","Clostridia","Oscillospirales","Oscillospiraceae","NK4A214 group"
"ASV2260","Bacteria","Firmicutes","Clostridia","Christensenellales","Christensenellaceae","Christensenellaceae R-7 group"
"ASV2261","Bacteria","Firmicutes","Clostridia","Clostridiales","Clostridiaceae","Clostridium sensu stricto 11"
"ASV2262","Bacteria","Firmicutes","Clostridia","Christensenellales","Christensenellaceae","Christensenellaceae R-7 group"
"ASV2263","Bacteria","Firmicutes","Bacilli","Bacillales","Planococcaceae","Lysinibacillus"
"ASV2264","Bacteria","Actinobacteriota","Actinobacteria","Corynebacteriales","Corynebacteriaceae","Corynebacterium"
"ASV2265","Bacteria","Firmicutes","Clostridia","Clostridia UCG-014",NA,NA
"ASV2266","Bacteria","Firmicutes","Bacilli","RF39",NA,NA
"ASV2267","Bacteria","Firmicutes","Clostridia","Oscillospirales","Oscillospiraceae","UCG-005"
"ASV2268","Bacteria","Firmicutes","Clostridia","Lachnospirales","Lachnospiraceae","[Ruminococcus] torques group"
"ASV2269","Bacteria","Firmicutes","Bacilli","RF39",NA,NA
"ASV2270","Bacteria","Firmicutes","Clostridia","Oscillospirales","Oscillospiraceae","Colidextribacter"
"ASV2271","Bacteria","Actinobacteriota","Actinobacteria","Corynebacteriales","Corynebacteriaceae","Corynebacterium"
"ASV2272","Bacteria","Firmicutes","Clostridia","Lachnospirales","Lachnospiraceae","[Eubacterium] ruminantium group"
"ASV2273","Bacteria","Firmicutes","Clostridia","Lachnospirales","Lachnospiraceae",NA
"ASV2274","Bacteria","Firmicutes","Clostridia","Clostridia UCG-014",NA,NA
"ASV2275","Bacteria","Firmicutes","Clostridia","Oscillospirales","Ruminococcaceae","Faecalibacterium"
"ASV2276","Bacteria","Firmicutes","Bacilli","RF39",NA,NA
"ASV2277","Bacteria","Firmicutes","Bacilli","RF39",NA,NA
"ASV2278","Bacteria","Firmicutes","Clostridia","Clostridia vadinBB60 group",NA,NA
"ASV2279","Bacteria","Firmicutes","Bacilli","Erysipelotrichales","Erysipelotrichaceae","Dielma"
"ASV2280","Bacteria","Firmicutes","Clostridia","Lachnospirales","Lachnospiraceae","Howardella"
"ASV2281","Bacteria","Firmicutes","Clostridia","Clostridia UCG-014",NA,NA
"ASV2282","Bacteria","Firmicutes","Clostridia","Oscillospirales","UCG-010",NA
"ASV2283","Bacteria","Firmicutes","Clostridia",NA,NA,NA
"ASV2284","Bacteria","Bacteroidota","Bacteroidia","Bacteroidales","Rikenellaceae","Alistipes"
"ASV2285","Bacteria","Bacteroidota","Bacteroidia","Bacteroidales","Bacteroidaceae","Bacteroides"
"ASV2286","Bacteria","Firmicutes","Bacilli","RF39",NA,NA
"ASV2287","Bacteria","Firmicutes","Clostridia","Lachnospirales","Lachnospiraceae","Blautia"
"ASV2288","Bacteria","Firmicutes","Clostridia","Lachnospirales","Lachnospiraceae","[Eubacterium] eligens group"
"ASV2289","Bacteria","Firmicutes","Clostridia","Monoglobales","Monoglobaceae","Monoglobus"
"ASV2290","Bacteria","Firmicutes","Bacilli","Lactobacillales","Lactobacillaceae","Weissella"
"ASV2291","Bacteria","Firmicutes","Clostridia","Oscillospirales","Oscillospiraceae","UCG-002"
"ASV2292","Bacteria","Synergistota","Synergistia","Synergistales","Synergistaceae","Cloacibacillus"
"ASV2293","Bacteria","Firmicutes","Clostridia","Clostridia vadinBB60 group",NA,NA
"ASV2294","Bacteria","Firmicutes","Clostridia","Clostridia vadinBB60 group",NA,NA
"ASV2295","Bacteria","Bacteroidota","Bacteroidia","Bacteroidales","Marinifilaceae","Butyricimonas"
"ASV2296","Bacteria","Firmicutes","Clostridia","Clostridia UCG-014",NA,NA
"ASV2297","Bacteria","Firmicutes","Clostridia","Lachnospirales","Lachnospiraceae","Roseburia"
"ASV2298","Bacteria","Bacteroidota","Bacteroidia","Bacteroidales","Rikenellaceae","Rikenellaceae RC9 gut group"
"ASV2300","Bacteria","Bacteroidota","Bacteroidia","Bacteroidales","Rikenellaceae","Rikenellaceae RC9 gut group"
"ASV2301","Bacteria","Firmicutes","Clostridia","Clostridia vadinBB60 group",NA,NA
"ASV2302","Bacteria","Firmicutes","Clostridia","Lachnospirales","Lachnospiraceae","Blautia"
"ASV2303","Bacteria","Firmicutes","Clostridia","Oscillospirales","Oscillospiraceae","Oscillospira"
"ASV2304","Bacteria","Firmicutes","Bacilli","RF39",NA,NA
"ASV2305","Bacteria","Verrucomicrobiota","Verrucomicrobiae","Opitutales","Puniceicoccaceae",NA
"ASV2306","Bacteria","Firmicutes","Bacilli","Lactobacillales","Aerococcaceae","Abiotrophia"
"ASV2307","Bacteria","Bacteroidota","Bacteroidia","Bacteroidales","Rikenellaceae","Alistipes"
"ASV2308","Bacteria","Firmicutes","Bacilli","RF39",NA,NA
"ASV2309","Bacteria","Firmicutes","Clostridia","Oscillospirales","UCG-010",NA
"ASV2310","Bacteria","Firmicutes","Clostridia","Oscillospirales","Ruminococcaceae",NA
"ASV2311","Bacteria","Firmicutes","Bacilli","Erysipelotrichales","Erysipelatoclostridiaceae","Erysipelotrichaceae UCG-003"
"ASV2312","Bacteria","Actinobacteriota","Coriobacteriia","Coriobacteriales","Eggerthellaceae","Enterorhabdus"
"ASV2313","Bacteria","Actinobacteriota","Coriobacteriia","Coriobacteriales","Coriobacteriales Incertae Sedis",NA
"ASV2314","Bacteria","Firmicutes","Clostridia","Christensenellales","Christensenellaceae","Christensenellaceae R-7 group"
"ASV2315","Bacteria","Bacteroidota","Bacteroidia","Bacteroidales","Prevotellaceae","Prevotella_7"
"ASV2316","Bacteria","Bacteroidota","Bacteroidia","Bacteroidales","Prevotellaceae","Prevotella"
"ASV2317","Bacteria","Firmicutes","Clostridia","Lachnospirales","Lachnospiraceae","Oribacterium"
"ASV2318","Bacteria","Firmicutes","Clostridia","Clostridia UCG-014",NA,NA
"ASV2319","Bacteria","Firmicutes","Bacilli","RF39",NA,NA
"ASV2320","Bacteria","Firmicutes","Bacilli","Staphylococcales","Staphylococcaceae","Staphylococcus"
"ASV2321","Bacteria","Firmicutes","Clostridia","Peptostreptococcales-Tissierellales","Anaerovoracaceae","[Eubacterium] saphenum group"
"ASV2322","Bacteria","Firmicutes","Clostridia","Lachnospirales","Lachnospiraceae","[Eubacterium] xylanophilum group"
"ASV2323","Bacteria","Firmicutes","Clostridia","Peptococcales","Peptococcaceae",NA
"ASV2324","Bacteria","Firmicutes","Clostridia","Lachnospirales","Lachnospiraceae",NA
"ASV2325","Bacteria","Firmicutes","Bacilli","Erysipelotrichales","Erysipelatoclostridiaceae","Catenibacterium"
"ASV2326","Bacteria","Firmicutes","Clostridia","Clostridia UCG-014",NA,NA
"ASV2327","Bacteria","Firmicutes","Clostridia","Lachnospirales","Lachnospiraceae",NA
"ASV2328","Bacteria","Firmicutes","Bacilli","Lactobacillales","Listeriaceae","Brochothrix"
"ASV2329","Bacteria","Firmicutes","Clostridia","Lachnospirales","Lachnospiraceae","[Ruminococcus] torques group"
"ASV2330","Bacteria","Firmicutes","Clostridia","Clostridia UCG-014",NA,NA
"ASV2331","Bacteria","Bacteroidota","Bacteroidia","Bacteroidales","Tannerellaceae","Parabacteroides"
"ASV2332","Bacteria","Firmicutes","Clostridia","Peptostreptococcales-Tissierellales","Family XI","Ezakiella"
"ASV2333","Bacteria","Firmicutes","Clostridia","Oscillospirales","Ruminococcaceae","Candidatus Soleaferrea"
"ASV2334","Bacteria","Firmicutes","Clostridia","Lachnospirales","Lachnospiraceae",NA
"ASV2335","Bacteria","Bacteroidota","Bacteroidia","Bacteroidales","Prevotellaceae","Prevotella_9"
"ASV2336","Bacteria","Firmicutes","Bacilli","RF39",NA,NA
"ASV2337","Bacteria","Firmicutes","Clostridia","Oscillospirales","Ruminococcaceae","Ruminococcus"
"ASV2338","Bacteria","Proteobacteria","Alphaproteobacteria","Rhodospirillales",NA,NA
"ASV2339","Bacteria","Firmicutes","Clostridia","Oscillospirales","Ruminococcaceae","DTU089"
"ASV2340","Bacteria","Firmicutes","Clostridia","Christensenellales","Christensenellaceae",NA
"ASV2341","Bacteria","Firmicutes","Bacilli","RF39",NA,NA
"ASV2342","Bacteria","Firmicutes","Clostridia","Lachnospirales","Lachnospiraceae","Anaerostipes"
"ASV2343","Bacteria","Firmicutes","Clostridia","Clostridiales","Clostridiaceae","Clostridium sensu stricto 1"
"ASV2344","Bacteria","Firmicutes","Clostridia","Lachnospirales","Lachnospiraceae","Anaerostipes"
"ASV2345","Bacteria","Firmicutes","Clostridia","Oscillospirales","Ruminococcaceae","[Eubacterium] siraeum group"
"ASV2346","Bacteria","Firmicutes","Clostridia","Lachnospirales","Lachnospiraceae",NA
"ASV2347","Bacteria","Firmicutes","Bacilli","RF39",NA,NA
"ASV2348","Bacteria","Firmicutes","Clostridia","Lachnospirales","Lachnospiraceae","Tuzzerella"
"ASV2349","Bacteria","Firmicutes","Clostridia","Lachnospirales","Lachnospiraceae",NA
"ASV2350","Bacteria","Firmicutes","Clostridia","Peptostreptococcales-Tissierellales","Anaerovoracaceae","[Eubacterium] saphenum group"
"ASV2351","Bacteria","Firmicutes","Clostridia","Monoglobales","Monoglobaceae","Monoglobus"
"ASV2352","Bacteria","Firmicutes","Clostridia","Oscillospirales","UCG-010",NA
"ASV2353","Bacteria","Firmicutes","Bacilli","RF39",NA,NA
"ASV2354","Bacteria","Firmicutes","Clostridia","Clostridiales","Clostridiaceae","Clostridium sensu stricto 1"
"ASV2355","Bacteria","Firmicutes","Clostridia","Lachnospirales","Lachnospiraceae","[Ruminococcus] torques group"
"ASV2356","Bacteria","Bacteroidota","Bacteroidia","Bacteroidales","Prevotellaceae","Prevotella_9"
"ASV2357","Bacteria","Firmicutes","Clostridia","Oscillospirales","Oscillospiraceae",NA
"ASV2358","Bacteria","Bacteroidota","Bacteroidia","Bacteroidales","Bacteroidaceae","Bacteroides"
"ASV2359","Bacteria","Firmicutes","Clostridia","Clostridia UCG-014",NA,NA
"ASV2360","Bacteria","Firmicutes","Clostridia","Clostridia UCG-014",NA,NA
"ASV2361","Bacteria","Actinobacteriota","Actinobacteria","Actinomycetales","Actinomycetaceae","Varibaculum"
"ASV2362","Bacteria","Firmicutes","Clostridia","Christensenellales","Christensenellaceae","Christensenellaceae R-7 group"
"ASV2363","Bacteria","Firmicutes","Bacilli","Staphylococcales","Staphylococcaceae","Macrococcus"
"ASV2364","Bacteria","Firmicutes","Clostridia","Oscillospirales","Ruminococcaceae",NA
"ASV2365","Bacteria","Actinobacteriota","Coriobacteriia","Coriobacteriales","Eggerthellaceae","Gordonibacter"
"ASV2366","Bacteria","Firmicutes","Negativicutes","Veillonellales-Selenomonadales","Veillonellaceae","Dialister"
"ASV2367","Bacteria","Firmicutes","Clostridia","Peptostreptococcales-Tissierellales","Family XI","Parvimonas"
"ASV2368","Bacteria","Firmicutes","Clostridia","Clostridia vadinBB60 group",NA,NA
"ASV2369","Bacteria","Firmicutes","Clostridia","Lachnospirales","Lachnospiraceae",NA
"ASV2370","Bacteria","Firmicutes","Clostridia","Oscillospirales","Butyricicoccaceae","UCG-009"
"ASV2371","Bacteria","Firmicutes","Clostridia","Clostridia vadinBB60 group",NA,NA
"ASV2372","Bacteria","Firmicutes","Clostridia","Oscillospirales","Ruminococcaceae",NA
"ASV2373","Bacteria","Firmicutes","Clostridia","Oscillospirales","Butyricicoccaceae","UCG-008"
"ASV2374","Bacteria","Actinobacteriota","Actinobacteria","Corynebacteriales","Corynebacteriaceae","Corynebacterium"
"ASV2375","Bacteria","Firmicutes","Bacilli","RF39",NA,NA
"ASV2376","Bacteria","Firmicutes","Clostridia","Lachnospirales","Lachnospiraceae","Marvinbryantia"
"ASV2377","Bacteria","Firmicutes","Clostridia","Clostridiales","Clostridiaceae","Clostridium sensu stricto 1"
"ASV2378","Bacteria","Firmicutes","Clostridia","Clostridia UCG-014",NA,NA
"ASV2379","Bacteria","Bacteroidota","Bacteroidia","Bacteroidales","Porphyromonadaceae","Porphyromonas"
"ASV2380","Bacteria","Firmicutes","Clostridia","Peptostreptococcales-Tissierellales","Anaerovoracaceae","Mogibacterium"
"ASV2381","Bacteria","Firmicutes","Clostridia","Lachnospirales","Lachnospiraceae","Blautia"
"ASV2382","Bacteria","Actinobacteriota","Coriobacteriia","Coriobacteriales","Eggerthellaceae","Gordonibacter"
"ASV2383","Bacteria","Firmicutes","Clostridia","Lachnospirales","Lachnospiraceae","Oribacterium"
"ASV2384","Bacteria","Firmicutes","Clostridia","Oscillospirales","UCG-010",NA
"ASV2385","Bacteria","Firmicutes","Clostridia","Oscillospirales","UCG-010",NA
"ASV2386","Bacteria","Firmicutes","Clostridia","Clostridia UCG-014",NA,NA
"ASV2387","Bacteria","Fusobacteriota","Fusobacteriia","Fusobacteriales","Leptotrichiaceae","Sneathia"
"ASV2388","Bacteria","Actinobacteriota","Coriobacteriia","Coriobacteriales","Atopobiaceae","Olsenella"
"ASV2389","Bacteria","Firmicutes","Bacilli","RF39",NA,NA
"ASV2391","Bacteria","Bacteroidota","Bacteroidia","Bacteroidales","Marinifilaceae","Butyricimonas"
"ASV2392","Bacteria","Firmicutes","Clostridia","Oscillospirales","Oscillospiraceae","Intestinimonas"
"ASV2393","Bacteria","Firmicutes","Clostridia","Lachnospirales","Lachnospiraceae","GCA-900066575"
"ASV2394","Bacteria","Firmicutes","Bacilli","Erysipelotrichales","Erysipelotrichaceae","Holdemanella"
"ASV2395","Bacteria","Firmicutes","Clostridia","Lachnospirales","Lachnospiraceae",NA
"ASV2396","Bacteria","Actinobacteriota","Coriobacteriia","Coriobacteriales","Eggerthellaceae",NA
"ASV2397","Bacteria","Bacteroidota","Bacteroidia","Bacteroidales","Prevotellaceae","Prevotella"
"ASV2398","Bacteria","Bacteroidota","Bacteroidia","Bacteroidales","Prevotellaceae","Alloprevotella"
"ASV2399","Bacteria","Firmicutes","Bacilli","RF39",NA,NA
"ASV2400","Bacteria","Firmicutes","Clostridia","Oscillospirales","Oscillospiraceae","UCG-005"
"ASV2401","Bacteria","Firmicutes","Clostridia","Oscillospirales","Butyricicoccaceae","UCG-009"
"ASV2402","Bacteria","Firmicutes","Clostridia","Lachnospirales","Lachnospiraceae",NA
"ASV2403","Bacteria","Proteobacteria","Gammaproteobacteria","Burkholderiales","Sutterellaceae","Parasutterella"
"ASV2404","Bacteria","Firmicutes","Clostridia","Clostridia UCG-014",NA,NA
"ASV2405","Bacteria","Proteobacteria","Gammaproteobacteria","Enterobacterales","Enterobacteriaceae","Franconibacter"
"ASV2406","Bacteria","Firmicutes","Bacilli","Lactobacillales","Streptococcaceae","Streptococcus"
"ASV2407","Bacteria","Firmicutes","Clostridia","Lachnospirales","Lachnospiraceae","Lachnospiraceae UCG-010"
"ASV2408","Bacteria","Firmicutes","Clostridia","Oscillospirales",NA,NA
"ASV2409","Bacteria","Firmicutes","Clostridia","Clostridia UCG-014",NA,NA
"ASV2410","Bacteria","Firmicutes","Bacilli","RF39",NA,NA
"ASV2411","Bacteria","Firmicutes","Clostridia","Clostridiales","Clostridiaceae","Clostridium sensu stricto 1"
"ASV2412","Bacteria","Firmicutes","Clostridia","Clostridia vadinBB60 group",NA,NA
"ASV2413","Bacteria","Firmicutes","Clostridia","Monoglobales","Monoglobaceae","Monoglobus"
"ASV2414","Bacteria","Firmicutes","Clostridia","Oscillospirales","[Eubacterium] coprostanoligenes group",NA
"ASV2415","Bacteria","Firmicutes","Bacilli","RF39",NA,NA
"ASV2416","Bacteria","Firmicutes","Clostridia","Lachnospirales","Lachnospiraceae",NA
"ASV2417","Bacteria","Firmicutes","Bacilli","RF39",NA,NA
"ASV2418","Bacteria","Actinobacteriota","Actinobacteria",NA,NA,NA
"ASV2419","Bacteria","Actinobacteriota","Actinobacteria","Bifidobacteriales","Bifidobacteriaceae","Bifidobacterium"
"ASV2420","Bacteria","Firmicutes","Clostridia","Clostridiales","Clostridiaceae","Clostridium sensu stricto 1"
"ASV2421","Bacteria","Actinobacteriota","Coriobacteriia","Coriobacteriales","Eggerthellaceae",NA
"ASV2422","Bacteria","Firmicutes","Bacilli","RF39",NA,NA
"ASV2423","Bacteria","Firmicutes","Bacilli","Bacillales","Bacillaceae",NA
"ASV2425","Bacteria","Firmicutes","Clostridia","Lachnospirales","Lachnospiraceae","Oribacterium"
"ASV2426","Bacteria","Firmicutes","Clostridia","Christensenellales","Christensenellaceae","Christensenellaceae R-7 group"
"ASV2427","Bacteria","Firmicutes","Clostridia","Oscillospirales","Ruminococcaceae","Ruminococcus"
"ASV2428","Bacteria","Cyanobacteria","Vampirivibrionia","Gastranaerophilales",NA,NA
"ASV2429","Bacteria","Firmicutes","Clostridia","Clostridia vadinBB60 group",NA,NA
"ASV2430","Bacteria","Firmicutes","Clostridia","Clostridia vadinBB60 group",NA,NA
"ASV2431","Bacteria","Bacteroidota","Bacteroidia","Bacteroidales","Prevotellaceae","Prevotellaceae UCG-004"
"ASV2432","Bacteria","Firmicutes","Clostridia","Oscillospirales","UCG-010",NA
"ASV2433","Bacteria","Actinobacteriota","Coriobacteriia","Coriobacteriales","Coriobacteriales Incertae Sedis",NA
"ASV2434","Bacteria","Firmicutes","Bacilli","Acholeplasmatales","Acholeplasmataceae","Anaeroplasma"
"ASV2435","Bacteria","Actinobacteriota","Actinobacteria","Corynebacteriales","Corynebacteriaceae","Corynebacterium"
"ASV2436","Bacteria","Firmicutes","Clostridia","Lachnospirales","Lachnospiraceae","Agathobacter"
"ASV2437","Bacteria","Firmicutes","Clostridia","Lachnospirales","Lachnospiraceae","Coprococcus"
"ASV2438","Bacteria","Firmicutes","Clostridia","Peptostreptococcales-Tissierellales","Peptostreptococcaceae","Terrisporobacter"
"ASV2439","Bacteria","Firmicutes","Clostridia","Lachnospirales","Lachnospiraceae",NA
"ASV2440","Bacteria","Bacteroidota","Bacteroidia","Bacteroidales","Prevotellaceae","Alloprevotella"
"ASV2441","Bacteria","Proteobacteria","Alphaproteobacteria","Rhodospirillales",NA,NA
"ASV2442","Bacteria","Firmicutes","Clostridia","Oscillospirales","Butyricicoccaceae","UCG-009"
"ASV2443","Bacteria","Cyanobacteria","Vampirivibrionia","Gastranaerophilales",NA,NA
"ASV2444","Bacteria","Firmicutes","Bacilli","RF39",NA,NA
"ASV2445","Bacteria","Firmicutes","Clostridia","Oscillospirales","Butyricicoccaceae","Butyricicoccus"
"ASV2446","Bacteria","Firmicutes","Clostridia","Lachnospirales","Lachnospiraceae","Blautia"
"ASV2447","Bacteria","Firmicutes","Clostridia","Oscillospirales","Butyricicoccaceae","UCG-008"
"ASV2448","Bacteria","Firmicutes","Clostridia","Oscillospirales","UCG-010",NA
"ASV2449","Bacteria","Firmicutes","Clostridia","Oscillospirales","UCG-010",NA
"ASV2450","Bacteria","Firmicutes","Clostridia","Oscillospirales","UCG-010",NA
"ASV2451","Bacteria","Firmicutes","Clostridia","Monoglobales","Monoglobaceae","Monoglobus"
"ASV2452","Bacteria","Firmicutes","Clostridia","Lachnospirales","Lachnospiraceae","Dorea"
"ASV2453","Bacteria","Firmicutes","Bacilli","RF39",NA,NA
"ASV2454","Bacteria","Firmicutes","Clostridia","Clostridia UCG-014",NA,NA
"ASV2455","Bacteria","Firmicutes","Clostridia","Lachnospirales","Lachnospiraceae","Blautia"
"ASV2456","Bacteria","Firmicutes","Clostridia","Lachnospirales","Lachnospiraceae","[Eubacterium] fissicatena group"
"ASV2457","Bacteria","Firmicutes","Clostridia","Lachnospirales","Lachnospiraceae","Dorea"
"ASV2458","Bacteria","Firmicutes","Clostridia","Oscillospirales","[Eubacterium] coprostanoligenes group",NA
"ASV2459","Bacteria","Actinobacteriota","Actinobacteria","Corynebacteriales","Corynebacteriaceae","Corynebacterium"
"ASV2460","Bacteria","Proteobacteria","Gammaproteobacteria","Enterobacterales","Enterobacteriaceae","Escherichia-Shigella"
"ASV2461","Bacteria","Actinobacteriota","Coriobacteriia","Coriobacteriales","Eggerthellaceae","Denitrobacterium"
"ASV2462","Bacteria","Firmicutes","Clostridia","Clostridia UCG-014",NA,NA
"ASV2463","Bacteria","Firmicutes","Clostridia","Christensenellales","Christensenellaceae","Christensenellaceae R-7 group"
"ASV2464","Bacteria","Firmicutes","Bacilli","Erysipelotrichales","Erysipelotrichaceae","Catenisphaera"
"ASV2465","Bacteria","Firmicutes","Clostridia","Lachnospirales","Lachnospiraceae",NA
"ASV2466","Bacteria","Firmicutes","Clostridia","Oscillospirales","Oscillospiraceae","NK4A214 group"
"ASV2467","Bacteria","Synergistota","Synergistia","Synergistales","Synergistaceae","Synergistes"
"ASV2468","Bacteria","Firmicutes","Negativicutes","Veillonellales-Selenomonadales","Selenomonadaceae","Anaerovibrio"
"ASV2469","Bacteria","Verrucomicrobiota","Lentisphaeria","Victivallales","vadinBE97",NA
"ASV2470","Bacteria","Firmicutes","Clostridia","Lachnospirales","Lachnospiraceae","Lachnospiraceae UCG-010"
"ASV2471","Bacteria","Bacteroidota","Bacteroidia","Bacteroidales","Prevotellaceae","Prevotella_7"
"ASV2472","Bacteria","Firmicutes","Clostridia","Lachnospirales","Lachnospiraceae",NA
"ASV2473","Bacteria","Firmicutes","Bacilli","Erysipelotrichales","Erysipelotrichaceae","Holdemania"
"ASV2474","Bacteria","Firmicutes","Clostridia","Clostridia UCG-014",NA,NA
"ASV2475","Bacteria","Firmicutes","Clostridia","Clostridiales","Clostridiaceae","Clostridium sensu stricto 1"
"ASV2476","Bacteria","Firmicutes","Bacilli","Lactobacillales","Lactobacillaceae","Liquorilactobacillus"
"ASV2477","Bacteria","Bacteroidota","Bacteroidia","Bacteroidales","Rikenellaceae","Alistipes"
"ASV2478","Bacteria","Proteobacteria","Alphaproteobacteria","Rhodobacterales","Rhodobacteraceae",NA
"ASV2479","Bacteria","Fusobacteriota","Fusobacteriia","Fusobacteriales","Fusobacteriaceae","Cetobacterium"
"ASV2480","Bacteria","Firmicutes","Clostridia","Peptostreptococcales-Tissierellales","Anaerovoracaceae","Family XIII AD3011 group"
"ASV2481","Bacteria","Bacteroidota","Bacteroidia","Bacteroidales","Prevotellaceae","Prevotella_7"
"ASV2482","Bacteria","Firmicutes","Clostridia","Clostridia UCG-014",NA,NA
"ASV2483","Bacteria","Firmicutes","Clostridia","Clostridia UCG-014",NA,NA
"ASV2485","Bacteria","Cyanobacteria","Vampirivibrionia","Gastranaerophilales",NA,NA
"ASV2486","Bacteria","Proteobacteria","Alphaproteobacteria","Rhodospirillales",NA,NA
"ASV2487","Bacteria","Actinobacteriota","Coriobacteriia","Coriobacteriales","Eggerthellaceae","Enterorhabdus"
"ASV2488","Bacteria","Firmicutes","Clostridia","Oscillospirales","Oscillospiraceae","UCG-002"
"ASV2489","Bacteria","Firmicutes","Clostridia","Oscillospirales","UCG-010",NA
"ASV2490","Bacteria","Firmicutes","Negativicutes","Veillonellales-Selenomonadales","Veillonellaceae","Dialister"
"ASV2491","Bacteria","Firmicutes","Clostridia","Oscillospirales","Oscillospiraceae","UCG-002"
"ASV2492","Bacteria","Firmicutes","Clostridia","Clostridia vadinBB60 group",NA,NA
"ASV2493","Bacteria","Firmicutes","Bacilli","RF39",NA,NA
"ASV2494","Bacteria","Firmicutes","Clostridia","Lachnospirales","Lachnospiraceae","Lachnoclostridium"
"ASV2495","Bacteria","Firmicutes","Clostridia","Oscillospirales","Oscillospiraceae",NA
"ASV2496","Bacteria","Firmicutes","Bacilli","Erysipelotrichales","Erysipelotrichaceae","Erysipelothrix"
"ASV2497","Bacteria","Firmicutes","Clostridia","Lachnospirales","Lachnospiraceae","[Eubacterium] ruminantium group"
"ASV2498","Bacteria","Firmicutes","Clostridia","Oscillospirales","Oscillospiraceae","NK4A214 group"
"ASV2499","Bacteria","Bacteroidota","Bacteroidia","Bacteroidales","Bacteroidaceae","Bacteroides"
"ASV2500","Bacteria","Firmicutes","Clostridia","Oscillospirales","Ruminococcaceae","Ruminococcus"
"ASV2501","Bacteria","Firmicutes","Clostridia","Lachnospirales","Lachnospiraceae","Dorea"
"ASV2502","Bacteria","Firmicutes","Clostridia","Lachnospirales","Lachnospiraceae","Dorea"
"ASV2503","Bacteria","Firmicutes","Clostridia","Oscillospirales","Butyricicoccaceae","UCG-009"
"ASV2504","Bacteria","Firmicutes","Clostridia","Clostridia UCG-014",NA,NA
"ASV2505","Bacteria","Firmicutes","Clostridia","Christensenellales","Christensenellaceae","Christensenellaceae R-7 group"
"ASV2506","Bacteria","Firmicutes","Clostridia","Peptostreptococcales-Tissierellales","Family XI","Murdochiella"
"ASV2507","Bacteria","Firmicutes","Clostridia","Oscillospirales","Ruminococcaceae",NA
"ASV2508","Bacteria","Actinobacteriota","Coriobacteriia","Coriobacteriales",NA,NA
"ASV2509","Bacteria","Proteobacteria","Gammaproteobacteria","Burkholderiales","Sutterellaceae","Sutterella"
"ASV2510","Bacteria","Bacteroidota","Bacteroidia","Bacteroidales","Barnesiellaceae","Barnesiella"
"ASV2511","Bacteria","Firmicutes","Clostridia","Lachnospirales","Lachnospiraceae","Sellimonas"
"ASV2512","Bacteria","Firmicutes","Clostridia","Peptostreptococcales-Tissierellales",NA,NA
"ASV2513","Bacteria","Firmicutes","Bacilli","RF39",NA,NA
"ASV2514","Bacteria","Bacteroidota","Bacteroidia","Bacteroidales","Muribaculaceae",NA
"ASV2515","Bacteria","Bacteroidota","Bacteroidia","Bacteroidales","Prevotellaceae","Prevotellaceae NK3B31 group"
"ASV2516","Bacteria","Firmicutes","Clostridia","Oscillospirales","Ruminococcaceae","Incertae Sedis"
"ASV2517","Bacteria","Firmicutes","Clostridia","Christensenellales","Christensenellaceae","Christensenellaceae R-7 group"
"ASV2518","Bacteria","Firmicutes","Clostridia","Peptostreptococcales-Tissierellales","Anaerovoracaceae","[Eubacterium] brachy group"
"ASV2519","Bacteria","Firmicutes","Bacilli","RF39",NA,NA
"ASV2520","Bacteria","Firmicutes","Clostridia","Oscillospirales","Ruminococcaceae","Incertae Sedis"
"ASV2521","Bacteria","Firmicutes","Clostridia","Peptostreptococcales-Tissierellales","Family XI","Anaerococcus"
"ASV2522","Bacteria","Firmicutes","Clostridia","Oscillospirales","Ruminococcaceae",NA
"ASV2523","Bacteria","Firmicutes","Clostridia","Christensenellales","Christensenellaceae",NA
"ASV2524","Bacteria","Actinobacteriota","Coriobacteriia","Coriobacteriales","Atopobiaceae","Atopobium"
"ASV2525","Bacteria","Firmicutes","Clostridia","Oscillospirales","Oscillospiraceae","UCG-005"
"ASV2526","Bacteria","Firmicutes","Clostridia","Lachnospirales","Lachnospiraceae","Blautia"
"ASV2527","Bacteria","Firmicutes","Bacilli","Staphylococcales","Staphylococcaceae",NA
"ASV2528","Bacteria","Firmicutes","Clostridia","Oscillospirales","Oscillospiraceae","UCG-005"
"ASV2529","Bacteria","Proteobacteria","Gammaproteobacteria","Burkholderiales","Comamonadaceae","Comamonas"
"ASV2530","Bacteria","Proteobacteria","Gammaproteobacteria","Pseudomonadales","Pseudomonadaceae","Pseudomonas"
"ASV2531","Bacteria","Firmicutes","Clostridia","Lachnospirales","Lachnospiraceae","Lachnospiraceae ND3007 group"
"ASV2532","Bacteria","Firmicutes","Clostridia","Clostridia vadinBB60 group",NA,NA
"ASV2533","Bacteria","Firmicutes","Clostridia","Clostridia vadinBB60 group",NA,NA
"ASV2534","Bacteria","Proteobacteria","Alphaproteobacteria","Rhodospirillales",NA,NA
"ASV2535","Bacteria","Firmicutes","Clostridia","Oscillospirales","Oscillospiraceae","Intestinimonas"
"ASV2536","Bacteria","Firmicutes","Clostridia","Clostridia vadinBB60 group",NA,NA
"ASV2537","Bacteria","Firmicutes","Bacilli","Bacillales","Bacillaceae","Bacillus"
"ASV2538","Bacteria","Firmicutes","Bacilli","RF39",NA,NA
"ASV2539","Bacteria","Actinobacteriota","Coriobacteriia","Coriobacteriales","Coriobacteriaceae","Collinsella"
"ASV2540","Bacteria","Firmicutes","Clostridia","Lachnospirales","Lachnospiraceae","Epulopiscium"
"ASV2541","Bacteria","Verrucomicrobiota","Verrucomicrobiae","Pedosphaerales","Pedosphaeraceae","DEV114"
"ASV2542","Bacteria","Firmicutes","Clostridia","Oscillospirales","Ruminococcaceae","Incertae Sedis"
"ASV2543","Bacteria","Firmicutes","Bacilli","RF39",NA,NA
"ASV2544","Bacteria","Bacteroidota","Bacteroidia","Bacteroidales","Porphyromonadaceae","Porphyromonas"
"ASV2545","Bacteria","Firmicutes","Clostridia","Oscillospirales","Ruminococcaceae",NA
"ASV2546","Bacteria","Firmicutes","Clostridia","Clostridia vadinBB60 group",NA,NA
"ASV2547","Bacteria","Firmicutes","Clostridia","Lachnospirales","Lachnospiraceae",NA
"ASV2548","Bacteria","Firmicutes","Bacilli","RF39",NA,NA
"ASV2550","Bacteria","Actinobacteriota","Coriobacteriia","Coriobacteriales","Atopobiaceae","Libanicoccus"
"ASV2551","Bacteria","Firmicutes","Clostridia","Oscillospirales","Ruminococcaceae","Paludicola"
"ASV2552","Bacteria","Firmicutes","Clostridia","Lachnospirales","Lachnospiraceae",NA
"ASV2553","Bacteria","Firmicutes","Clostridia","Monoglobales","Monoglobaceae","Monoglobus"
"ASV2554","Bacteria","Bacteroidota","Bacteroidia","Bacteroidales","Marinifilaceae","Butyricimonas"
"ASV2555","Bacteria","Firmicutes","Clostridia","Clostridia UCG-014",NA,NA
"ASV2556","Bacteria","Firmicutes","Bacilli","Erysipelotrichales","Erysipelotrichaceae","Holdemania"
"ASV2557","Bacteria","Firmicutes","Clostridia","Lachnospirales","Lachnospiraceae",NA
"ASV2558","Bacteria","Bacteroidota","Bacteroidia","Bacteroidales","Rikenellaceae","Rikenellaceae RC9 gut group"
"ASV2559","Bacteria","Verrucomicrobiota","Lentisphaeria","Victivallales","Victivallaceae","Victivallis"
"ASV2560","Bacteria","Firmicutes","Clostridia","Christensenellales","Christensenellaceae","Christensenellaceae R-7 group"
"ASV2561","Bacteria","Actinobacteriota","Actinobacteria","Corynebacteriales","Corynebacteriaceae","Corynebacterium"
"ASV2562","Bacteria","Firmicutes","Bacilli","Lactobacillales","Lactobacillaceae",NA
"ASV2563","Bacteria","Firmicutes",NA,NA,NA,NA
"ASV2564","Bacteria","Desulfobacterota","Desulfovibrionia","Desulfovibrionales","Desulfovibrionaceae","Mailhella"
"ASV2565","Bacteria","Firmicutes","Clostridia","Clostridiales","Clostridiaceae","Clostridium sensu stricto 1"
"ASV2566","Bacteria","Firmicutes","Clostridia","Peptostreptococcales-Tissierellales","Anaerovoracaceae","Family XIII AD3011 group"
"ASV2567","Bacteria","Elusimicrobiota","Elusimicrobia","Elusimicrobiales","Elusimicrobiaceae","Elusimicrobium"
"ASV2568","Bacteria","Firmicutes","Clostridia","Peptostreptococcales-Tissierellales","Anaerovoracaceae","Family XIII AD3011 group"
"ASV2569","Bacteria","Actinobacteriota","Coriobacteriia","Coriobacteriales","Eggerthellaceae","Enterorhabdus"
"ASV2570","Bacteria","Firmicutes","Clostridia","Oscillospirales","Ruminococcaceae","Angelakisella"
"ASV2571","Bacteria","Firmicutes","Clostridia","Lachnospirales","Lachnospiraceae","Incertae Sedis"
"ASV2572","Bacteria","Firmicutes","Clostridia","Lachnospirales","Lachnospiraceae","Anaerosporobacter"
"ASV2573","Bacteria","Firmicutes","Clostridia","Oscillospirales","Ruminococcaceae",NA
"ASV2574","Bacteria","Proteobacteria","Gammaproteobacteria","Enterobacterales","Morganellaceae","Proteus"
"ASV2575","Bacteria","Firmicutes","Bacilli","RF39",NA,NA
"ASV2576","Bacteria","Bacteroidota","Bacteroidia","Bacteroidales","Porphyromonadaceae","Porphyromonas"
"ASV2577","Bacteria","Firmicutes","Clostridia","Peptococcales","Peptococcaceae",NA
"ASV2578","Bacteria","Firmicutes","Clostridia","Lachnospirales","Lachnospiraceae","Blautia"
"ASV2579","Bacteria","Firmicutes","Bacilli","Staphylococcales","Staphylococcaceae",NA
"ASV2580","Bacteria","Firmicutes","Clostridia","Oscillospirales","Ruminococcaceae","Faecalibacterium"
"ASV2581","Bacteria","Bacteroidota","Bacteroidia","Bacteroidales","Prevotellaceae","Prevotella"
"ASV2582","Bacteria","Firmicutes","Clostridia","Oscillospirales","Ruminococcaceae","Incertae Sedis"
"ASV2583","Bacteria","Firmicutes","Clostridia","Oscillospirales","Ruminococcaceae",NA
"ASV2584","Bacteria","Firmicutes","Clostridia","Peptococcales","Peptococcaceae",NA
"ASV2585","Bacteria","Firmicutes","Clostridia","Oscillospirales","Oscillospiraceae","Oscillibacter"
"ASV2586","Bacteria","Bacteroidota","Bacteroidia","Bacteroidales","Porphyromonadaceae","Porphyromonas"
"ASV2587","Bacteria","Firmicutes","Clostridia","Peptostreptococcales-Tissierellales","Family XI","Peptoniphilus"
"ASV2588","Bacteria","Actinobacteriota","Actinobacteria","Micrococcales","Dermacoccaceae",NA
"ASV2589","Bacteria","Firmicutes","Clostridia","Lachnospirales","Lachnospiraceae","Fusicatenibacter"
"ASV2590","Bacteria","Firmicutes","Clostridia","Clostridia vadinBB60 group",NA,NA
"ASV2591","Bacteria","Bacteroidota","Bacteroidia","Bacteroidales","Prevotellaceae","Prevotella"
"ASV2592","Bacteria","Firmicutes","Clostridia","Peptostreptococcales-Tissierellales","Anaerovoracaceae","S5-A14a"
"ASV2593","Bacteria","Firmicutes","Clostridia","Oscillospirales","Ruminococcaceae",NA
"ASV2594","Bacteria","Firmicutes","Clostridia","Oscillospirales","UCG-010",NA
"ASV2595","Bacteria","Firmicutes","Clostridia","Lachnospirales","Lachnospiraceae","Roseburia"
"ASV2596","Bacteria","Actinobacteriota","Coriobacteriia","Coriobacteriales","Eggerthellaceae","DNF00809"
"ASV2597","Bacteria","Firmicutes","Bacilli","RF39",NA,NA
"ASV2599","Bacteria","Firmicutes","Clostridia","Oscillospirales","Oscillospiraceae","UCG-005"
"ASV2600","Bacteria","Firmicutes","Clostridia","Lachnospirales","Lachnospiraceae",NA
"ASV2601","Bacteria","Firmicutes","Clostridia","Oscillospirales","UCG-010",NA
"ASV2602","Bacteria","Firmicutes","Clostridia","Lachnospirales","Lachnospiraceae","Stomatobaculum"
"ASV2603","Bacteria","Firmicutes","Clostridia","Clostridia UCG-014",NA,NA
"ASV2604","Bacteria","Firmicutes","Clostridia","Christensenellales","Christensenellaceae",NA
"ASV2605","Bacteria","Firmicutes","Clostridia","Peptostreptococcales-Tissierellales","Peptostreptococcaceae","Romboutsia"
"ASV2606","Bacteria","Firmicutes","Clostridia","Oscillospirales","Oscillospiraceae","Sporobacter"
"ASV2607","Bacteria","Bacteroidota","Bacteroidia","Bacteroidales","Rikenellaceae","Rikenellaceae RC9 gut group"
"ASV2608","Bacteria","Firmicutes","Clostridia","Clostridia UCG-014",NA,NA
"ASV2609","Bacteria","Firmicutes","Bacilli","RF39",NA,NA
"ASV2610","Bacteria","Firmicutes","Clostridia","Oscillospirales","Ruminococcaceae","Ruminococcus"
"ASV2611","Bacteria","Firmicutes","Clostridia","Oscillospirales","Ruminococcaceae","Negativibacillus"
"ASV2612","Bacteria","Cyanobacteria","Vampirivibrionia","Gastranaerophilales",NA,NA
"ASV2613","Bacteria","Firmicutes","Clostridia","Clostridia vadinBB60 group",NA,NA
"ASV2614","Bacteria","Firmicutes","Clostridia","Christensenellales","Christensenellaceae","Christensenellaceae R-7 group"
"ASV2615","Bacteria","Firmicutes","Clostridia","Christensenellales","Christensenellaceae",NA
"ASV2616","Bacteria","Actinobacteriota","Coriobacteriia","Coriobacteriales","Coriobacteriaceae","Collinsella"
"ASV2617","Bacteria","Campylobacterota","Campylobacteria","Campylobacterales","Campylobacteraceae","Campylobacter"
"ASV2618","Bacteria","Firmicutes","Bacilli","Lactobacillales","Lactobacillaceae","Limosilactobacillus"
"ASV2619","Bacteria","Firmicutes","Clostridia","Oscillospirales","Ruminococcaceae","Ruminococcus"
"ASV2620","Bacteria","Bacteroidota","Bacteroidia","Bacteroidales","Bacteroidaceae","Bacteroides"
"ASV2621","Bacteria","Firmicutes","Clostridia",NA,NA,NA
"ASV2623","Bacteria","Bacteroidota","Bacteroidia","Bacteroidales","Prevotellaceae","Prevotella"
"ASV2624","Bacteria","Actinobacteriota","Actinobacteria","Corynebacteriales","Corynebacteriaceae","Corynebacterium"
"ASV2625","Bacteria","Firmicutes","Clostridia","Lachnospirales","Lachnospiraceae","Coprococcus"
"ASV2626","Bacteria","Firmicutes","Clostridia","Oscillospirales","Ruminococcaceae",NA
"ASV2627","Bacteria","Firmicutes","Clostridia","Lachnospirales","Lachnospiraceae",NA
"ASV2628","Bacteria","Firmicutes","Clostridia","Lachnospirales","Lachnospiraceae",NA
"ASV2629","Bacteria","Firmicutes","Clostridia","Oscillospirales","Oscillospiraceae","UCG-005"
"ASV2630","Bacteria","Firmicutes","Clostridia","Clostridia UCG-014",NA,NA
"ASV2631","Bacteria","Firmicutes","Clostridia","Oscillospirales","Ruminococcaceae","Ruminococcus"
"ASV2632","Bacteria","Firmicutes","Bacilli","RF39",NA,NA
"ASV2633","Bacteria","Firmicutes","Clostridia","Oscillospirales","UCG-010",NA
"ASV2634","Bacteria","Firmicutes","Clostridia","Lachnospirales","Lachnospiraceae",NA
"ASV2635","Bacteria","Firmicutes","Clostridia","Oscillospirales","Oscillospiraceae","NK4A214 group"
"ASV2636","Bacteria","Firmicutes","Clostridia","Lachnospirales","Lachnospiraceae","Blautia"
"ASV2637","Bacteria","Firmicutes","Clostridia","Peptostreptococcales-Tissierellales","Family XI","Tepidimicrobium"
"ASV2638","Bacteria","Actinobacteriota","Coriobacteriia","Coriobacteriales","Atopobiaceae","Atopobium"
"ASV2639","Bacteria","Firmicutes","Bacilli","RF39",NA,NA
"ASV2640","Bacteria","Firmicutes","Clostridia","Oscillospirales","[Eubacterium] coprostanoligenes group",NA
"ASV2641","Bacteria","Actinobacteriota","Actinobacteria","Actinomycetales","Actinomycetaceae","Actinomyces"
"ASV2642","Bacteria","Firmicutes","Clostridia","Oscillospirales","Oscillospiraceae","UCG-005"
"ASV2643","Bacteria","Firmicutes","Bacilli","Lactobacillales","Lactobacillaceae","Lactobacillus"
"ASV2644","Bacteria","Firmicutes","Clostridia","Lachnospirales","Lachnospiraceae","[Ruminococcus] torques group"
"ASV2645","Bacteria","Firmicutes","Clostridia","Lachnospirales","Lachnospiraceae","[Eubacterium] hallii group"
"ASV2646","Bacteria","Firmicutes","Bacilli","RF39",NA,NA
"ASV2647","Bacteria","Firmicutes","Negativicutes","Veillonellales-Selenomonadales","Veillonellaceae",NA
"ASV2648","Bacteria","Firmicutes","Clostridia","Lachnospirales","Lachnospiraceae","[Eubacterium] hallii group"
"ASV2649","Bacteria","Firmicutes","Clostridia","Monoglobales","Monoglobaceae","Monoglobus"
"ASV2650","Bacteria","Firmicutes","Bacilli","Lactobacillales","Enterococcaceae","Enterococcus"
"ASV2651","Bacteria","Firmicutes","Clostridia","Christensenellales","Christensenellaceae","Christensenellaceae R-7 group"
"ASV2652","Bacteria","Firmicutes","Bacilli","RF39",NA,NA
"ASV2653","Bacteria","Fusobacteriota","Fusobacteriia","Fusobacteriales","Fusobacteriaceae","Fusobacterium"
"ASV2654","Bacteria","Firmicutes","Clostridia","Oscillospirales","Ruminococcaceae",NA
"ASV2655","Bacteria","Actinobacteriota","Actinobacteria","Pseudonocardiales","Pseudonocardiaceae","Pseudonocardia"
"ASV2656","Bacteria","Bacteroidota","Bacteroidia","Bacteroidales","Prevotellaceae","Prevotella"
"ASV2657","Bacteria","Firmicutes","Clostridia","Oscillospirales","Butyricicoccaceae",NA
"ASV2658","Bacteria","Firmicutes","Clostridia","Oscillospirales","[Eubacterium] coprostanoligenes group",NA
"ASV2659","Bacteria","Actinobacteriota","Actinobacteria","Micrococcales","Micrococcaceae","Rothia"
"ASV2660","Bacteria","Firmicutes","Clostridia","Peptostreptococcales-Tissierellales",NA,NA
"ASV2661","Bacteria","Firmicutes","Clostridia","Clostridia UCG-014",NA,NA
"ASV2662","Bacteria","Firmicutes","Clostridia","Clostridiales","Clostridiaceae","Clostridium sensu stricto 1"
"ASV2663","Bacteria","Firmicutes","Clostridia","Oscillospirales","Oscillospiraceae","UCG-005"
"ASV2664","Bacteria","Firmicutes","Clostridia","Oscillospirales","Oscillospiraceae","Oscillibacter"
"ASV2665","Bacteria","Firmicutes","Clostridia","Clostridia vadinBB60 group",NA,NA
"ASV2666","Bacteria","Firmicutes","Clostridia","Lachnospirales","Lachnospiraceae","Shuttleworthia"
"ASV2667","Bacteria","Firmicutes","Clostridia",NA,NA,NA
"ASV2668","Bacteria","Cyanobacteria","Vampirivibrionia","Gastranaerophilales",NA,NA
"ASV2669","Bacteria","Firmicutes","Clostridia","Clostridia vadinBB60 group",NA,NA
"ASV2670","Bacteria","Actinobacteriota","Actinobacteria","Micrococcales","Dermabacteraceae","Brachybacterium"
"ASV2671","Bacteria","Firmicutes","Clostridia","Peptostreptococcales-Tissierellales","Anaerovoracaceae","Mogibacterium"
"ASV2672","Bacteria","Firmicutes","Clostridia","Oscillospirales","[Eubacterium] coprostanoligenes group",NA
"ASV2673","Bacteria","Firmicutes","Clostridia","Oscillospirales","Oscillospiraceae","UCG-005"
"ASV2674","Bacteria","Firmicutes","Clostridia","Lachnospirales","Lachnospiraceae",NA
"ASV2675","Bacteria","Actinobacteriota","Coriobacteriia","Coriobacteriales","Eggerthellaceae","Enterorhabdus"
"ASV2676","Bacteria","Firmicutes","Clostridia","Oscillospirales","Ruminococcaceae","Incertae Sedis"
"ASV2677","Bacteria","Firmicutes","Clostridia","Oscillospirales","UCG-010",NA
"ASV2678","Bacteria","Firmicutes","Bacilli","Paenibacillales","Paenibacillaceae","Paenibacillus"
"ASV2679","Bacteria","Actinobacteriota","Actinobacteria","Bifidobacteriales","Bifidobacteriaceae","Parascardovia"
"ASV2680","Bacteria","Firmicutes","Clostridia","Lachnospirales","Lachnospiraceae",NA
"ASV2681","Bacteria","Firmicutes","Clostridia","Oscillospirales","[Eubacterium] coprostanoligenes group",NA
"ASV2682","Bacteria","Bacteroidota","Bacteroidia","Bacteroidales","Prevotellaceae","Prevotella_7"
"ASV2683","Bacteria","Firmicutes","Bacilli","RF39",NA,NA
"ASV2684","Bacteria","Firmicutes","Clostridia","Oscillospirales","UCG-010",NA
"ASV2685","Bacteria","Actinobacteriota","Coriobacteriia","Coriobacteriales","Coriobacteriaceae","Collinsella"
"ASV2686","Bacteria","Firmicutes","Clostridia","Lachnospirales","Lachnospiraceae",NA
"ASV2687","Bacteria","Firmicutes","Clostridia",NA,NA,NA
"ASV2688","Bacteria","Firmicutes","Clostridia","Eubacteriales","Eubacteriaceae","Pseudoramibacter"
"ASV2689","Bacteria","Firmicutes","Clostridia",NA,NA,NA
"ASV2690","Bacteria","Firmicutes","Clostridia","Peptostreptococcales-Tissierellales","Family XI","Parvimonas"
"ASV2691","Bacteria","Firmicutes","Bacilli","Paenibacillales","Paenibacillaceae","Paenibacillus"
"ASV2692","Bacteria","Firmicutes","Clostridia","Christensenellales","Christensenellaceae",NA
"ASV2693","Bacteria","Firmicutes","Bacilli","Erysipelotrichales","Erysipelotrichaceae","[Clostridium] innocuum group"
"ASV2694","Bacteria","Firmicutes","Bacilli","RF39",NA,NA
"ASV2695","Bacteria","Actinobacteriota","Actinobacteria","Bifidobacteriales","Bifidobacteriaceae","Alloscardovia"
"ASV2696","Bacteria","Firmicutes","Bacilli","RF39",NA,NA
"ASV2697","Bacteria","Firmicutes","Clostridia","Oscillospirales","Oscillospiraceae","Intestinimonas"
"ASV2698","Bacteria","Firmicutes","Clostridia","Clostridia UCG-014",NA,NA
"ASV2699","Bacteria","Proteobacteria","Gammaproteobacteria","Burkholderiales","Comamonadaceae",NA
"ASV2700","Bacteria","Cyanobacteria","Vampirivibrionia","Gastranaerophilales",NA,NA
"ASV2701","Bacteria","Verrucomicrobiota","Verrucomicrobiae","Opitutales","Puniceicoccaceae",NA
"ASV2702","Bacteria","Cyanobacteria","Vampirivibrionia","Gastranaerophilales",NA,NA
"ASV2703","Bacteria","Firmicutes","Clostridia","Clostridia UCG-014",NA,NA
"ASV2704","Bacteria","Actinobacteriota","Coriobacteriia","Coriobacteriales","Eggerthellaceae",NA
"ASV2705","Bacteria","Actinobacteriota","Actinobacteria","Corynebacteriales","Corynebacteriaceae","Corynebacterium"
"ASV2706","Bacteria","Firmicutes","Bacilli","RF39",NA,NA
"ASV2707","Bacteria","Proteobacteria","Gammaproteobacteria","Burkholderiales","Sutterellaceae","Sutterella"
"ASV2708","Bacteria","Actinobacteriota","Actinobacteria","Corynebacteriales","Corynebacteriaceae","Corynebacterium"
"ASV2709","Bacteria","Firmicutes","Clostridia","Oscillospirales","Oscillospiraceae","UCG-005"
"ASV2710","Bacteria","Firmicutes","Clostridia","Clostridiales","Clostridiaceae",NA
"ASV2711","Bacteria","Bacteroidota","Bacteroidia","Bacteroidales","Muribaculaceae",NA
"ASV2712","Bacteria","Firmicutes","Clostridia","Oscillospirales","[Eubacterium] coprostanoligenes group",NA
"ASV2713","Bacteria","Firmicutes",NA,NA,NA,NA
"ASV2715","Bacteria","Firmicutes","Clostridia","Clostridia vadinBB60 group",NA,NA
"ASV2716","Bacteria","Firmicutes","Clostridia","Clostridia UCG-014",NA,NA
"ASV2718","Bacteria","Firmicutes","Bacilli","RF39",NA,NA
"ASV2719","Bacteria","Firmicutes","Clostridia","Peptostreptococcales-Tissierellales","Family XI","Anaerococcus"
"ASV2720","Bacteria","Firmicutes","Bacilli","Lactobacillales","Lactobacillaceae","Lacticaseibacillus"
"ASV2721","Bacteria","Firmicutes","Clostridia","Clostridia UCG-014",NA,NA
"ASV2722","Bacteria","Actinobacteriota","Actinobacteria","Actinomycetales","Actinomycetaceae","Actinomyces"
"ASV2723","Bacteria","Firmicutes","Bacilli","RF39",NA,NA
"ASV2724","Bacteria","Firmicutes","Clostridia","Oscillospirales","UCG-010",NA
"ASV2725","Bacteria","Firmicutes","Bacilli","RF39",NA,NA
"ASV2726","Bacteria","Firmicutes","Clostridia","Oscillospirales","Ruminococcaceae","Incertae Sedis"
"ASV2727","Bacteria","Firmicutes","Clostridia","Oscillospirales","Oscillospiraceae",NA
"ASV2729","Bacteria","Firmicutes","Clostridia","Clostridia vadinBB60 group",NA,NA
"ASV2730","Bacteria","Firmicutes","Clostridia","Christensenellales","Christensenellaceae",NA
"ASV2731","Bacteria","Firmicutes","Clostridia","Oscillospirales","Ruminococcaceae",NA
"ASV2733","Bacteria","Firmicutes","Clostridia","Oscillospirales","Hungateiclostridiaceae","Mageeibacillus"
"ASV2734","Bacteria","Firmicutes","Clostridia","Lachnospirales","Lachnospiraceae","Anaerostipes"
"ASV2735","Bacteria","Firmicutes","Bacilli","Lactobacillales","Lactobacillaceae","Lactobacillus"
"ASV2736","Bacteria","Firmicutes","Bacilli","RF39",NA,NA
"ASV2737","Bacteria","Firmicutes","Clostridia","Oscillospirales","Oscillospiraceae","NK4A214 group"
"ASV2738","Bacteria","Cyanobacteria","Vampirivibrionia","Gastranaerophilales",NA,NA
"ASV2739","Bacteria","Firmicutes","Clostridia","Oscillospirales","Oscillospiraceae",NA
"ASV2740","Bacteria","Firmicutes","Clostridia","Oscillospirales","Oscillospiraceae","Oscillibacter"
"ASV2741","Bacteria","Firmicutes","Clostridia","Clostridia UCG-014",NA,NA
"ASV2742","Bacteria","Firmicutes","Clostridia","Oscillospirales","Ruminococcaceae","Ruminococcus"
"ASV2743","Bacteria","Firmicutes","Clostridia","Peptostreptococcales-Tissierellales","Anaerovoracaceae","[Eubacterium] nodatum group"
"ASV2744","Bacteria","Actinobacteriota","Actinobacteria","Micrococcales","Microbacteriaceae","Curtobacterium"
"ASV2745","Bacteria","Firmicutes","Clostridia","Oscillospirales","Oscillospiraceae","Oscillibacter"
"ASV2746","Bacteria","Firmicutes","Clostridia","Oscillospirales","Ruminococcaceae","[Eubacterium] siraeum group"
"ASV2747","Bacteria","Actinobacteriota","Coriobacteriia","Coriobacteriales","Coriobacteriales Incertae Sedis",NA
"ASV2748","Bacteria","Firmicutes","Clostridia","Oscillospirales","Hungateiclostridiaceae","Fastidiosipila"
"ASV2749","Bacteria","Desulfobacterota","Desulfovibrionia","Desulfovibrionales","Desulfovibrionaceae","Desulfovibrio"
"ASV2750","Bacteria","Firmicutes","Clostridia","Christensenellales","Christensenellaceae","Christensenellaceae R-7 group"
"ASV2751","Bacteria","Firmicutes","Clostridia","Oscillospirales","Oscillospiraceae","UCG-003"
"ASV2752","Bacteria","Firmicutes","Clostridia","Oscillospirales","Oscillospiraceae","UCG-005"
"ASV2753","Bacteria","Firmicutes","Clostridia","Clostridia vadinBB60 group",NA,NA
"ASV2754","Bacteria","Firmicutes","Clostridia","Oscillospirales","Ruminococcaceae","Incertae Sedis"
"ASV2755","Bacteria","Firmicutes","Bacilli","RF39",NA,NA
"ASV2756","Bacteria","Firmicutes","Clostridia","Oscillospirales","Oscillospiraceae","NK4A214 group"
"ASV2757","Bacteria","Proteobacteria","Alphaproteobacteria","Rhodospirillales",NA,NA
"ASV2758","Bacteria","Firmicutes","Bacilli","RF39",NA,NA
"ASV2759","Bacteria","Firmicutes","Clostridia","Clostridia UCG-014",NA,NA
"ASV2760","Bacteria","Firmicutes","Bacilli","RF39",NA,NA
"ASV2761","Bacteria","Firmicutes","Clostridia","Oscillospirales",NA,NA
"ASV2762","Bacteria","Firmicutes","Bacilli","Paenibacillales","Paenibacillaceae","Paenibacillus"
"ASV2763","Bacteria","Firmicutes","Bacilli","Lactobacillales","Lactobacillaceae",NA
"ASV2764","Bacteria","Proteobacteria","Gammaproteobacteria","Burkholderiales","Sutterellaceae","Sutterella"
"ASV2765","Bacteria","Firmicutes","Bacilli","Lactobacillales","Lactobacillaceae","Lacticaseibacillus"
"ASV2766","Bacteria","Firmicutes","Clostridia","Oscillospirales","Oscillospiraceae",NA
"ASV2767","Bacteria","Firmicutes","Bacilli","Erysipelotrichales","Erysipelatoclostridiaceae","Catenibacterium"
"ASV2768","Bacteria","Firmicutes","Clostridia","Oscillospirales","UCG-010",NA
"ASV2769","Bacteria","Firmicutes","Clostridia","Oscillospirales","Ruminococcaceae",NA
"ASV2770","Bacteria","Firmicutes","Clostridia",NA,NA,NA
"ASV2771","Bacteria","Firmicutes","Clostridia","Lachnospirales","Lachnospiraceae","Shuttleworthia"
"ASV2772","Bacteria","Firmicutes","Clostridia","Oscillospirales","Ruminococcaceae","Caproiciproducens"
"ASV2773","Bacteria","Firmicutes","Clostridia","Peptostreptococcales-Tissierellales",NA,NA
"ASV2774","Bacteria","Firmicutes","Clostridia","Clostridia UCG-014",NA,NA
"ASV2775","Bacteria","Firmicutes","Bacilli","RF39",NA,NA
"ASV2776","Bacteria","Firmicutes","Clostridia","Lachnospirales","Lachnospiraceae",NA
"ASV2777","Bacteria","Firmicutes","Clostridia","Lachnospirales","Lachnospiraceae","Blautia"
"ASV2778","Bacteria","Firmicutes","Bacilli","Lactobacillales","Streptococcaceae","Streptococcus"
"ASV2779","Bacteria","Firmicutes","Clostridia","Lachnospirales","Lachnospiraceae","Coprococcus"
"ASV2780","Bacteria","Firmicutes","Bacilli","RF39",NA,NA
"ASV2781","Bacteria","Firmicutes","Bacilli","RF39",NA,NA
"ASV2782","Bacteria","Firmicutes","Bacilli","RF39",NA,NA
"ASV2783","Bacteria","Firmicutes","Clostridia","Lachnospirales","Lachnospiraceae","Frisingicoccus"
"ASV2784","Bacteria","Bacteroidota","Bacteroidia","Bacteroidales",NA,NA
"ASV2785","Bacteria","Firmicutes","Bacilli","Lactobacillales","Lactobacillaceae","Limosilactobacillus"
"ASV2786","Bacteria","Firmicutes","Bacilli","Paenibacillales","Paenibacillaceae","Paenibacillus"
"ASV2787","Bacteria","Actinobacteriota","Actinobacteria","Bifidobacteriales","Bifidobacteriaceae",NA
"ASV2788","Bacteria","Firmicutes","Clostridia","Peptostreptococcales-Tissierellales","Family XI","Anaerococcus"
"ASV2789","Bacteria","Firmicutes","Bacilli","Erysipelotrichales","Erysipelatoclostridiaceae","Catenibacterium"
"ASV2790","Bacteria","Actinobacteriota","Actinobacteria","Actinomycetales","Actinomycetaceae","Actinomyces"
"ASV2791","Bacteria","Actinobacteriota","Actinobacteria","Actinomycetales","Actinomycetaceae","Mobiluncus"
"ASV2792","Bacteria","Actinobacteriota","Actinobacteria","Micrococcales","Micrococcaceae","Kocuria"
"ASV2793","Bacteria","Firmicutes","Clostridia","Oscillospirales","UCG-010",NA
"ASV2794","Bacteria","Firmicutes","Clostridia","Oscillospirales","[Eubacterium] coprostanoligenes group",NA
"ASV2795","Bacteria","Firmicutes","Clostridia","Clostridia vadinBB60 group",NA,NA
"ASV2796","Bacteria","Firmicutes","Clostridia","Peptostreptococcales-Tissierellales","Family XI","Anaerococcus"
"ASV2797","Bacteria","Firmicutes","Clostridia","Lachnospirales","Lachnospiraceae","Lachnospiraceae NK4A136 group"
"ASV2798","Bacteria","Firmicutes","Clostridia","Lachnospirales","Lachnospiraceae","CAG-56"
"ASV2799","Bacteria","Actinobacteriota","Actinobacteria","Micrococcales","Micrococcaceae","Rothia"
"ASV2800","Bacteria","Firmicutes","Clostridia","Peptococcales","Peptococcaceae",NA
"ASV2801","Bacteria","Firmicutes","Clostridia","Oscillospirales","Oscillospiraceae",NA
"ASV2802","Bacteria","Bacteroidota","Bacteroidia","Bacteroidales","Marinifilaceae","Butyricimonas"
"ASV2803","Bacteria","Firmicutes","Clostridia","Oscillospirales","UCG-010",NA
"ASV2804","Bacteria","Firmicutes","Clostridia","Oscillospirales","UCG-010",NA
"ASV2805","Bacteria","Firmicutes","Clostridia","Oscillospirales","Hungateiclostridiaceae","Fastidiosipila"
"ASV2806","Bacteria","Bacteroidota","Bacteroidia","Bacteroidales","Prevotellaceae","Prevotella_9"
"ASV2807","Bacteria","Firmicutes","Clostridia","Monoglobales","Monoglobaceae","Monoglobus"
"ASV2808","Bacteria","Proteobacteria","Alphaproteobacteria","Rhodospirillales",NA,NA
"ASV2809","Bacteria","Firmicutes","Clostridia","Clostridia UCG-014",NA,NA
"ASV2810","Bacteria","Actinobacteriota","Actinobacteria","Streptomycetales","Streptomycetaceae",NA
"ASV2811","Bacteria","Firmicutes","Bacilli","RF39",NA,NA
"ASV2812","Bacteria","Firmicutes","Bacilli","Lactobacillales","Streptococcaceae","Lactococcus"
"ASV2813","Bacteria","Firmicutes","Clostridia","Oscillospirales","Oscillospiraceae","UCG-005"
"ASV2814","Bacteria","Actinobacteriota","Coriobacteriia","Coriobacteriales","Eggerthellaceae","DNF00809"
"ASV2815","Bacteria","Firmicutes","Bacilli","Staphylococcales","Staphylococcaceae","Nosocomiicoccus"
"ASV2816","Bacteria","Firmicutes","Clostridia","Lachnospirales","Lachnospiraceae","[Eubacterium] fissicatena group"
"ASV2817","Bacteria","Firmicutes","Clostridia","Lachnospirales","Lachnospiraceae",NA
"ASV2818","Bacteria","Firmicutes","Clostridia","Lachnospirales","Lachnospiraceae","Eisenbergiella"
"ASV2819","Bacteria","Bacteroidota","Bacteroidia","Bacteroidales","Tannerellaceae","Parabacteroides"
"ASV2820","Bacteria","Firmicutes","Clostridia","Lachnospirales","Lachnospiraceae","Lachnospiraceae AC2044 group"
"ASV2821","Bacteria","Firmicutes","Clostridia","Clostridia UCG-014",NA,NA
"ASV2822","Bacteria","Firmicutes","Bacilli","Lactobacillales","Enterococcaceae","Enterococcus"
"ASV2823","Bacteria","Firmicutes","Clostridia","Lachnospirales","Lachnospiraceae","Blautia"
"ASV2824","Bacteria","Firmicutes","Clostridia","Oscillospirales","Ruminococcaceae","Paludicola"
"ASV2825","Bacteria","Firmicutes","Bacilli","Erysipelotrichales","Erysipelotrichaceae","Holdemania"
"ASV2826","Bacteria","Firmicutes","Clostridia","Clostridia vadinBB60 group",NA,NA
"ASV2827","Bacteria","Firmicutes","Clostridia","Oscillospirales","Ruminococcaceae","Paludicola"
"ASV2828","Bacteria","Firmicutes","Clostridia","Oscillospirales","Oscillospiraceae","NK4A214 group"
"ASV2829","Bacteria","Firmicutes","Clostridia","Lachnospirales","Lachnospiraceae","Lachnospiraceae NK4A136 group"
"ASV2830","Bacteria","Firmicutes","Clostridia","Lachnospirales","Lachnospiraceae","Coprococcus"
"ASV2831","Bacteria","Firmicutes","Clostridia","Oscillospirales","Ruminococcaceae","Candidatus Soleaferrea"
"ASV2832","Bacteria","Firmicutes","Clostridia","Lachnospirales","Lachnospiraceae","Tuzzerella"
"ASV2833","Bacteria","Firmicutes","Clostridia","Oscillospirales","Oscillospiraceae","Papillibacter"
"ASV2834","Bacteria","Firmicutes","Negativicutes","Veillonellales-Selenomonadales","Veillonellaceae","Negativicoccus"
"ASV2835","Bacteria","Firmicutes","Clostridia","Clostridiales","Clostridiaceae","Clostridium sensu stricto 5"
"ASV2836","Bacteria","Actinobacteriota","Actinobacteria","Corynebacteriales","Corynebacteriaceae","Corynebacterium"
"ASV2837","Bacteria","Firmicutes","Bacilli","Bacillales","Bacillaceae","Virgibacillus"
"ASV2838","Bacteria","Actinobacteriota","Actinobacteria","Micrococcales","Microbacteriaceae","Herbiconiux"
"ASV2839","Bacteria","Proteobacteria","Alphaproteobacteria","Rhizobiales","Rhizobiaceae","Aureimonas"
"ASV2840","Bacteria","Proteobacteria","Gammaproteobacteria","Pseudomonadales","Moraxellaceae","Acinetobacter"
"ASV2841","Bacteria","Firmicutes","Clostridia","Oscillospirales","Oscillospiraceae","Colidextribacter"
"ASV2842","Bacteria","Firmicutes","Clostridia","Clostridia vadinBB60 group",NA,NA
"ASV2843","Bacteria","Fusobacteriota","Fusobacteriia","Fusobacteriales","Fusobacteriaceae","Fusobacterium"
"ASV2844","Bacteria","Firmicutes","Clostridia","Clostridia UCG-014",NA,NA
"ASV2845","Bacteria","Firmicutes","Clostridia","Christensenellales","Christensenellaceae","Christensenellaceae R-7 group"
"ASV2846","Bacteria","Bacteroidota","Bacteroidia","Bacteroidales","Prevotellaceae","Alloprevotella"
"ASV2847","Bacteria","Firmicutes","Clostridia","Clostridia vadinBB60 group",NA,NA
"ASV2848","Bacteria","Firmicutes","Clostridia",NA,NA,NA
"ASV2850","Bacteria","Firmicutes","Bacilli","RF39",NA,NA
"ASV2851","Bacteria","Firmicutes","Clostridia","Oscillospirales","Ruminococcaceae","Anaerofilum"
"ASV2852","Bacteria","Bacteroidota","Bacteroidia","Bacteroidales","Prevotellaceae","Prevotella"
"ASV2853","Bacteria","Firmicutes","Clostridia","Oscillospirales","Ruminococcaceae","Incertae Sedis"
"ASV2854","Bacteria","Firmicutes","Clostridia","Monoglobales","Monoglobaceae","Monoglobus"
"ASV2855","Bacteria","Firmicutes","Bacilli","Lactobacillales","Streptococcaceae","Lactococcus"
"ASV2856","Bacteria","Firmicutes","Bacilli","RF39",NA,NA
"ASV2857","Bacteria","Firmicutes","Clostridia",NA,NA,NA
"ASV2859","Bacteria","Actinobacteriota","Coriobacteriia","Coriobacteriales","Coriobacteriales Incertae Sedis","Raoultibacter"
"ASV2860","Bacteria","Firmicutes","Bacilli","Izemoplasmatales",NA,NA
"ASV2861","Bacteria","Bacteroidota","Bacteroidia","Bacteroidales","Rikenellaceae","Rikenellaceae RC9 gut group"
"ASV2862","Bacteria","Bacteroidota","Bacteroidia","Bacteroidales","Barnesiellaceae","Barnesiella"
"ASV2863","Bacteria","Firmicutes","Clostridia","Peptostreptococcales-Tissierellales","Anaerovoracaceae","S5-A14a"
"ASV2864","Bacteria","Firmicutes","Clostridia","Oscillospirales","UCG-010",NA
"ASV2865","Bacteria","Actinobacteriota","Coriobacteriia","Coriobacteriales","Atopobiaceae","Coriobacteriaceae UCG-003"
"ASV2866","Bacteria","Firmicutes","Clostridia","Peptostreptococcales-Tissierellales","Peptostreptococcaceae","Romboutsia"
"ASV2867","Bacteria","Actinobacteriota","Actinobacteria","Micrococcales","Microbacteriaceae",NA
"ASV2868","Bacteria","Proteobacteria","Alphaproteobacteria","Rhodospirillales",NA,NA
"ASV2869","Bacteria","Firmicutes","Clostridia","Clostridia vadinBB60 group",NA,NA
"ASV2870","Bacteria","Firmicutes","Bacilli","RF39",NA,NA
"ASV2871","Bacteria","Firmicutes","Clostridia","Clostridia vadinBB60 group",NA,NA
"ASV2872","Bacteria","Bacteroidota","Bacteroidia",NA,NA,NA
"ASV2873","Bacteria","Firmicutes","Clostridia","Oscillospirales","Oscillospiraceae",NA
"ASV2874","Bacteria","Firmicutes","Clostridia","Peptococcales","Peptococcaceae",NA
"ASV2875","Bacteria","Proteobacteria","Gammaproteobacteria","Burkholderiales","Sutterellaceae","Sutterella"
"ASV2876","Bacteria","Proteobacteria","Gammaproteobacteria","Burkholderiales","Sutterellaceae","Parasutterella"
"ASV2877","Bacteria","Firmicutes","Bacilli","RF39",NA,NA
"ASV2878","Bacteria","Firmicutes","Clostridia","Oscillospirales","Ruminococcaceae",NA
"ASV2879","Bacteria","Firmicutes","Clostridia","Monoglobales","Monoglobaceae","Monoglobus"
"ASV2880","Bacteria","Actinobacteriota","Actinobacteria","Corynebacteriales","Nocardiaceae","Rhodococcus"
"ASV2881","Bacteria","Firmicutes","Clostridia","Oscillospirales","Oscillospiraceae","UCG-005"
"ASV2882","Bacteria","Actinobacteriota","Actinobacteria","Micrococcales","Micrococcaceae","Pseudarthrobacter"
"ASV2883","Bacteria","Firmicutes","Bacilli","Paenibacillales","Paenibacillaceae","Paenibacillus"
"ASV2884","Bacteria","Bacteroidota","Bacteroidia","Bacteroidales","Prevotellaceae","Alloprevotella"
"ASV2885","Bacteria","Firmicutes","Clostridia","Peptostreptococcales-Tissierellales","Anaerovoracaceae","Family XIII UCG-001"
"ASV2886","Bacteria","Bacteroidota","Bacteroidia",NA,NA,NA
"ASV2887","Bacteria","Firmicutes","Clostridia","Lachnospirales","Lachnospiraceae",NA
"ASV2888","Bacteria","Firmicutes","Bacilli","Erysipelotrichales","Erysipelotrichaceae","Faecalitalea"
"ASV2889","Bacteria","Firmicutes","Bacilli","Erysipelotrichales","Erysipelotrichaceae","Faecalibaculum"
"ASV2890","Bacteria","Firmicutes","Clostridia","Lachnospirales","Lachnospiraceae",NA
"ASV2891","Bacteria","Firmicutes","Clostridia","Oscillospirales","Oscillospiraceae","UCG-003"
"ASV2892","Bacteria","Firmicutes","Clostridia","Oscillospirales","Oscillospiraceae","Intestinimonas"
"ASV2893","Bacteria","Firmicutes","Clostridia","Monoglobales","Monoglobaceae","Monoglobus"
"ASV2894","Bacteria","Bacteroidota","Bacteroidia","Bacteroidales","Prevotellaceae",NA
"ASV2895","Bacteria","Firmicutes","Clostridia","Oscillospirales","Oscillospiraceae","NK4A214 group"
"ASV2896","Bacteria","Firmicutes","Negativicutes","Veillonellales-Selenomonadales","Veillonellaceae","Dialister"
"ASV2897","Bacteria","Synergistota","Synergistia","Synergistales","Synergistaceae","Pyramidobacter"
"ASV2898","Bacteria","Firmicutes","Clostridia","Oscillospirales","Oscillospiraceae",NA
"ASV2899","Bacteria","Firmicutes","Clostridia","Lachnospirales","Lachnospiraceae",NA
"ASV2900","Bacteria","Firmicutes","Clostridia","Peptostreptococcales-Tissierellales","Family XI","Murdochiella"
"ASV2901","Bacteria","Firmicutes","Bacilli","Erysipelotrichales","Erysipelotrichaceae","Solobacterium"
"ASV2902","Bacteria","Firmicutes","Clostridia","Clostridiales","Clostridiaceae","Clostridium sensu stricto 1"
"ASV2903","Bacteria","Firmicutes","Clostridia","Lachnospirales","Lachnospiraceae","Blautia"
"ASV2904","Bacteria","Firmicutes","Clostridia","Oscillospirales","Ruminococcaceae","Subdoligranulum"
"ASV2905","Bacteria","Firmicutes","Clostridia","Clostridiales","Clostridiaceae","Clostridium sensu stricto 1"
"ASV2906","Bacteria","Firmicutes","Clostridia","Peptostreptococcales-Tissierellales","Anaerovoracaceae","[Eubacterium] brachy group"
"ASV2907","Bacteria","Firmicutes","Clostridia","Clostridia UCG-014",NA,NA
"ASV2908","Bacteria","Firmicutes","Bacilli","RF39",NA,NA
"ASV2909","Bacteria","Firmicutes","Bacilli","RF39",NA,NA
"ASV2910","Bacteria","Firmicutes","Bacilli","RF39",NA,NA
"ASV2911","Bacteria","Firmicutes","Clostridia","Oscillospirales","UCG-010",NA
"ASV2912","Bacteria","Bacteroidota","Bacteroidia","Bacteroidales","Rikenellaceae","Rikenellaceae RC9 gut group"
"ASV2913","Bacteria","Firmicutes","Clostridia","Clostridia vadinBB60 group",NA,NA
"ASV2914","Bacteria","Firmicutes","Clostridia","Oscillospirales","Ruminococcaceae",NA
"ASV2916","Bacteria","Bacteroidota","Bacteroidia","Bacteroidales","Prevotellaceae","Prevotella"
"ASV2917","Bacteria","Firmicutes","Clostridia","Clostridia vadinBB60 group",NA,NA
"ASV2918","Bacteria","Firmicutes","Clostridia","Oscillospirales","UCG-010",NA
"ASV2919","Bacteria","Firmicutes","Bacilli","Lactobacillales","Lactobacillaceae","Lactobacillus"
"ASV2920","Bacteria","Firmicutes","Clostridia","Oscillospirales","[Eubacterium] coprostanoligenes group",NA
"ASV2921","Bacteria","Actinobacteriota","Coriobacteriia","Coriobacteriales","Coriobacteriaceae","Collinsella"
"ASV2922","Bacteria","Firmicutes","Bacilli","Erysipelotrichales","Erysipelatoclostridiaceae","Catenibacterium"
"ASV2923","Bacteria","Firmicutes","Clostridia","Peptostreptococcales-Tissierellales","Peptostreptococcaceae",NA
"ASV2924","Bacteria","Firmicutes","Clostridia","Peptococcales","Peptococcaceae",NA
"ASV2925","Bacteria","Firmicutes","Clostridia","Oscillospirales","Oscillospiraceae",NA
"ASV2926","Bacteria","Firmicutes","Clostridia","Lachnospirales","Lachnospiraceae","[Ruminococcus] gnavus group"
"ASV2927","Bacteria","Firmicutes","Clostridia","Clostridia UCG-014",NA,NA
"ASV2928","Bacteria","Firmicutes","Clostridia","Oscillospirales","Ruminococcaceae","Candidatus Soleaferrea"
"ASV2929","Bacteria","Actinobacteriota","Actinobacteria","Corynebacteriales","Corynebacteriaceae","Corynebacterium"
"ASV2930","Bacteria","Verrucomicrobiota","Kiritimatiellae","WCHB1-41",NA,NA
"ASV2931","Bacteria","Actinobacteriota","Actinobacteria","Corynebacteriales","Corynebacteriaceae","Corynebacterium"
"ASV2932","Bacteria","Firmicutes","Clostridia","Oscillospirales","Butyricicoccaceae","UCG-008"
"ASV2933","Bacteria","Proteobacteria","Gammaproteobacteria","Enterobacterales","Enterobacteriaceae","Raoultella"
"ASV2934","Bacteria","Firmicutes","Clostridia","Lachnospirales","Lachnospiraceae","Lachnoclostridium"
"ASV2935","Bacteria","Bacteroidota","Bacteroidia","Bacteroidales","Prevotellaceae","Prevotella_9"
"ASV2936","Bacteria","Actinobacteriota","Coriobacteriia","Coriobacteriales","Eggerthellaceae","Senegalimassilia"
"ASV2937","Bacteria","Firmicutes","Bacilli","Erysipelotrichales","Erysipelotrichaceae","Faecalitalea"
"ASV2938","Bacteria","Firmicutes","Clostridia","Oscillospirales","Ruminococcaceae","Ruminococcus"
"ASV2939","Bacteria","Bacteroidota","Bacteroidia","Bacteroidales","Tannerellaceae","Parabacteroides"
"ASV2940","Bacteria","Firmicutes","Clostridia","Clostridia UCG-014",NA,NA
"ASV2941","Bacteria","Firmicutes","Clostridia","Oscillospirales","Butyricicoccaceae","UCG-009"
"ASV2942","Bacteria","Firmicutes","Clostridia","Oscillospirales","Ruminococcaceae","Paludicola"
"ASV2943","Bacteria","Firmicutes","Bacilli","Izemoplasmatales",NA,NA
"ASV2944","Bacteria","Firmicutes","Clostridia","Clostridia vadinBB60 group",NA,NA
"ASV2945","Bacteria","Verrucomicrobiota","Lentisphaeria","Victivallales","Victivallaceae",NA
"ASV2946","Bacteria","Firmicutes","Clostridia","Monoglobales","Monoglobaceae","Monoglobus"
"ASV2947","Bacteria","Firmicutes","Clostridia","Oscillospirales","UCG-010",NA
"ASV2948","Bacteria","Firmicutes","Clostridia","Oscillospirales","Ruminococcaceae",NA
"ASV2949","Bacteria","Firmicutes","Bacilli","RF39",NA,NA
"ASV2950","Bacteria","Firmicutes","Clostridia","Clostridia UCG-014",NA,NA
"ASV2951","Bacteria","Cyanobacteria","Vampirivibrionia","Gastranaerophilales",NA,NA
"ASV2952","Bacteria","Firmicutes","Clostridia","Christensenellales","Christensenellaceae",NA
"ASV2953","Bacteria","Firmicutes","Clostridia",NA,NA,NA
"ASV2954","Bacteria","Firmicutes","Clostridia","Oscillospirales","UCG-010",NA
"ASV2955","Bacteria","Firmicutes","Bacilli","Erysipelotrichales","Erysipelotrichaceae","Catenisphaera"
"ASV2956","Bacteria","Firmicutes","Clostridia",NA,NA,NA
"ASV2957","Bacteria","Firmicutes","Bacilli","RF39",NA,NA
"ASV2958","Bacteria","Actinobacteriota","Actinobacteria","Bifidobacteriales","Bifidobacteriaceae","Bifidobacterium"
"ASV2959","Bacteria","Actinobacteriota","Coriobacteriia","Coriobacteriales","Eggerthellaceae","Enterorhabdus"
"ASV2961","Bacteria","Bacteroidota","Bacteroidia","Bacteroidales","Muribaculaceae",NA
"ASV2962","Bacteria","Bacteroidota","Bacteroidia","Bacteroidales","Prevotellaceae","Prevotellaceae UCG-001"
"ASV2963","Bacteria","Bacteroidota","Bacteroidia","Bacteroidales","Muribaculaceae",NA
"ASV2964","Bacteria","Firmicutes","Bacilli","Erysipelotrichales","Erysipelotrichaceae","Catenisphaera"
"ASV2965","Bacteria","Firmicutes","Clostridia","Clostridiales","Clostridiaceae","Clostridium sensu stricto 1"
"ASV2966","Bacteria","Cyanobacteria","Vampirivibrionia","Gastranaerophilales",NA,NA
"ASV2967","Bacteria","Firmicutes","Clostridia","Monoglobales","Monoglobaceae","Monoglobus"
"ASV2968","Bacteria","Firmicutes","Clostridia","Lachnospirales","Lachnospiraceae",NA
"ASV2969","Bacteria","Firmicutes","Clostridia","Lachnospirales","Lachnospiraceae",NA
"ASV2970","Bacteria","Actinobacteriota","Coriobacteriia","Coriobacteriales","Eggerthellaceae","DNF00809"
"ASV2971","Bacteria","Cyanobacteria","Vampirivibrionia","Gastranaerophilales",NA,NA
"ASV2972","Bacteria","Firmicutes","Bacilli","Lactobacillales","Lactobacillaceae","Lactobacillus"
"ASV2973","Bacteria","Firmicutes","Clostridia",NA,NA,NA
"ASV2974","Bacteria","Firmicutes","Clostridia","Oscillospirales",NA,NA
"ASV2975","Bacteria","Firmicutes","Clostridia",NA,NA,NA
"ASV2977","Bacteria","Actinobacteriota","Actinobacteria","Corynebacteriales","Corynebacteriaceae","Corynebacterium"
"ASV2978","Bacteria","Bacteroidota","Bacteroidia","Bacteroidales","Muribaculaceae",NA
"ASV2979","Bacteria","Firmicutes","Bacilli","Erysipelotrichales","Erysipelotrichaceae","Merdibacter"
"ASV2980","Bacteria","Firmicutes","Clostridia","Oscillospirales","Ruminococcaceae","Fournierella"
"ASV2981","Bacteria","Firmicutes","Bacilli","RF39",NA,NA
"ASV2982","Bacteria","Firmicutes","Clostridia","Oscillospirales","Ruminococcaceae","Faecalibacterium"
"ASV2983","Bacteria","Firmicutes","Clostridia","Lachnospirales","Lachnospiraceae","Coprococcus"
"ASV2984","Bacteria","Firmicutes","Clostridia","Oscillospirales","UCG-010",NA
"ASV2985","Bacteria","Firmicutes","Bacilli","RF39",NA,NA
"ASV2986","Bacteria","Firmicutes","Bacilli","RF39",NA,NA
"ASV2987","Bacteria","Firmicutes","Clostridia","Clostridiales","Clostridiaceae","Clostridium sensu stricto 11"
"ASV2988","Bacteria","Firmicutes","Clostridia","Peptostreptococcales-Tissierellales","Family XI","Murdochiella"
"ASV2989","Bacteria","Actinobacteriota","Coriobacteriia","Coriobacteriales","Eggerthellaceae","Slackia"
"ASV2990","Bacteria","Actinobacteriota","Actinobacteria","Corynebacteriales","Corynebacteriaceae","Lawsonella"
"ASV2991","Bacteria","Firmicutes","Clostridia","Oscillospirales","Oscillospiraceae","UCG-005"
"ASV2992","Bacteria","Firmicutes","Clostridia","Peptostreptococcales-Tissierellales","Family XI","Ezakiella"
"ASV2993","Bacteria","Bacteroidota","Bacteroidia","Bacteroidales","Porphyromonadaceae","Porphyromonas"
"ASV2994","Bacteria","Firmicutes","Bacilli","RF39",NA,NA
"ASV2995","Bacteria","Actinobacteriota","Actinobacteria","Corynebacteriales","Mycobacteriaceae","Mycobacterium"
"ASV2996","Bacteria","Actinobacteriota","Actinobacteria","Micrococcales","Micrococcaceae","Kocuria"
"ASV2997","Bacteria","Bacteroidota","Bacteroidia","Bacteroidales","Rikenellaceae","Alistipes"
"ASV2998","Bacteria","Firmicutes","Clostridia","Monoglobales","Monoglobaceae","Monoglobus"
"ASV2999","Bacteria","Firmicutes","Clostridia","Lachnospirales","Defluviitaleaceae","Defluviitaleaceae UCG-011"
"ASV3000","Bacteria","Bacteroidota","Bacteroidia","Bacteroidales","Bacteroidaceae","Bacteroides"
"ASV3001","Bacteria","Firmicutes","Clostridia","Lachnospirales","Lachnospiraceae","Lachnospiraceae NK4A136 group"
"ASV3002","Bacteria","Firmicutes","Clostridia","Lachnospirales","Lachnospiraceae",NA
"ASV3004","Bacteria","Firmicutes","Clostridia","Lachnospirales","Lachnospiraceae","Blautia"
"ASV3005","Bacteria","Actinobacteriota","Actinobacteria","Micrococcales","Micrococcaceae","Rothia"
"ASV3006","Bacteria","Campylobacterota","Campylobacteria","Campylobacterales","Campylobacteraceae","Campylobacter"
"ASV3007","Bacteria","Firmicutes","Clostridia","Oscillospirales","Oscillospiraceae","Papillibacter"
"ASV3008","Bacteria","Firmicutes","Clostridia","Oscillospirales","UCG-010",NA
"ASV3009","Bacteria","Firmicutes","Clostridia","Clostridiales","Clostridiaceae","Clostridium sensu stricto 1"
"ASV3010","Bacteria","Firmicutes","Clostridia","Oscillospirales","[Eubacterium] coprostanoligenes group",NA
"ASV3011","Bacteria","Firmicutes","Clostridia","Oscillospirales","Ruminococcaceae","Negativibacillus"
"ASV3012","Bacteria","Actinobacteriota","Coriobacteriia","Coriobacteriales","Eggerthellaceae","Enterorhabdus"
"ASV3013","Bacteria","Firmicutes","Clostridia","Lachnospirales","Lachnospiraceae","[Eubacterium] xylanophilum group"
"ASV3014","Bacteria","Bacteroidota","Bacteroidia","Bacteroidales","Tannerellaceae","Parabacteroides"
"ASV3015","Bacteria","Firmicutes","Clostridia","Oscillospirales","Ruminococcaceae","CAG-352"
"ASV3016","Bacteria","Firmicutes","Clostridia","Clostridia vadinBB60 group",NA,NA
"ASV3017","Bacteria","Firmicutes","Clostridia","Christensenellales","Christensenellaceae",NA
"ASV3018","Bacteria","Actinobacteriota","Actinobacteria","Corynebacteriales","Nocardiaceae","Williamsia"
"ASV3019","Bacteria","Firmicutes","Clostridia","Lachnospirales","Lachnospiraceae","Roseburia"
"ASV3020","Bacteria","Firmicutes","Clostridia","Peptostreptococcales-Tissierellales","Family XI","Anaerococcus"
"ASV3021","Bacteria","Firmicutes","Clostridia","Lachnospirales","Lachnospiraceae",NA
"ASV3022","Bacteria","Firmicutes","Bacilli","Erysipelotrichales","Erysipelotrichaceae","Catenisphaera"
"ASV3023","Bacteria","Firmicutes","Clostridia","Oscillospirales","Hungateiclostridiaceae","Fastidiosipila"
"ASV3024","Bacteria","Firmicutes","Clostridia","Oscillospirales","Ruminococcaceae","[Eubacterium] siraeum group"
"ASV3025","Bacteria","Firmicutes","Clostridia","Oscillospirales","UCG-010",NA
"ASV3026","Bacteria","Firmicutes","Clostridia","Lachnospirales","Lachnospiraceae","[Ruminococcus] torques group"
"ASV3027","Bacteria","Bacteroidota","Bacteroidia","Bacteroidales","Marinifilaceae","Odoribacter"
"ASV3028","Bacteria","Firmicutes","Clostridia","Clostridiales","Clostridiaceae","Clostridium sensu stricto 1"
"ASV3029","Bacteria","Firmicutes","Clostridia","Clostridia vadinBB60 group",NA,NA
"ASV3030","Bacteria","Firmicutes","Clostridia","Clostridia vadinBB60 group",NA,NA
"ASV3031","Bacteria","Firmicutes","Clostridia","Oscillospirales","Oscillospiraceae","UCG-002"
"ASV3032","Bacteria","Firmicutes","Clostridia","Clostridia vadinBB60 group",NA,NA
"ASV3033","Bacteria","Firmicutes","Bacilli","RF39",NA,NA
"ASV3034","Bacteria","Proteobacteria","Alphaproteobacteria","Rhodospirillales",NA,NA
"ASV3035","Bacteria","Firmicutes","Clostridia","Lachnospirales","Lachnospiraceae","[Ruminococcus] torques group"
"ASV3036","Bacteria","Actinobacteriota","Actinobacteria","Micrococcales","Promicromonosporaceae","Cellulosimicrobium"
"ASV3037","Bacteria","Firmicutes",NA,NA,NA,NA
"ASV3038","Bacteria","Bacteroidota","Bacteroidia","Bacteroidales","Prevotellaceae","Alloprevotella"
"ASV3039","Bacteria","Firmicutes","Clostridia","Lachnospirales","Lachnospiraceae",NA
"ASV3040","Bacteria","Firmicutes","Clostridia","Oscillospirales","Ruminococcaceae","Subdoligranulum"
"ASV3041","Bacteria","Firmicutes","Clostridia","Clostridia vadinBB60 group",NA,NA
"ASV3042","Bacteria","Firmicutes","Clostridia","Lachnospirales","Lachnospiraceae",NA
"ASV3043","Bacteria","Firmicutes","Bacilli","Bacillales","Bacillaceae","Bacillus"
"ASV3044","Bacteria","Firmicutes","Clostridia","Monoglobales","Monoglobaceae","Monoglobus"
"ASV3045","Bacteria","Firmicutes","Clostridia","Lachnospirales","Lachnospiraceae",NA
"ASV3046","Bacteria","Firmicutes","Clostridia","Eubacteriales","Anaerofustaceae","Anaerofustis"
"ASV3047","Bacteria","Firmicutes","Clostridia","Oscillospirales","Ruminococcaceae",NA
"ASV3048","Bacteria","Bacteroidota","Bacteroidia","Bacteroidales","Bacteroidaceae","Bacteroides"
"ASV3049","Bacteria","Firmicutes","Clostridia","Oscillospirales","Oscillospiraceae","Colidextribacter"
"ASV3050","Bacteria","Bacteroidota","Bacteroidia","Bacteroidales","Barnesiellaceae","Barnesiella"
"ASV3051","Bacteria","Firmicutes","Clostridia","Lachnospirales","Lachnospiraceae",NA
"ASV3052","Bacteria","Firmicutes","Bacilli","RF39",NA,NA
"ASV3053","Bacteria","Proteobacteria","Gammaproteobacteria","Enterobacterales","Pasteurellaceae","Conservatibacter"
"ASV3055","Bacteria","Firmicutes","Clostridia","Clostridia vadinBB60 group",NA,NA
"ASV3056","Bacteria","Firmicutes","Clostridia","Oscillospirales","Ruminococcaceae","Paludicola"
"ASV3057","Bacteria","Fusobacteriota","Fusobacteriia","Fusobacteriales","Leptotrichiaceae","Leptotrichia"
"ASV3058","Bacteria","Firmicutes","Clostridia","Monoglobales","Monoglobaceae","Monoglobus"
"ASV3060","Bacteria","Firmicutes","Clostridia","Oscillospirales","[Eubacterium] coprostanoligenes group",NA
"ASV3061","Bacteria","Firmicutes","Clostridia","Lachnospirales","Lachnospiraceae",NA
"ASV3062","Bacteria","Firmicutes","Bacilli","Lactobacillales","Aerococcaceae","Facklamia"
"ASV3063","Bacteria","Firmicutes","Clostridia","Oscillospirales","UCG-010",NA
"ASV3064","Bacteria","Firmicutes","Clostridia","Oscillospirales","Ruminococcaceae",NA
"ASV3065","Bacteria","Firmicutes","Clostridia",NA,NA,NA
"ASV3066","Bacteria","Proteobacteria","Gammaproteobacteria","Burkholderiales","Sutterellaceae","Sutterella"
"ASV3067","Bacteria","Proteobacteria","Gammaproteobacteria",NA,NA,NA
"ASV3068","Bacteria","Firmicutes","Clostridia","Oscillospirales","UCG-010",NA
"ASV3069","Bacteria","Bacteroidota","Bacteroidia","Bacteroidales","Bacteroidaceae","Bacteroides"
"ASV3070","Bacteria","Firmicutes","Clostridia","Oscillospirales","Ruminococcaceae",NA
"ASV3071","Bacteria","Proteobacteria","Alphaproteobacteria","Rhodospirillales",NA,NA
"ASV3072","Bacteria","Verrucomicrobiota","Verrucomicrobiae","Opitutales","Puniceicoccaceae",NA
"ASV3073","Bacteria","Firmicutes","Clostridia","Peptostreptococcales-Tissierellales","Family XI","Tepidimicrobium"
"ASV3074","Bacteria","Firmicutes","Clostridia","Clostridia vadinBB60 group",NA,NA
"ASV3075","Bacteria","Firmicutes","Clostridia","Oscillospirales","Ruminococcaceae",NA
"ASV3076","Bacteria","Actinobacteriota","Coriobacteriia","Coriobacteriales","Coriobacteriales Incertae Sedis","Raoultibacter"
"ASV3077","Bacteria","Proteobacteria",NA,NA,NA,NA
"ASV3078","Bacteria","Firmicutes","Clostridia","Oscillospirales","Oscillospiraceae",NA
"ASV3079","Bacteria","Firmicutes","Clostridia","Lachnospirales","Lachnospiraceae","Lachnospiraceae UCG-010"
"ASV3080","Bacteria","Desulfobacterota","Desulfovibrionia","Desulfovibrionales","Desulfovibrionaceae","Desulfovibrio"
"ASV3081","Bacteria","Firmicutes","Clostridia","Lachnospirales","Lachnospiraceae",NA
"ASV3082","Bacteria","Firmicutes","Bacilli","Erysipelotrichales","Erysipelatoclostridiaceae","UCG-004"
"ASV3083","Bacteria","Firmicutes","Clostridia",NA,NA,NA
"ASV3084","Bacteria","Firmicutes","Clostridia","Christensenellales","Christensenellaceae",NA
"ASV3085","Bacteria","Bacteroidota","Bacteroidia","Bacteroidales","Rikenellaceae","Rikenellaceae RC9 gut group"
"ASV3086","Bacteria","Elusimicrobiota","Elusimicrobia","Elusimicrobiales","Elusimicrobiaceae","Elusimicrobium"
"ASV3087","Bacteria","Firmicutes","Clostridia","Lachnospirales","Lachnospiraceae",NA
"ASV3089","Bacteria","Firmicutes","Clostridia","Peptostreptococcales-Tissierellales","Family XI","Murdochiella"
"ASV3090","Bacteria","Firmicutes","Bacilli","Erysipelotrichales","Erysipelotrichaceae","Holdemanella"
"ASV3091","Bacteria","Firmicutes","Clostridia","Oscillospirales","Ruminococcaceae","Incertae Sedis"
"ASV3092","Bacteria","Firmicutes","Clostridia",NA,NA,NA
"ASV3093","Bacteria","Firmicutes","Clostridia","Oscillospirales","Ruminococcaceae","Candidatus Soleaferrea"
"ASV3094","Bacteria","Bacteroidota","Bacteroidia","Bacteroidales","Muribaculaceae",NA
"ASV3095","Bacteria","Verrucomicrobiota","Verrucomicrobiae","Opitutales","Puniceicoccaceae",NA
"ASV3096","Bacteria","Firmicutes","Clostridia","Christensenellales","Christensenellaceae","Catabacter"
"ASV3097","Bacteria","Cyanobacteria","Vampirivibrionia","Gastranaerophilales",NA,NA
"ASV3098","Bacteria","Firmicutes","Bacilli","Lactobacillales","Aerococcaceae","Aerococcus"
"ASV3099","Bacteria","Firmicutes","Clostridia","Clostridia vadinBB60 group",NA,NA
"ASV3100","Bacteria","Proteobacteria","Alphaproteobacteria","Caulobacterales","Caulobacteraceae","Brevundimonas"
"ASV3101","Bacteria","Firmicutes","Clostridia","Lachnospirales","Lachnospiraceae","Murimonas"
"ASV3102","Bacteria","Firmicutes","Clostridia","Christensenellales","Christensenellaceae","Christensenellaceae R-7 group"
"ASV3103","Bacteria","Firmicutes","Clostridia","Lachnospirales","Lachnospiraceae","Lachnospiraceae ND3007 group"
"ASV3104","Bacteria","Firmicutes","Clostridia","Peptostreptococcales-Tissierellales","Family XI","Anaerococcus"
"ASV3105","Bacteria","Firmicutes","Bacilli","RF39",NA,NA
"ASV3106","Bacteria","Firmicutes","Clostridia","Peptostreptococcales-Tissierellales","Family XI","Parvimonas"
"ASV3107","Bacteria","Firmicutes","Bacilli","RF39",NA,NA
"ASV3108","Bacteria","Firmicutes","Clostridia","Clostridiales","Clostridiaceae",NA
"ASV3109","Bacteria","Firmicutes","Clostridia","Peptococcales","Peptococcaceae",NA
"ASV3110","Bacteria","Bacteroidota","Bacteroidia","Bacteroidales",NA,NA
"ASV3111","Bacteria","Firmicutes","Clostridia","Peptococcales","Peptococcaceae",NA
"ASV3112","Bacteria","Firmicutes","Clostridia","Monoglobales","Monoglobaceae","Monoglobus"
"ASV3113","Bacteria","Firmicutes","Clostridia","Oscillospirales","UCG-010",NA
"ASV3114","Bacteria","Firmicutes","Clostridia","Lachnospirales","Lachnospiraceae",NA
"ASV3115","Bacteria","Actinobacteriota","Actinobacteria","Actinomycetales","Actinomycetaceae","Varibaculum"
"ASV3116","Bacteria","Bacteroidota","Bacteroidia","Bacteroidales","Prevotellaceae","Prevotellaceae UCG-001"
"ASV3117","Bacteria","Firmicutes","Clostridia","Oscillospirales","[Clostridium] methylpentosum group",NA
"ASV3118","Bacteria","Firmicutes","Bacilli","Erysipelotrichales","Erysipelatoclostridiaceae","UCG-004"
"ASV3119","Bacteria","Actinobacteriota","Coriobacteriia","Coriobacteriales","Atopobiaceae","Olsenella"
"ASV3120","Bacteria","Firmicutes","Clostridia","Lachnospirales","Lachnospiraceae","Howardella"
"ASV3121","Bacteria","Firmicutes","Clostridia","Monoglobales","Monoglobaceae","Monoglobus"
"ASV3122","Bacteria","Bacteroidota","Bacteroidia","Bacteroidales","Rikenellaceae","Rikenellaceae RC9 gut group"
"ASV3123","Bacteria","Firmicutes","Clostridia","Clostridia vadinBB60 group",NA,NA
"ASV3124","Bacteria","Firmicutes","Clostridia","Monoglobales","Monoglobaceae","Monoglobus"
"ASV3125","Bacteria","Proteobacteria","Gammaproteobacteria","Pseudomonadales","Moraxellaceae","Acinetobacter"
"ASV3126","Bacteria","Firmicutes","Clostridia","Christensenellales","Christensenellaceae","Christensenellaceae R-7 group"
"ASV3127","Bacteria","Firmicutes","Bacilli","Lactobacillales",NA,NA
"ASV3128","Bacteria","Firmicutes","Clostridia","Oscillospirales","[Clostridium] methylpentosum group",NA
"ASV3129","Bacteria","Firmicutes","Bacilli","RF39",NA,NA
"ASV3130","Bacteria","Desulfobacterota","Desulfovibrionia","Desulfovibrionales","Desulfovibrionaceae","Bilophila"
"ASV3131","Bacteria","Firmicutes","Clostridia","Oscillospirales","Oscillospiraceae","NK4A214 group"
"ASV3132","Bacteria","Fusobacteriota","Fusobacteriia","Fusobacteriales","Leptotrichiaceae","Leptotrichia"
"ASV3133","Bacteria","Firmicutes","Clostridia","Oscillospirales","Ruminococcaceae",NA
"ASV3134","Bacteria","Firmicutes","Bacilli","Lactobacillales","Aerococcaceae","Globicatella"
"ASV3135","Bacteria","Firmicutes","Clostridia","Oscillospirales","Oscillospiraceae","Oscillospira"
"ASV3136","Bacteria","Fusobacteriota","Fusobacteriia","Fusobacteriales","Leptotrichiaceae","Leptotrichia"
"ASV3137","Bacteria","Firmicutes",NA,NA,NA,NA
"ASV3138","Bacteria","Bacteroidota","Bacteroidia","Bacteroidales","Tannerellaceae","Parabacteroides"
"ASV3139","Bacteria","Firmicutes","Clostridia",NA,NA,NA
"ASV3140","Bacteria","Firmicutes","Clostridia","Lachnospirales","Lachnospiraceae",NA
"ASV3141","Bacteria","Proteobacteria","Gammaproteobacteria","Burkholderiales","Neisseriaceae","Eikenella"
"ASV3142","Bacteria",NA,NA,NA,NA,NA
"ASV3144","Bacteria","Firmicutes","Clostridia","Clostridia vadinBB60 group",NA,NA
"ASV3146","Bacteria","Firmicutes","Syntrophomonadia","Syntrophomonadales","Syntrophomonadaceae",NA
"ASV3147","Bacteria","Firmicutes","Clostridia","Oscillospirales","Oscillospiraceae","Intestinimonas"
"ASV3148","Bacteria","Firmicutes","Clostridia","Oscillospirales","Ruminococcaceae",NA
"ASV3149","Bacteria","Firmicutes","Clostridia","Clostridia UCG-014",NA,NA
"ASV3150","Bacteria","Firmicutes","Clostridia","Peptostreptococcales-Tissierellales","Family XI","Parvimonas"
"ASV3151","Bacteria","Firmicutes","Clostridia","Christensenellales","Christensenellaceae","Catabacter"
"ASV3152","Bacteria","Firmicutes","Bacilli","RF39",NA,NA
"ASV3153","Bacteria","Firmicutes","Clostridia","Lachnospirales","Lachnospiraceae","[Eubacterium] ruminantium group"
"ASV3154","Bacteria","Chloroflexi","Anaerolineae","Anaerolineales","Anaerolineaceae","Flexilinea"
"ASV3155","Bacteria","Firmicutes","Clostridia","Clostridia vadinBB60 group",NA,NA
"ASV3156","Bacteria","Bacteroidota","Bacteroidia","Bacteroidales","Prevotellaceae","Paraprevotella"
"ASV3157","Bacteria","Firmicutes","Bacilli","Erysipelotrichales","Erysipelotrichaceae","Merdibacter"
"ASV3158","Bacteria","Elusimicrobiota","Elusimicrobia","Elusimicrobiales","Elusimicrobiaceae","Elusimicrobium"
"ASV3159","Bacteria","Firmicutes","Clostridia","Lachnospirales","Lachnospiraceae",NA
"ASV3160","Bacteria","Firmicutes","Clostridia","Oscillospirales","Ruminococcaceae",NA
"ASV3161","Bacteria","Firmicutes","Clostridia","Lachnospirales","Lachnospiraceae","Catenibacillus"
"ASV3162","Bacteria","Firmicutes","Incertae Sedis","DTU014",NA,NA
"ASV3163","Bacteria","Firmicutes","Bacilli","Paenibacillales","Paenibacillaceae","Paenibacillus"
"ASV3164","Bacteria","Firmicutes","Clostridia","Oscillospirales","Oscillospiraceae",NA
"ASV3166","Bacteria","Firmicutes","Clostridia","Oscillospirales","Ruminococcaceae","Paludicola"
"ASV3167","Bacteria","Firmicutes","Clostridia","Oscillospirales","UCG-010",NA
"ASV3168","Bacteria","Firmicutes","Clostridia","Christensenellales","Christensenellaceae","Christensenellaceae R-7 group"
"ASV3169","Bacteria","Firmicutes","Clostridia","Oscillospirales","Hungateiclostridiaceae",NA
"ASV3170","Bacteria","Firmicutes","Clostridia","Peptococcales","Peptococcaceae",NA
"ASV3171","Bacteria","Firmicutes","Clostridia","Lachnospirales","Lachnospiraceae",NA
"ASV3172","Bacteria","Firmicutes","Bacilli","Bacillales","Bacillaceae",NA
"ASV3173","Bacteria","Firmicutes","Clostridia","Clostridia vadinBB60 group",NA,NA
"ASV3174","Bacteria","Actinobacteriota","Coriobacteriia","Coriobacteriales","Eggerthellaceae","Enteroscipio"
"ASV3175","Bacteria","Firmicutes","Negativicutes","Veillonellales-Selenomonadales","Veillonellaceae","Dialister"
"ASV3176","Bacteria","Firmicutes","Clostridia","Lachnospirales","Lachnospiraceae","Dorea"
"ASV3177","Bacteria","Firmicutes","Clostridia","Oscillospirales","Ruminococcaceae","Incertae Sedis"
"ASV3178","Bacteria","Firmicutes","Bacilli","Erysipelotrichales","Erysipelotrichaceae","Solobacterium"
"ASV3179","Bacteria","Firmicutes","Clostridia","Oscillospirales","[Eubacterium] coprostanoligenes group",NA
"ASV3180","Bacteria","Firmicutes","Clostridia","Peptostreptococcales-Tissierellales","Family XI","Anaerococcus"
"ASV3181","Bacteria","Proteobacteria","Gammaproteobacteria","Burkholderiales","Sutterellaceae","Sutterella"
"ASV3182","Bacteria","Firmicutes","Clostridia","Oscillospirales","Oscillospiraceae",NA
"ASV3183","Bacteria","Firmicutes","Clostridia","Clostridiales",NA,NA
"ASV3184","Bacteria","Firmicutes","Clostridia","Lachnospirales","Lachnospiraceae","Anaerostipes"
"ASV3185","Bacteria","Firmicutes","Bacilli","RF39",NA,NA
"ASV3186","Bacteria","Verrucomicrobiota","Verrucomicrobiae","Opitutales","Puniceicoccaceae",NA
"ASV3187","Bacteria","Bacteroidota","Bacteroidia","Bacteroidales","Prevotellaceae",NA
"ASV3189","Bacteria","Firmicutes","Clostridia","Oscillospirales","Oscillospiraceae","NK4A214 group"
"ASV3190","Bacteria","Firmicutes","Clostridia","Lachnospirales","Lachnospiraceae","Oribacterium"
"ASV3191","Bacteria","Firmicutes","Clostridia","Peptostreptococcales-Tissierellales","Anaerovoracaceae","Mogibacterium"
"ASV3192","Bacteria","Firmicutes","Clostridia","Oscillospirales","Oscillospiraceae",NA
"ASV3193","Bacteria","Firmicutes","Clostridia","Clostridiales","Clostridiaceae","Clostridium sensu stricto 3"
"ASV3195","Bacteria","Bacteroidota","Bacteroidia","Bacteroidales","Barnesiellaceae","Barnesiella"
"ASV3196","Bacteria","Firmicutes","Clostridia","Lachnospirales","Lachnospiraceae","[Eubacterium] ventriosum group"
"ASV3197","Bacteria","Firmicutes","Clostridia","Oscillospirales","Ruminococcaceae",NA
"ASV3198","Bacteria","Actinobacteriota","Coriobacteriia","Coriobacteriales","Coriobacteriaceae","Collinsella"
"ASV3199","Bacteria","Firmicutes","Clostridia",NA,NA,NA
"ASV3200","Bacteria","Firmicutes","Bacilli","Lactobacillales","Lactobacillaceae",NA
"ASV3201","Bacteria","Firmicutes","Clostridia","Peptostreptococcales-Tissierellales","Family XI","Gallicola"
"ASV3202","Bacteria","Firmicutes","Clostridia","Oscillospirales",NA,NA
"ASV3203","Bacteria","Proteobacteria","Gammaproteobacteria","Enterobacterales",NA,NA
"ASV3204","Bacteria","Firmicutes","Bacilli","Brevibacillales","Brevibacillaceae","Brevibacillus"
"ASV3205","Bacteria","Verrucomicrobiota","Verrucomicrobiae","Opitutales","Puniceicoccaceae",NA
"ASV3206","Bacteria","Proteobacteria","Gammaproteobacteria","Pseudomonadales","Pseudomonadaceae","Pseudomonas"
"ASV3207","Bacteria","Firmicutes","Clostridia","Lachnospirales","Defluviitaleaceae","Defluviitaleaceae UCG-011"
"ASV3208","Bacteria","Firmicutes","Bacilli","Erysipelotrichales","Erysipelatoclostridiaceae","UCG-004"
"ASV3209","Bacteria","Proteobacteria","Gammaproteobacteria","Burkholderiales","Neisseriaceae",NA
"ASV3210","Bacteria","Firmicutes","Clostridia",NA,NA,NA
"ASV3211","Bacteria","Firmicutes","Clostridia","Oscillospirales","UCG-010",NA
"ASV3212","Bacteria","Firmicutes","Clostridia","Peptostreptococcales-Tissierellales","Anaerovoracaceae","[Eubacterium] nodatum group"
"ASV3213","Bacteria","Firmicutes","Clostridia","Lachnospirales","Lachnospiraceae",NA
"ASV3214","Bacteria","Firmicutes","Clostridia","Peptostreptococcales-Tissierellales","Family XI","Anaerococcus"
"ASV3215","Bacteria","Firmicutes","Clostridia","Lachnospirales","Lachnospiraceae",NA
"ASV3216","Bacteria","Firmicutes","Bacilli","RF39",NA,NA
"ASV3217","Bacteria","Actinobacteriota","Actinobacteria","Actinomycetales","Actinomycetaceae","Trueperella"
"ASV3218","Bacteria","Firmicutes","Clostridia","Oscillospirales","Ruminococcaceae","Candidatus Soleaferrea"
"ASV3219","Bacteria","Firmicutes","Bacilli","RF39",NA,NA
"ASV3220","Bacteria","Bacteroidota","Bacteroidia","Bacteroidales","Muribaculaceae",NA
"ASV3221","Bacteria","Firmicutes","Clostridia","Oscillospirales","Butyricicoccaceae","UCG-009"
"ASV3222","Bacteria","Bacteroidota","Bacteroidia","Bacteroidales","Marinifilaceae","Butyricimonas"
"ASV3223","Bacteria","Bacteroidota","Bacteroidia","Bacteroidales","Porphyromonadaceae","Porphyromonas"
"ASV3224","Bacteria","Bacteroidota","Bacteroidia","Bacteroidales","Prevotellaceae","Prevotella_9"
"ASV3225","Bacteria","Firmicutes","Clostridia","Oscillospirales","Hungateiclostridiaceae","Fastidiosipila"
"ASV3226","Bacteria","Firmicutes","Clostridia","Oscillospirales","Oscillospiraceae","NK4A214 group"
"ASV3227","Bacteria","Actinobacteriota","Actinobacteria","Micrococcales","Brevibacteriaceae","Brevibacterium"
"ASV3228","Bacteria","Firmicutes","Clostridia","Monoglobales","Monoglobaceae","Monoglobus"
"ASV3229","Bacteria","Firmicutes","Clostridia","Peptostreptococcales-Tissierellales","Family XI","Murdochiella"
"ASV3230","Bacteria","Bacteroidota","Bacteroidia","Bacteroidales","Prevotellaceae","Prevotella"
"ASV3231","Bacteria","Actinobacteriota","Actinobacteria","Actinomycetales","Actinomycetaceae","Mobiluncus"
"ASV3232","Bacteria","Firmicutes","Clostridia","Clostridiales","Clostridiaceae","Clostridium sensu stricto 1"
"ASV3233","Bacteria","Firmicutes","Clostridia","Oscillospirales",NA,NA
"ASV3234","Bacteria","Firmicutes","Bacilli","Erysipelotrichales","Erysipelatoclostridiaceae","Catenibacterium"
"ASV3235","Bacteria","Actinobacteriota","Coriobacteriia","Coriobacteriales","Atopobiaceae","Atopobium"
"ASV3236","Bacteria","Firmicutes","Clostridia","Oscillospirales",NA,NA
"ASV3237","Bacteria","Firmicutes","Clostridia","Peptostreptococcales-Tissierellales","Anaerovoracaceae","[Eubacterium] nodatum group"
"ASV3238","Bacteria","Actinobacteriota","Actinobacteria","Corynebacteriales","Corynebacteriaceae","Corynebacterium"
"ASV3239","Bacteria","Firmicutes","Clostridia","Oscillospirales",NA,NA
"ASV3240","Bacteria","Firmicutes","Clostridia","Oscillospirales","Ruminococcaceae",NA
"ASV3241","Bacteria","Firmicutes",NA,NA,NA,NA
"ASV3242","Bacteria","Firmicutes","Clostridia","Oscillospirales","Ruminococcaceae","Candidatus Soleaferrea"
"ASV3243","Bacteria","Actinobacteriota","Coriobacteriia","Coriobacteriales","Eggerthellaceae","Cryptobacterium"
"ASV3244","Bacteria","Firmicutes","Bacilli","RF39",NA,NA
"ASV3245","Bacteria","Firmicutes","Clostridia","Peptostreptococcales-Tissierellales","Anaerovoracaceae","Mogibacterium"
"ASV3247","Bacteria","Firmicutes","Clostridia","Oscillospirales","Ruminococcaceae",NA
"ASV3248","Bacteria","Firmicutes","Clostridia","Lachnospirales","Lachnospiraceae","Oribacterium"
"ASV3249","Bacteria","Actinobacteriota","Actinobacteria","Micrococcales","Brevibacteriaceae","Brevibacterium"
"ASV3250","Bacteria","Firmicutes","Clostridia","Oscillospirales","Ruminococcaceae",NA
"ASV3251","Bacteria","Firmicutes","Clostridia","Clostridia UCG-014",NA,NA
"ASV3252","Bacteria","Bacteroidota","Bacteroidia","Bacteroidales","Marinifilaceae","Odoribacter"
"ASV3253","Bacteria","Firmicutes","Clostridia","Monoglobales","Monoglobaceae","Monoglobus"
"ASV3254","Bacteria","Firmicutes","Clostridia","Oscillospirales","Ruminococcaceae",NA
"ASV3255","Bacteria","Firmicutes","Clostridia","Christensenellales","Christensenellaceae","Christensenellaceae R-7 group"
"ASV3256","Bacteria","Verrucomicrobiota","Lentisphaeria","Victivallales","Victivallaceae",NA
"ASV3257","Bacteria","Bacteroidota","Bacteroidia","Bacteroidales","Barnesiellaceae","Coprobacter"
"ASV3258","Bacteria","Actinobacteriota","Coriobacteriia","Coriobacteriales","Eggerthellaceae","Gordonibacter"
"ASV3259","Bacteria","Firmicutes","Bacilli","Izemoplasmatales",NA,NA
"ASV3260","Bacteria","Firmicutes","Clostridia","Christensenellales","Christensenellaceae","Christensenellaceae R-7 group"
"ASV3261","Bacteria","Firmicutes","Clostridia","Lachnospirales","Lachnospiraceae","Shuttleworthia"
"ASV3262","Bacteria","Proteobacteria","Gammaproteobacteria","Burkholderiales","Oxalobacteraceae","Oxalobacter"
"ASV3263","Bacteria","Firmicutes","Clostridia","Christensenellales","Christensenellaceae","Christensenellaceae R-7 group"
"ASV3264","Bacteria","Firmicutes","Bacilli","Erysipelotrichales","Erysipelatoclostridiaceae","Catenibacterium"
"ASV3265","Bacteria","Proteobacteria","Alphaproteobacteria","Sphingomonadales","Sphingomonadaceae","Sphingomonas"
"ASV3266","Bacteria","Bacteroidota","Bacteroidia","Bacteroidales","Muribaculaceae",NA
"ASV3267","Bacteria","Firmicutes","Bacilli","Erysipelotrichales","Erysipelatoclostridiaceae","Erysipelotrichaceae UCG-003"
"ASV3268","Bacteria","Firmicutes","Clostridia","Clostridiales","Clostridiaceae","Candidatus Arthromitus"
"ASV3269","Bacteria","Firmicutes","Clostridia","Oscillospirales","Ruminococcaceae","Subdoligranulum"
"ASV3270","Bacteria","Bacteroidota","Bacteroidia","Bacteroidales","Marinifilaceae","Butyricimonas"
"ASV3271","Bacteria","Firmicutes","Clostridia","Oscillospirales","Ruminococcaceae","Faecalibacterium"
"ASV3273","Bacteria","Bacteroidota","Bacteroidia","Bacteroidales","Muribaculaceae",NA
"ASV3274","Bacteria","Firmicutes","Clostridia","Lachnospirales","Lachnospiraceae","Murimonas"
"ASV3275","Bacteria","Bacteroidota","Bacteroidia","Bacteroidales","Tannerellaceae","Parabacteroides"
"ASV3276","Bacteria","Firmicutes","Bacilli","Lactobacillales","Lactobacillaceae","Weissella"
"ASV3277","Bacteria","Firmicutes","Clostridia","Lachnospirales","Lachnospiraceae","Dorea"
"ASV3278","Bacteria","Firmicutes","Negativicutes","Veillonellales-Selenomonadales","Selenomonadaceae","Anaerovibrio"
"ASV3279","Bacteria","Firmicutes","Clostridia","Clostridiales","Clostridiaceae","Clostridium sensu stricto 1"
"ASV3280","Bacteria","Actinobacteriota","Coriobacteriia","Coriobacteriales","Eggerthellaceae","Gordonibacter"
"ASV3281","Bacteria","Firmicutes","Clostridia","Lachnospirales","Lachnospiraceae","Lachnospiraceae UCG-004"
"ASV3282","Bacteria","Bacteroidota","Bacteroidia","Bacteroidales","Bacteroidaceae","Bacteroides"
"ASV3283","Bacteria","Firmicutes","Clostridia","Lachnospirales","Lachnospiraceae","Tyzzerella"
"ASV3284","Bacteria","Actinobacteriota","Actinobacteria","Streptomycetales","Streptomycetaceae","Streptomyces"
"ASV3285","Bacteria","Elusimicrobiota","Elusimicrobia","Elusimicrobiales","Elusimicrobiaceae","Elusimicrobium"
"ASV3286","Bacteria","Firmicutes","Clostridia","Lachnospirales","Lachnospiraceae","[Ruminococcus] torques group"
"ASV3287","Bacteria","Proteobacteria","Gammaproteobacteria","Enterobacterales","Enterobacteriaceae",NA
"ASV3288","Bacteria","Firmicutes","Clostridia","Oscillospirales","Ruminococcaceae","Negativibacillus"
"ASV3289","Bacteria","Actinobacteriota","Actinobacteria","Micrococcales","Dermabacteraceae","Dermabacter"
"ASV3290","Bacteria","Firmicutes","Bacilli","RF39",NA,NA
"ASV3291","Bacteria","Actinobacteriota","Actinobacteria","Streptosporangiales","Nocardiopsaceae","Nocardiopsis"
"ASV3292","Bacteria","Proteobacteria","Gammaproteobacteria","Pseudomonadales","Moraxellaceae","Acinetobacter"
"ASV3293","Bacteria","Firmicutes","Clostridia","Clostridia vadinBB60 group",NA,NA
"ASV3294","Bacteria","Firmicutes","Clostridia","Peptostreptococcales-Tissierellales","Peptostreptococcaceae",NA
"ASV3295","Bacteria","Firmicutes","Clostridia","Peptostreptococcales-Tissierellales","Family XI","Peptoniphilus"
"ASV3296","Bacteria","Firmicutes","Clostridia","Lachnospirales","Lachnospiraceae","Dorea"
"ASV3297","Bacteria","Firmicutes","Clostridia","Peptostreptococcales-Tissierellales","Family XI","Gallicola"
"ASV3298","Bacteria","Campylobacterota","Campylobacteria","Campylobacterales","Helicobacteraceae","Helicobacter"
"ASV3299","Bacteria","Firmicutes","Clostridia","Clostridia vadinBB60 group",NA,NA
"ASV3300","Bacteria","Firmicutes","Clostridia","Peptostreptococcales-Tissierellales","Anaerovoracaceae",NA
"ASV3301","Bacteria","Bacteroidota","Bacteroidia","Bacteroidales","Marinifilaceae","Sanguibacteroides"
"ASV3302","Bacteria","Firmicutes","Clostridia","Lachnospirales","Lachnospiraceae",NA
"ASV3303","Bacteria","Actinobacteriota","Coriobacteriia","Coriobacteriales",NA,NA
"ASV3305","Bacteria","Firmicutes","Clostridia","Peptostreptococcales-Tissierellales","Family XI","W5053"
"ASV3306","Bacteria","Firmicutes","Bacilli","Erysipelotrichales","Erysipelotrichaceae","Holdemanella"
"ASV3307","Bacteria","Bacteroidota","Bacteroidia","Bacteroidales","Prevotellaceae",NA
"ASV3308","Bacteria","Firmicutes","Clostridia","Oscillospirales","Ruminococcaceae",NA
"ASV3309","Bacteria","Firmicutes","Clostridia","Lachnospirales","Lachnospiraceae",NA
"ASV3310","Bacteria","Bacteroidota","Bacteroidia","Bacteroidales","Prevotellaceae",NA
"ASV3311","Bacteria","Firmicutes","Clostridia","Oscillospirales","UCG-010",NA
"ASV3312","Bacteria","Firmicutes","Clostridia","Clostridia UCG-014",NA,NA
"ASV3313","Bacteria",NA,NA,NA,NA,NA
"ASV3314","Bacteria","Firmicutes","Clostridia","Oscillospirales","UCG-010",NA
"ASV3315","Bacteria","Firmicutes","Negativicutes","Veillonellales-Selenomonadales","Veillonellaceae","Veillonella"
"ASV3316","Bacteria","Actinobacteriota","Actinobacteria","Micrococcales","Dermabacteraceae","Brachybacterium"
"ASV3317","Bacteria","Bacteroidota","Bacteroidia","Bacteroidales","Barnesiellaceae","Coprobacter"
"ASV3318","Bacteria","Firmicutes","Clostridia","Oscillospirales","Oscillospiraceae","UCG-002"
"ASV3319","Bacteria","Bacteroidota","Bacteroidia","Bacteroidales","Muribaculaceae",NA
"ASV3320","Bacteria","Firmicutes","Clostridia","Lachnospirales","Lachnospiraceae",NA
"ASV3321","Bacteria","Bacteroidota","Bacteroidia","Bacteroidales","Rikenellaceae","Alistipes"
"ASV3322","Bacteria","Firmicutes","Clostridia","Oscillospirales","Ruminococcaceae",NA
"ASV3323","Bacteria","Desulfobacterota","Desulfovibrionia","Desulfovibrionales","Desulfovibrionaceae","Bilophila"
"ASV3324","Bacteria","Firmicutes","Bacilli","Erysipelotrichales","Erysipelotrichaceae","Holdemanella"
"ASV3325","Bacteria","Firmicutes","Clostridia","Peptostreptococcales-Tissierellales","Peptostreptococcaceae","Romboutsia"
"ASV3326","Bacteria","Bacteroidota","Bacteroidia","Bacteroidales","Bacteroidaceae","Bacteroides"
"ASV3327","Bacteria","Firmicutes","Clostridia","Peptostreptococcales-Tissierellales","Family XI","Anaerococcus"
"ASV3328","Bacteria","Firmicutes","Bacilli","Lactobacillales","Streptococcaceae","Streptococcus"
"ASV3329","Bacteria","Firmicutes","Clostridia","Lachnospirales","Lachnospiraceae","Lachnospiraceae UCG-004"
"ASV3330","Bacteria","Firmicutes","Clostridia","Oscillospirales",NA,NA
"ASV3331","Bacteria","Firmicutes","Clostridia","Peptostreptococcales-Tissierellales","Peptostreptococcaceae","Intestinibacter"
"ASV3332","Bacteria","Firmicutes","Clostridia","Peptostreptococcales-Tissierellales","Anaerovoracaceae","[Eubacterium] brachy group"
"ASV3333","Bacteria","Firmicutes","Clostridia","Lachnospirales","Defluviitaleaceae","Defluviitaleaceae UCG-011"
"ASV3334","Bacteria","Proteobacteria","Alphaproteobacteria","Rhizobiales","Rhizobiaceae",NA
"ASV3335","Bacteria","Proteobacteria","Gammaproteobacteria","Pseudomonadales","Moraxellaceae","Acinetobacter"
"ASV3336","Bacteria","Firmicutes","Negativicutes","Veillonellales-Selenomonadales","Sporomusaceae","Anaerospora"
"ASV3337","Bacteria","Firmicutes","Bacilli","Lactobacillales","Aerococcaceae","Facklamia"
"ASV3338","Bacteria","Firmicutes","Clostridia",NA,NA,NA
"ASV3339","Bacteria","Proteobacteria","Gammaproteobacteria","Cardiobacteriales","Cardiobacteriaceae","Cardiobacterium"
"ASV3340","Bacteria","Firmicutes","Clostridia","Oscillospirales",NA,NA
"ASV3341","Bacteria","Firmicutes",NA,NA,NA,NA
"ASV3342","Bacteria","Firmicutes","Clostridia","Lachnospirales","Lachnospiraceae",NA
"ASV3343","Bacteria","Actinobacteriota","Actinobacteria","Bifidobacteriales","Bifidobacteriaceae",NA
"ASV3344","Bacteria","Firmicutes","Clostridia","Lachnospirales","Lachnospiraceae","Lachnospiraceae NK4A136 group"
"ASV3346","Bacteria","Firmicutes","Clostridia","Christensenellales","Christensenellaceae","Christensenellaceae R-7 group"
"ASV3347","Bacteria","Firmicutes","Clostridia","Clostridia vadinBB60 group",NA,NA
"ASV3348","Bacteria","Firmicutes","Bacilli","Lactobacillales","Lactobacillaceae","Agrilactobacillus"
"ASV3349","Bacteria","Firmicutes","Bacilli","Paenibacillales","Paenibacillaceae","Paenibacillus"
"ASV3350","Bacteria","Proteobacteria","Alphaproteobacteria","Rhodobacterales","Rhodobacteraceae","Paracoccus"
"ASV3351","Bacteria","Firmicutes","Clostridia","Peptostreptococcales-Tissierellales","Family XI","Anaerococcus"
"ASV3352","Bacteria","Firmicutes","Clostridia","Oscillospirales","Oscillospiraceae","Colidextribacter"
"ASV3353","Bacteria","Firmicutes","Bacilli","RF39",NA,NA
"ASV3354","Bacteria","Proteobacteria","Alphaproteobacteria","Rhizobiales","Rhizobiaceae",NA
"ASV3355","Bacteria","Firmicutes","Clostridia","Lachnospirales","Lachnospiraceae","Blautia"
"ASV3356","Bacteria","Bacteroidota","Bacteroidia","Bacteroidales","Muribaculaceae",NA
"ASV3357","Bacteria","Firmicutes","Clostridia","Peptostreptococcales-Tissierellales","Family XI","Anaerococcus"
"ASV3358","Bacteria","Firmicutes","Negativicutes","Veillonellales-Selenomonadales","Veillonellaceae","Megasphaera"
"ASV3359","Bacteria","Firmicutes","Clostridia","Christensenellales","Christensenellaceae","Catabacter"
"ASV3360","Bacteria","Firmicutes","Clostridia","Oscillospirales","UCG-010",NA
"ASV3361","Bacteria","Firmicutes","Clostridia","Oscillospirales","Ruminococcaceae",NA
"ASV3362","Bacteria","Firmicutes","Clostridia","Lachnospirales","Lachnospiraceae",NA
"ASV3363","Bacteria","Firmicutes","Clostridia","Lachnospirales","Lachnospiraceae","Anaerostipes"
"ASV3364","Bacteria","Proteobacteria","Gammaproteobacteria","Pseudomonadales","Moraxellaceae","Acinetobacter"
"ASV3365","Bacteria","Firmicutes","Clostridia","Oscillospirales","Ruminococcaceae","Candidatus Soleaferrea"
"ASV3366","Bacteria","Firmicutes","Clostridia","MAT-CR-H4-C10",NA,NA
"ASV3367","Bacteria","Firmicutes","Clostridia","Oscillospirales","Ruminococcaceae","Subdoligranulum"
"ASV3368","Bacteria","Firmicutes","Clostridia","Oscillospirales","Ruminococcaceae",NA
"ASV3369","Bacteria","Bacteroidota","Bacteroidia","Bacteroidales","Prevotellaceae","Prevotella"
"ASV3370","Bacteria","Firmicutes","Clostridia","Clostridia UCG-014",NA,NA
"ASV3371","Bacteria","Firmicutes","Clostridia","Lachnospirales","Lachnospiraceae","Blautia"
"ASV3372","Bacteria",NA,NA,NA,NA,NA
"ASV3373","Bacteria","Firmicutes","Clostridia","Christensenellales","Christensenellaceae",NA
"ASV3374","Bacteria","Firmicutes","Clostridia","Clostridia UCG-014",NA,NA
"ASV3375","Bacteria","Firmicutes","Bacilli",NA,NA,NA
"ASV3376","Bacteria","Firmicutes","Clostridia","Lachnospirales","Lachnospiraceae","Anaerostipes"
"ASV3377","Bacteria","Actinobacteriota","Coriobacteriia","Coriobacteriales","Eggerthellaceae","DNF00809"
"ASV3378","Bacteria","Firmicutes","Clostridia","Lachnospirales","Lachnospiraceae","Anaerostipes"
"ASV3379","Bacteria","Firmicutes","Bacilli","Erysipelotrichales","Erysipelotrichaceae","Solobacterium"
"ASV3380","Bacteria","Firmicutes","Clostridia","Peptostreptococcales-Tissierellales",NA,NA
"ASV3381","Bacteria","Bacteroidota","Bacteroidia","Bacteroidales","Prevotellaceae",NA
"ASV3382","Bacteria","Firmicutes","Clostridia","Peptostreptococcales-Tissierellales","Anaerovoracaceae","[Eubacterium] brachy group"
"ASV3384","Bacteria","Firmicutes","Bacilli","Lactobacillales","Carnobacteriaceae","Dolosigranulum"
"ASV3385","Bacteria","Bacteroidota","Bacteroidia","Bacteroidales","Rikenellaceae","Alistipes"
"ASV3386","Bacteria","Firmicutes","Bacilli","Erysipelotrichales","Erysipelatoclostridiaceae","Erysipelotrichaceae UCG-003"
"ASV3387","Bacteria","Firmicutes","Clostridia","Oscillospirales","Ruminococcaceae",NA
"ASV3388","Bacteria","Proteobacteria","Alphaproteobacteria","Rhodospirillales",NA,NA
"ASV3389","Bacteria","Bacteroidota","Bacteroidia","Bacteroidales","Barnesiellaceae","Coprobacter"
"ASV3390","Bacteria","Firmicutes","Clostridia","Peptococcales","Peptococcaceae","Peptococcus"
"ASV3391","Bacteria","Firmicutes","Clostridia","Clostridiales","Clostridiaceae","Clostridium sensu stricto 1"
"ASV3392","Bacteria","Firmicutes","Clostridia","Peptostreptococcales-Tissierellales","Peptostreptococcaceae",NA
"ASV3393","Bacteria","Firmicutes","Bacilli","Erysipelotrichales","Erysipelatoclostridiaceae","Catenibacterium"
"ASV3394","Bacteria","Firmicutes","Bacilli","Erysipelotrichales","Erysipelatoclostridiaceae","Catenibacterium"
